<annotation>
  <folder/>
  <filename>IMG_E8994.jpg</filename>
  <database/>
  <annotation/>
  <image/>
  <size>
    <height>1315</height>
    <width>2811</width>
    <depth>3</depth>
  </size>
  <segmented/>
  <object>
    <name>mang</name>
    <pose/>
    <truncated/>
    <difficult/>
    <bndbox>
      <xmin>27.076923076923073</xmin>
      <ymin>69.61538461538458</ymin>
      <xmax>629.0</xmax>
      <ymax>450.38461538461536</ymax>
    </bndbox>
  </object>
  <object>
    <name>nge</name>
    <pose/>
    <truncated/>
    <difficult/>
    <bndbox>
      <xmin>729.0</xmin>
      <ymin>40.769230769230774</ymin>
      <xmax>1213.6153846153845</xmax>
      <ymax>498.46153846153845</ymax>
    </bndbox>
  </object>
  <object>
    <name>wo</name>
    <pose/>
    <truncated/>
    <difficult/>
    <bndbox>
      <xmin>1323.2307692307693</xmin>
      <ymin>67.69230769230768</ymin>
      <xmax>2005.923076923077</xmax>
      <ymax>540.7692307692307</ymax>
    </bndbox>
  </object>
  <object>
    <name>l</name>
    <pose/>
    <truncated/>
    <difficult/>
    <bndbox>
      <xmin>2127.076923076923</xmin>
      <ymin>119.61538461538458</ymin>
      <xmax>2717.4615384615386</xmax>
      <ymax>619.6153846153846</ymax>
    </bndbox>
  </object>
</annotation>
