<annotation>
  <folder/>
  <filename>IMG_E9051.jpg</filename>
  <database/>
  <annotation/>
  <image/>
  <size>
    <height>1085</height>
    <width>2826</width>
    <depth>3</depth>
  </size>
  <segmented/>
  <object>
    <name>je</name>
    <pose/>
    <truncated/>
    <difficult/>
    <bndbox>
      <xmin>15.846153846153847</xmin>
      <ymin>125.76923076923077</ymin>
      <xmax>433.15384615384613</xmax>
      <ymax>443.0769230769231</ymax>
    </bndbox>
  </object>
  <object>
    <name>ri</name>
    <pose/>
    <truncated/>
    <difficult/>
    <bndbox>
      <xmin>600.4615384615385</xmin>
      <ymin>79.61538461538458</ymin>
      <xmax>1131.2307692307693</xmax>
      <ymax>560.3846153846154</ymax>
    </bndbox>
  </object>
  <object>
    <name>bo</name>
    <pose/>
    <truncated/>
    <difficult/>
    <bndbox>
      <xmin>1292.7692307692307</xmin>
      <ymin>154.61538461538458</ymin>
      <xmax>1675.4615384615383</xmax>
      <ymax>493.0769230769231</ymax>
    </bndbox>
  </object>
  <object>
    <name>m</name>
    <pose/>
    <truncated/>
    <difficult/>
    <bndbox>
      <xmin>1863.923076923077</xmin>
      <ymin>179.61538461538464</ymin>
      <xmax>2344.6923076923076</xmax>
      <ymax>427.6923076923076</ymax>
    </bndbox>
  </object>
  <object>
    <name>b</name>
    <pose/>
    <truncated/>
    <difficult/>
    <bndbox>
      <xmin>2438.9230769230767</xmin>
      <ymin>210.38461538461536</ymin>
      <xmax>2796.6153846153843</xmax>
      <ymax>464.23076923076917</ymax>
    </bndbox>
  </object>
</annotation>
