<annotation>
  <folder/>
  <filename>IMG_20200523_161552.jpg</filename>
  <database/>
  <annotation/>
  <image/>
  <size>
    <height>1820</height>
    <width>1646</width>
    <depth>3</depth>
  </size>
  <segmented/>
  <object>
    <name>ja</name>
    <pose/>
    <truncated/>
    <difficult/>
    <bndbox>
      <xmin>35.57894736842104</xmin>
      <ymin>142.26315789473685</ymin>
      <xmax>346.1052631578947</xmax>
      <ymax>394.89473684210526</ymax>
    </bndbox>
  </object>
  <object>
    <name>pa</name>
    <pose/>
    <truncated/>
    <difficult/>
    <bndbox>
      <xmin>646.1052631578948</xmin>
      <ymin>34.368421052631575</ymin>
      <xmax>977.6842105263158</xmax>
      <ymax>350.1578947368421</ymax>
    </bndbox>
  </object>
  <object>
    <name>ga</name>
    <pose/>
    <truncated/>
    <difficult/>
    <bndbox>
      <xmin>1227.6842105263158</xmin>
      <ymin>110.6842105263158</ymin>
      <xmax>1596.1052631578946</xmax>
      <ymax>339.63157894736844</ymax>
    </bndbox>
  </object>
  <object>
    <name>a</name>
    <pose/>
    <truncated/>
    <difficult/>
    <bndbox>
      <xmin>56.63157894736844</xmin>
      <ymin>1084.3684210526317</ymin>
      <xmax>406.63157894736844</xmax>
      <ymax>1379.1052631578948</ymax>
    </bndbox>
  </object>
  <object>
    <name>ta</name>
    <pose/>
    <truncated/>
    <difficult/>
    <bndbox>
      <xmin>651.3684210526317</xmin>
      <ymin>1105.421052631579</ymin>
      <xmax>964.5263157894738</xmax>
      <ymax>1379.1052631578948</ymax>
    </bndbox>
  </object>
  <object>
    <name>ra</name>
    <pose/>
    <truncated/>
    <difficult/>
    <bndbox>
      <xmin>1254.0</xmin>
      <ymin>1055.421052631579</ymin>
      <xmax>1593.4736842105262</xmax>
      <ymax>1387.0</ymax>
    </bndbox>
  </object>
</annotation>
