<annotation>
  <folder/>
  <filename>IMG_E1783.jpg</filename>
  <database/>
  <annotation/>
  <image/>
  <size>
    <height>2855</height>
    <width>2330</width>
    <depth>3</depth>
  </size>
  <segmented/>
  <object>
    <name>na</name>
    <pose/>
    <truncated/>
    <difficult/>
    <bndbox>
      <xmin>31.0</xmin>
      <ymin>251.625</ymin>
      <xmax>534.125</xmax>
      <ymax>667.25</ymax>
    </bndbox>
  </object>
  <object>
    <name>sa</name>
    <pose/>
    <truncated/>
    <difficult/>
    <bndbox>
      <xmin>799.75</xmin>
      <ymin>173.5</ymin>
      <xmax>1287.25</xmax>
      <ymax>692.25</ymax>
    </bndbox>
  </object>
  <object>
    <name>ra</name>
    <pose/>
    <truncated/>
    <difficult/>
    <bndbox>
      <xmin>1512.25</xmin>
      <ymin>151.625</ymin>
      <xmax>1981.0</xmax>
      <ymax>661.0</ymax>
    </bndbox>
  </object>
  <object>
    <name>nga</name>
    <pose/>
    <truncated/>
    <difficult/>
    <bndbox>
      <xmin>268.5</xmin>
      <ymin>1667.25</ymin>
      <xmax>709.125</xmax>
      <ymax>2114.125</ymax>
    </bndbox>
  </object>
  <object>
    <name>ha</name>
    <pose/>
    <truncated/>
    <difficult/>
    <bndbox>
      <xmin>946.625</xmin>
      <ymin>1636.0</ymin>
      <xmax>1468.5</xmax>
      <ymax>2086.0</ymax>
    </bndbox>
  </object>
  <object>
    <name>ba</name>
    <pose/>
    <truncated/>
    <difficult/>
    <bndbox>
      <xmin>1699.75</xmin>
      <ymin>1639.125</ymin>
      <xmax>2177.875</xmax>
      <ymax>2086.0</ymax>
    </bndbox>
  </object>
</annotation>
