<annotation>
  <folder/>
  <filename>IMG_20200506_101118.jpg</filename>
  <database/>
  <annotation/>
  <image/>
  <size>
    <height>1546</height>
    <width>2333</width>
    <depth>3</depth>
  </size>
  <segmented/>
  <object>
    <name>se</name>
    <pose/>
    <truncated/>
    <difficult/>
    <bndbox>
      <xmin>183.33333333333334</xmin>
      <ymin>38.333333333333336</ymin>
      <xmax>428.33333333333337</xmax>
      <ymax>315.0</ymax>
    </bndbox>
  </object>
  <object>
    <name>la</name>
    <pose/>
    <truncated/>
    <difficult/>
    <bndbox>
      <xmin>788.3333333333334</xmin>
      <ymin>183.33333333333334</ymin>
      <xmax>1068.3333333333335</xmax>
      <ymax>360.0</ymax>
    </bndbox>
  </object>
  <object>
    <name>i</name>
    <pose/>
    <truncated/>
    <difficult/>
    <bndbox>
      <xmin>1443.3333333333335</xmin>
      <ymin>283.33333333333337</ymin>
      <xmax>1645.0</xmax>
      <ymax>456.6666666666667</ymax>
    </bndbox>
  </object>
  <object>
    <name>n</name>
    <pose/>
    <truncated/>
    <difficult/>
    <bndbox>
      <xmin>1875.0</xmin>
      <ymin>253.33333333333337</ymin>
      <xmax>2228.3333333333335</xmax>
      <ymax>438.33333333333337</ymax>
    </bndbox>
  </object>
  <object>
    <name>w</name>
    <pose/>
    <truncated/>
    <difficult/>
    <bndbox>
      <xmin>230.0</xmin>
      <ymin>863.3333333333334</ymin>
      <xmax>680.0</xmax>
      <ymax>1150.0</ymax>
    </bndbox>
  </object>
  <object>
    <name>j</name>
    <pose/>
    <truncated/>
    <difficult/>
    <bndbox>
      <xmin>845.0</xmin>
      <ymin>885.0</ymin>
      <xmax>1358.3333333333335</xmax>
      <ymax>1241.6666666666667</ymax>
    </bndbox>
  </object>
  <object>
    <name>g</name>
    <pose/>
    <truncated/>
    <difficult/>
    <bndbox>
      <xmin>1536.6666666666667</xmin>
      <ymin>960.0</ymin>
      <xmax>1896.6666666666667</xmax>
      <ymax>1086.6666666666667</ymax>
    </bndbox>
  </object>
</annotation>
