<annotation>
  <folder/>
  <filename>IMG_E8837.jpg</filename>
  <database/>
  <annotation/>
  <image/>
  <size>
    <height>1375</height>
    <width>3024</width>
    <depth>3</depth>
  </size>
  <segmented/>
  <object>
    <name>ge</name>
    <pose/>
    <truncated/>
    <difficult/>
    <bndbox>
      <xmin>60.07692307692308</xmin>
      <ymin>38.076923076923066</ymin>
      <xmax>475.46153846153845</xmax>
      <ymax>355.38461538461536</ymax>
    </bndbox>
  </object>
  <object>
    <name>tu</name>
    <pose/>
    <truncated/>
    <difficult/>
    <bndbox>
      <xmin>602.3846153846154</xmin>
      <ymin>43.84615384615384</ymin>
      <xmax>1037.0</xmax>
      <ymax>545.7692307692307</ymax>
    </bndbox>
  </object>
  <object>
    <name>tu</name>
    <pose/>
    <truncated/>
    <difficult/>
    <bndbox>
      <xmin>1175.4615384615383</xmin>
      <ymin>93.84615384615381</ymin>
      <xmax>1685.076923076923</xmax>
      <ymax>578.4615384615385</ymax>
    </bndbox>
  </object>
  <object>
    <name>na</name>
    <pose/>
    <truncated/>
    <difficult/>
    <bndbox>
      <xmin>1813.923076923077</xmin>
      <ymin>99.61538461538458</ymin>
      <xmax>2287.0</xmax>
      <ymax>493.8461538461538</ymax>
    </bndbox>
  </object>
  <object>
    <name>n</name>
    <pose/>
    <truncated/>
    <difficult/>
    <bndbox>
      <xmin>2362.0</xmin>
      <ymin>134.23076923076923</ymin>
      <xmax>2942.7692307692305</xmax>
      <ymax>534.2307692307692</ymax>
    </bndbox>
  </object>
</annotation>
