<annotation>
  <folder/>
  <filename>IMG_E0738.jpg</filename>
  <database/>
  <annotation/>
  <image/>
  <size>
    <height>1506</height>
    <width>3640</width>
    <depth>3</depth>
  </size>
  <segmented/>
  <object>
    <name>ma</name>
    <pose/>
    <truncated/>
    <difficult/>
    <bndbox>
      <xmin>17.906976744186046</xmin>
      <ymin>124.18604651162792</ymin>
      <xmax>466.74418604651163</xmax>
      <ymax>407.90697674418607</ymax>
    </bndbox>
  </object>
  <object>
    <name>sa</name>
    <pose/>
    <truncated/>
    <difficult/>
    <bndbox>
      <xmin>659.7674418604652</xmin>
      <ymin>149.7674418604651</ymin>
      <xmax>950.4651162790698</xmax>
      <ymax>466.04651162790697</ymax>
    </bndbox>
  </object>
  <object>
    <name>ya</name>
    <pose/>
    <truncated/>
    <difficult/>
    <bndbox>
      <xmin>1120.2325581395348</xmin>
      <ymin>193.95348837209303</ymin>
      <xmax>1548.139534883721</xmax>
      <ymax>484.65116279069764</ymax>
    </bndbox>
  </object>
  <object>
    <name>ra</name>
    <pose/>
    <truncated/>
    <difficult/>
    <bndbox>
      <xmin>1727.2093023255813</xmin>
      <ymin>217.20930232558135</ymin>
      <xmax>2050.4651162790697</xmax>
      <ymax>426.51162790697674</ymax>
    </bndbox>
  </object>
  <object>
    <name>ga</name>
    <pose/>
    <truncated/>
    <difficult/>
    <bndbox>
      <xmin>2215.5813953488373</xmin>
      <ymin>221.8604651162791</ymin>
      <xmax>2566.7441860465115</xmax>
      <ymax>493.95348837209303</ymax>
    </bndbox>
  </object>
  <object>
    <name>ta</name>
    <pose/>
    <truncated/>
    <difficult/>
    <bndbox>
      <xmin>2680.6976744186045</xmin>
      <ymin>214.88372093023258</ymin>
      <xmax>2964.4186046511627</xmax>
      <ymax>561.3953488372093</ymax>
    </bndbox>
  </object>
  <object>
    <name>na</name>
    <pose/>
    <truncated/>
    <difficult/>
    <bndbox>
      <xmin>3106.279069767442</xmin>
      <ymin>282.3255813953489</ymin>
      <xmax>3450.4651162790697</xmax>
      <ymax>552.0930232558139</ymax>
    </bndbox>
  </object>
</annotation>
