<annotation>
  <folder/>
  <filename>IMG_20200523_120044.jpg</filename>
  <database/>
  <annotation/>
  <image/>
  <size>
    <height>1212</height>
    <width>1648</width>
    <depth>3</depth>
  </size>
  <segmented/>
  <object>
    <name>ja</name>
    <pose/>
    <truncated/>
    <difficult/>
    <bndbox>
      <xmin>47.89473684210526</xmin>
      <ymin>38.473684210526315</ymin>
      <xmax>209.73684210526318</xmax>
      <ymax>217.42105263157893</ymax>
    </bndbox>
  </object>
  <object>
    <name>ta</name>
    <pose/>
    <truncated/>
    <difficult/>
    <bndbox>
      <xmin>678.1578947368421</xmin>
      <ymin>46.368421052631575</ymin>
      <xmax>875.5263157894738</xmax>
      <ymax>245.05263157894737</ymax>
    </bndbox>
  </object>
  <object>
    <name>ha</name>
    <pose/>
    <truncated/>
    <difficult/>
    <bndbox>
      <xmin>1271.578947368421</xmin>
      <ymin>70.05263157894737</ymin>
      <xmax>1515.0</xmax>
      <ymax>263.4736842105263</ymax>
    </bndbox>
  </object>
  <object>
    <name>ba</name>
    <pose/>
    <truncated/>
    <difficult/>
    <bndbox>
      <xmin>45.26315789473685</xmin>
      <ymin>659.5263157894736</ymin>
      <xmax>233.42105263157896</xmax>
      <ymax>821.3684210526316</ymax>
    </bndbox>
  </object>
  <object>
    <name>ja</name>
    <pose/>
    <truncated/>
    <difficult/>
    <bndbox>
      <xmin>721.578947368421</xmin>
      <ymin>647.6842105263158</ymin>
      <xmax>934.7368421052631</xmax>
      <ymax>889.7894736842105</ymax>
    </bndbox>
  </object>
  <object>
    <name>ga</name>
    <pose/>
    <truncated/>
    <difficult/>
    <bndbox>
      <xmin>1334.7368421052631</xmin>
      <ymin>687.1578947368421</ymin>
      <xmax>1600.5263157894738</xmax>
      <ymax>863.4736842105264</ymax>
    </bndbox>
  </object>
</annotation>
