<annotation>
  <folder/>
  <filename>IMG_E0937.jpg</filename>
  <database/>
  <annotation/>
  <image/>
  <size>
    <height>2570</height>
    <width>2692</width>
    <depth>3</depth>
  </size>
  <segmented/>
  <object>
    <name>a</name>
    <pose/>
    <truncated/>
    <difficult/>
    <bndbox>
      <xmin>63.714285714285666</xmin>
      <ymin>138.42857142857142</ymin>
      <xmax>549.4285714285713</xmax>
      <ymax>424.1428571428571</ymax>
    </bndbox>
  </object>
  <object>
    <name>ra</name>
    <pose/>
    <truncated/>
    <difficult/>
    <bndbox>
      <xmin>712.2857142857142</xmin>
      <ymin>107.0</ymin>
      <xmax>1200.8571428571427</xmax>
      <ymax>492.71428571428567</ymax>
    </bndbox>
  </object>
  <object>
    <name>na</name>
    <pose/>
    <truncated/>
    <difficult/>
    <bndbox>
      <xmin>1318.0</xmin>
      <ymin>184.1428571428571</ymin>
      <xmax>1683.7142857142853</xmax>
      <ymax>492.71428571428567</ymax>
    </bndbox>
  </object>
  <object>
    <name>ma</name>
    <pose/>
    <truncated/>
    <difficult/>
    <bndbox>
      <xmin>1783.7142857142853</xmin>
      <ymin>161.28571428571428</ymin>
      <xmax>2395.142857142857</xmax>
      <ymax>509.8571428571428</ymax>
    </bndbox>
  </object>
  <object>
    <name>sa</name>
    <pose/>
    <truncated/>
    <difficult/>
    <bndbox>
      <xmin>140.85714285714266</xmin>
      <ymin>1266.9999999999998</ymin>
      <xmax>563.7142857142856</xmax>
      <ymax>1778.4285714285713</ymax>
    </bndbox>
  </object>
  <object>
    <name>nga</name>
    <pose/>
    <truncated/>
    <difficult/>
    <bndbox>
      <xmin>909.4285714285713</xmin>
      <ymin>1361.2857142857142</ymin>
      <xmax>1232.2857142857142</xmax>
      <ymax>1726.9999999999998</ymax>
    </bndbox>
  </object>
  <object>
    <name>ta</name>
    <pose/>
    <truncated/>
    <difficult/>
    <bndbox>
      <xmin>1537.9999999999995</xmin>
      <ymin>1332.7142857142856</ymin>
      <xmax>1932.2857142857142</xmax>
      <ymax>1735.5714285714284</ymax>
    </bndbox>
  </object>
  <object>
    <name>ha</name>
    <pose/>
    <truncated/>
    <difficult/>
    <bndbox>
      <xmin>2106.5714285714284</xmin>
      <ymin>1278.4285714285713</ymin>
      <xmax>2557.9999999999995</xmax>
      <ymax>1721.2857142857142</ymax>
    </bndbox>
  </object>
</annotation>
