<annotation>
  <folder/>
  <filename>IMG_E0854.jpg</filename>
  <database/>
  <annotation/>
  <image/>
  <size>
    <height>1008</height>
    <width>2781</width>
    <depth>3</depth>
  </size>
  <segmented/>
  <object>
    <name>nga</name>
    <pose/>
    <truncated/>
    <difficult/>
    <bndbox>
      <xmin>77.07142857142857</xmin>
      <ymin>94.28571428571422</ymin>
      <xmax>332.4285714285714</xmax>
      <ymax>346.07142857142856</ymax>
    </bndbox>
  </object>
  <object>
    <name>ba</name>
    <pose/>
    <truncated/>
    <difficult/>
    <bndbox>
      <xmin>562.7857142857142</xmin>
      <ymin>181.78571428571422</ymin>
      <xmax>893.1428571428571</xmax>
      <ymax>397.8571428571428</ymax>
    </bndbox>
  </object>
  <object>
    <name>ha</name>
    <pose/>
    <truncated/>
    <difficult/>
    <bndbox>
      <xmin>1027.0714285714284</xmin>
      <ymin>190.71428571428567</ymin>
      <xmax>1332.4285714285713</xmax>
      <ymax>472.8571428571428</ymax>
    </bndbox>
  </object>
  <object>
    <name>ma</name>
    <pose/>
    <truncated/>
    <difficult/>
    <bndbox>
      <xmin>1455.642857142857</xmin>
      <ymin>217.5</ymin>
      <xmax>1809.2142857142856</xmax>
      <ymax>422.8571428571428</ymax>
    </bndbox>
  </object>
  <object>
    <name>wa</name>
    <pose/>
    <truncated/>
    <difficult/>
    <bndbox>
      <xmin>2007.4285714285713</xmin>
      <ymin>242.5</ymin>
      <xmax>2314.5714285714284</xmax>
      <ymax>458.57142857142844</ymax>
    </bndbox>
  </object>
  <object>
    <name>ra</name>
    <pose/>
    <truncated/>
    <difficult/>
    <bndbox>
      <xmin>2419.928571428571</xmin>
      <ymin>230.0</ymin>
      <xmax>2712.785714285714</xmax>
      <ymax>453.21428571428567</ymax>
    </bndbox>
  </object>
</annotation>
