<annotation>
  <folder/>
  <filename>IMG_20200504_140245.jpg</filename>
  <database/>
  <annotation/>
  <image/>
  <size>
    <height>2037</height>
    <width>2568</width>
    <depth>3</depth>
  </size>
  <segmented/>
  <object>
    <name>pi</name>
    <pose/>
    <truncated/>
    <difficult/>
    <bndbox>
      <xmin>40.44444444444446</xmin>
      <ymin>45.44444444444444</ymin>
      <xmax>576.0</xmax>
      <ymax>254.33333333333331</ymax>
    </bndbox>
  </object>
  <object>
    <name>s</name>
    <pose/>
    <truncated/>
    <difficult/>
    <bndbox>
      <xmin>762.6666666666667</xmin>
      <ymin>69.88888888888889</ymin>
      <xmax>1282.6666666666665</xmax>
      <ymax>334.3333333333333</ymax>
    </bndbox>
  </object>
  <object>
    <name>ta</name>
    <pose/>
    <truncated/>
    <difficult/>
    <bndbox>
      <xmin>1491.5555555555554</xmin>
      <ymin>109.88888888888889</ymin>
      <xmax>1793.7777777777778</xmax>
      <ymax>443.22222222222223</ymax>
    </bndbox>
  </object>
  <object>
    <name>r</name>
    <pose/>
    <truncated/>
    <difficult/>
    <bndbox>
      <xmin>2069.3333333333335</xmin>
      <ymin>227.66666666666666</ymin>
      <xmax>2518.222222222222</xmax>
      <ymax>503.2222222222222</ymax>
    </bndbox>
  </object>
  <object>
    <name>ma</name>
    <pose/>
    <truncated/>
    <difficult/>
    <bndbox>
      <xmin>4.888888888888857</xmin>
      <ymin>667.6666666666666</ymin>
      <xmax>449.33333333333326</xmax>
      <ymax>934.3333333333333</ymax>
    </bndbox>
  </object>
  <object>
    <name>ho</name>
    <pose/>
    <truncated/>
    <difficult/>
    <bndbox>
      <xmin>856.0</xmin>
      <ymin>734.3333333333334</ymin>
      <xmax>1351.5555555555554</xmax>
      <ymax>992.1111111111111</ymax>
    </bndbox>
  </object>
  <object>
    <name>a</name>
    <pose/>
    <truncated/>
    <difficult/>
    <bndbox>
      <xmin>1693.7777777777778</xmin>
      <ymin>847.6666666666666</ymin>
      <xmax>2098.222222222222</xmax>
      <ymax>1016.5555555555554</ymax>
    </bndbox>
  </object>
  <object>
    <name>te</name>
    <pose/>
    <truncated/>
    <difficult/>
    <bndbox>
      <xmin>11.555555555555543</xmin>
      <ymin>1118.7777777777778</ymin>
      <xmax>276.0</xmax>
      <ymax>1454.3333333333333</ymax>
    </bndbox>
  </object>
  <object>
    <name>sa</name>
    <pose/>
    <truncated/>
    <difficult/>
    <bndbox>
      <xmin>818.2222222222222</xmin>
      <ymin>1245.4444444444443</ymin>
      <xmax>1171.5555555555554</xmax>
      <ymax>1614.3333333333333</ymax>
    </bndbox>
  </object>
  <object>
    <name>ri</name>
    <pose/>
    <truncated/>
    <difficult/>
    <bndbox>
      <xmin>1576.0</xmin>
      <ymin>1465.4444444444443</ymin>
      <xmax>2111.5555555555557</xmax>
      <ymax>1756.5555555555554</ymax>
    </bndbox>
  </object>
</annotation>
