<annotation>
  <folder/>
  <filename>IMG_E1350.jpg</filename>
  <database/>
  <annotation/>
  <image/>
  <size>
    <height>2730</height>
    <width>2577</width>
    <depth>3</depth>
  </size>
  <segmented/>
  <object>
    <name>ja</name>
    <pose/>
    <truncated/>
    <difficult/>
    <bndbox>
      <xmin>94.87878787878776</xmin>
      <ymin>145.78787878787878</ymin>
      <xmax>664.5757575757575</xmax>
      <ymax>609.4242424242424</ymax>
    </bndbox>
  </object>
  <object>
    <name>pa</name>
    <pose/>
    <truncated/>
    <difficult/>
    <bndbox>
      <xmin>764.5757575757575</xmin>
      <ymin>248.8181818181818</ymin>
      <xmax>1152.4545454545455</xmax>
      <ymax>542.7575757575758</ymax>
    </bndbox>
  </object>
  <object>
    <name>ra</name>
    <pose/>
    <truncated/>
    <difficult/>
    <bndbox>
      <xmin>1261.5454545454545</xmin>
      <ymin>215.48484848484847</ymin>
      <xmax>1710.030303030303</xmax>
      <ymax>530.6363636363636</ymax>
    </bndbox>
  </object>
  <object>
    <name>ha</name>
    <pose/>
    <truncated/>
    <difficult/>
    <bndbox>
      <xmin>1876.6969696969695</xmin>
      <ymin>230.63636363636363</ymin>
      <xmax>2370.6363636363635</xmax>
      <ymax>600.3333333333333</ymax>
    </bndbox>
  </object>
  <object>
    <name>ga</name>
    <pose/>
    <truncated/>
    <difficult/>
    <bndbox>
      <xmin>107.0</xmin>
      <ymin>1488.2121212121212</ymin>
      <xmax>616.090909090909</xmax>
      <ymax>1870.030303030303</ymax>
    </bndbox>
  </object>
  <object>
    <name>na</name>
    <pose/>
    <truncated/>
    <difficult/>
    <bndbox>
      <xmin>843.3636363636363</xmin>
      <ymin>1597.3030303030303</ymin>
      <xmax>1297.909090909091</xmax>
      <ymax>1963.9696969696968</ymax>
    </bndbox>
  </object>
  <object>
    <name>ma</name>
    <pose/>
    <truncated/>
    <difficult/>
    <bndbox>
      <xmin>1385.7878787878785</xmin>
      <ymin>1542.7575757575758</ymin>
      <xmax>1973.6666666666665</xmax>
      <ymax>1976.090909090909</ymax>
    </bndbox>
  </object>
  <object>
    <name>ba</name>
    <pose/>
    <truncated/>
    <difficult/>
    <bndbox>
      <xmin>2113.060606060606</xmin>
      <ymin>1642.7575757575758</ymin>
      <xmax>2576</xmax>
      <ymax>1900</ymax>
    </bndbox>
  </object>
</annotation>
