<annotation>
  <folder/>
  <filename>IMG_E8760.jpg</filename>
  <database/>
  <annotation/>
  <image/>
  <size>
    <height>988</height>
    <width>3024</width>
    <depth>3</depth>
  </size>
  <segmented/>
  <object>
    <name>la</name>
    <pose/>
    <truncated/>
    <difficult/>
    <bndbox>
      <xmin>38.92307692307692</xmin>
      <ymin>13.30769230769232</ymin>
      <xmax>612.0</xmax>
      <ymax>422.9230769230769</ymax>
    </bndbox>
  </object>
  <object>
    <name>n</name>
    <pose/>
    <truncated/>
    <difficult/>
    <bndbox>
      <xmin>698.5384615384615</xmin>
      <ymin>69.07692307692304</ymin>
      <xmax>1275.4615384615383</xmax>
      <ymax>442.1538461538461</ymax>
    </bndbox>
  </object>
  <object>
    <name>ju</name>
    <pose/>
    <truncated/>
    <difficult/>
    <bndbox>
      <xmin>1394.6923076923076</xmin>
      <ymin>21.0</ymin>
      <xmax>1933.1538461538462</xmax>
      <ymax>397.9230769230769</ymax>
    </bndbox>
  </object>
  <object>
    <name>ta</name>
    <pose/>
    <truncated/>
    <difficult/>
    <bndbox>
      <xmin>1996.6153846153845</xmin>
      <ymin>7.538461538461547</ymin>
      <xmax>2433.153846153846</xmax>
      <ymax>446.0</ymax>
    </bndbox>
  </object>
  <object>
    <name>n</name>
    <pose/>
    <truncated/>
    <difficult/>
    <bndbox>
      <xmin>2537.0</xmin>
      <ymin>67.15384615384613</ymin>
      <xmax>2956.230769230769</xmax>
      <ymax>392.1538461538461</ymax>
    </bndbox>
  </object>
</annotation>
