<annotation>
  <folder/>
  <filename>IMG_E1368.jpg</filename>
  <database/>
  <annotation/>
  <image/>
  <size>
    <height>3065</height>
    <width>2702</width>
    <depth>3</depth>
  </size>
  <segmented/>
  <object>
    <name>ya</name>
    <pose/>
    <truncated/>
    <difficult/>
    <bndbox>
      <xmin>101.0</xmin>
      <ymin>191.66666666666669</ymin>
      <xmax>827.666666666667</xmax>
      <ymax>655.0</ymax>
    </bndbox>
  </object>
  <object>
    <name>a</name>
    <pose/>
    <truncated/>
    <difficult/>
    <bndbox>
      <xmin>1051.0</xmin>
      <ymin>175.0</ymin>
      <xmax>1697.666666666667</xmax>
      <ymax>611.6666666666667</ymax>
    </bndbox>
  </object>
  <object>
    <name>ja</name>
    <pose/>
    <truncated/>
    <difficult/>
    <bndbox>
      <xmin>1914.3333333333335</xmin>
      <ymin>151.66666666666669</ymin>
      <xmax>2534.3333333333335</xmax>
      <ymax>665.0</ymax>
    </bndbox>
  </object>
  <object>
    <name>ra</name>
    <pose/>
    <truncated/>
    <difficult/>
    <bndbox>
      <xmin>527.6666666666667</xmin>
      <ymin>1665.0</ymin>
      <xmax>1151.0</xmax>
      <ymax>2171.666666666667</ymax>
    </bndbox>
  </object>
  <object>
    <name>sa</name>
    <pose/>
    <truncated/>
    <difficult/>
    <bndbox>
      <xmin>1401.0</xmin>
      <ymin>1691.6666666666667</ymin>
      <xmax>2031.0</xmax>
      <ymax>2311.666666666667</ymax>
    </bndbox>
  </object>
  <object>
    <name>nga</name>
    <pose/>
    <truncated/>
    <difficult/>
    <bndbox>
      <xmin>2204.3333333333335</xmin>
      <ymin>1815.0</ymin>
      <xmax>2694.3333333333335</xmax>
      <ymax>2388.3333333333335</ymax>
    </bndbox>
  </object>
</annotation>
