<annotation>
  <folder/>
  <filename>IMG_20200523_182220.jpg</filename>
  <database/>
  <annotation/>
  <image/>
  <size>
    <height>1612</height>
    <width>1260</width>
    <depth>3</depth>
  </size>
  <segmented/>
  <object>
    <name>ra</name>
    <pose/>
    <truncated/>
    <difficult/>
    <bndbox>
      <xmin>157.20930232558146</xmin>
      <ymin>108.6046511627907</ymin>
      <xmax>308.37209302325584</xmax>
      <ymax>236.51162790697674</ymax>
    </bndbox>
  </object>
  <object>
    <name>sa</name>
    <pose/>
    <truncated/>
    <difficult/>
    <bndbox>
      <xmin>550.2325581395348</xmin>
      <ymin>117.90697674418605</ymin>
      <xmax>678.1395348837209</xmax>
      <ymax>238.8372093023256</ymax>
    </bndbox>
  </object>
  <object>
    <name>ta</name>
    <pose/>
    <truncated/>
    <difficult/>
    <bndbox>
      <xmin>924.6511627906978</xmin>
      <ymin>92.32558139534883</ymin>
      <xmax>1061.860465116279</xmax>
      <ymax>224.88372093023256</ymax>
    </bndbox>
  </object>
  <object>
    <name>da</name>
    <pose/>
    <truncated/>
    <difficult/>
    <bndbox>
      <xmin>252.5581395348837</xmin>
      <ymin>922.5581395348837</ymin>
      <xmax>408.37209302325584</xmax>
      <ymax>1048.139534883721</ymax>
    </bndbox>
  </object>
  <object>
    <name>ba</name>
    <pose/>
    <truncated/>
    <difficult/>
    <bndbox>
      <xmin>680.4651162790699</xmin>
      <ymin>945.8139534883721</ymin>
      <xmax>782.7906976744187</xmax>
      <ymax>1041.1627906976744</ymax>
    </bndbox>
  </object>
  <object>
    <name>wa</name>
    <pose/>
    <truncated/>
    <difficult/>
    <bndbox>
      <xmin>1050.2325581395348</xmin>
      <ymin>920.232558139535</ymin>
      <xmax>1189.7674418604652</xmax>
      <ymax>1055.1162790697674</ymax>
    </bndbox>
  </object>
</annotation>
