<annotation>
  <folder/>
  <filename>IMG_20200523_165726.jpg</filename>
  <database/>
  <annotation/>
  <image/>
  <size>
    <height>1371</height>
    <width>1176</width>
    <depth>3</depth>
  </size>
  <segmented/>
  <object>
    <name>wa</name>
    <pose/>
    <truncated/>
    <difficult/>
    <bndbox>
      <xmin>55.29850746268653</xmin>
      <ymin>165.65671641791045</ymin>
      <xmax>349.32835820895514</xmax>
      <ymax>344.76119402985074</ymax>
    </bndbox>
  </object>
  <object>
    <name>pa</name>
    <pose/>
    <truncated/>
    <difficult/>
    <bndbox>
      <xmin>473.2089552238806</xmin>
      <ymin>197.0</ymin>
      <xmax>706.044776119403</xmax>
      <ymax>341.77611940298505</ymax>
    </bndbox>
  </object>
  <object>
    <name>ja</name>
    <pose/>
    <truncated/>
    <difficult/>
    <bndbox>
      <xmin>822.4626865671642</xmin>
      <ymin>197.0</ymin>
      <xmax>1126.9402985074626</xmax>
      <ymax>332.820895522388</ymax>
    </bndbox>
  </object>
  <object>
    <name>da</name>
    <pose/>
    <truncated/>
    <difficult/>
    <bndbox>
      <xmin>92.61194029850742</xmin>
      <ymin>707.4477611940298</ymin>
      <xmax>371.7164179104477</xmax>
      <ymax>894.0149253731342</ymax>
    </bndbox>
  </object>
  <object>
    <name>nya</name>
    <pose/>
    <truncated/>
    <difficult/>
    <bndbox>
      <xmin>453.80597014925365</xmin>
      <ymin>737.2985074626865</ymin>
      <xmax>707.5373134328358</xmax>
      <ymax>928.3432835820895</ymax>
    </bndbox>
  </object>
  <object>
    <name>ta</name>
    <pose/>
    <truncated/>
    <difficult/>
    <bndbox>
      <xmin>838.8805970149253</xmin>
      <ymin>755.2089552238806</ymin>
      <xmax>1073.2089552238806</xmax>
      <ymax>897.0</ymax>
    </bndbox>
  </object>
</annotation>
