<annotation>
  <folder/>
  <filename>IMG_20200522_163711.jpg</filename>
  <database/>
  <annotation/>
  <image/>
  <size>
    <height>1512</height>
    <width>2664</width>
    <depth>3</depth>
  </size>
  <segmented/>
  <object>
    <name>nya</name>
    <pose/>
    <truncated/>
    <difficult/>
    <bndbox>
      <xmin>76.27118644067797</xmin>
      <ymin>28.237288135593225</ymin>
      <xmax>366.10169491525426</xmax>
      <ymax>175.6949152542373</ymax>
    </bndbox>
  </object>
  <object>
    <name>sa</name>
    <pose/>
    <truncated/>
    <difficult/>
    <bndbox>
      <xmin>1186.4406779661017</xmin>
      <ymin>33.32203389830509</ymin>
      <xmax>1347.457627118644</xmax>
      <ymax>175.6949152542373</ymax>
    </bndbox>
  </object>
  <object>
    <name>ba</name>
    <pose/>
    <truncated/>
    <difficult/>
    <bndbox>
      <xmin>2198.305084745763</xmin>
      <ymin>31.6271186440678</ymin>
      <xmax>2413.5593220338983</xmax>
      <ymax>216.3728813559322</ymax>
    </bndbox>
  </object>
  <object>
    <name>ja</name>
    <pose/>
    <truncated/>
    <difficult/>
    <bndbox>
      <xmin>157.6271186440678</xmin>
      <ymin>811.2881355932204</ymin>
      <xmax>327.11864406779665</xmax>
      <ymax>974.0</ymax>
    </bndbox>
  </object>
  <object>
    <name>ha</name>
    <pose/>
    <truncated/>
    <difficult/>
    <bndbox>
      <xmin>1313.5593220338983</xmin>
      <ymin>907.8983050847459</ymin>
      <xmax>1549.1525423728815</xmax>
      <ymax>1079.084745762712</ymax>
    </bndbox>
  </object>
  <object>
    <name>nga</name>
    <pose/>
    <truncated/>
    <difficult/>
    <bndbox>
      <xmin>2276.271186440678</xmin>
      <ymin>979.0847457627119</ymin>
      <xmax>2461.0169491525426</xmax>
      <ymax>1162.135593220339</ymax>
    </bndbox>
  </object>
</annotation>
