<annotation>
  <folder/>
  <filename>IMG_E8764.jpg</filename>
  <database/>
  <annotation/>
  <image/>
  <size>
    <height>1334</height>
    <width>2883</width>
    <depth>3</depth>
  </size>
  <segmented/>
  <object>
    <name>i</name>
    <pose/>
    <truncated/>
    <difficult/>
    <bndbox>
      <xmin>84.1111111111111</xmin>
      <ymin>80.77777777777777</ymin>
      <xmax>526.7037037037037</xmax>
      <ymax>506.7037037037037</ymax>
    </bndbox>
  </object>
  <object>
    <name>n</name>
    <pose/>
    <truncated/>
    <difficult/>
    <bndbox>
      <xmin>693.3703703703703</xmin>
      <ymin>156.7037037037037</ymin>
      <xmax>1243.3703703703702</xmax>
      <ymax>527.074074074074</ymax>
    </bndbox>
  </object>
  <object>
    <name>su</name>
    <pose/>
    <truncated/>
    <difficult/>
    <bndbox>
      <xmin>1289.6666666666665</xmin>
      <ymin>93.7407407407407</ymin>
      <xmax>1704.4814814814813</xmax>
      <ymax>497.44444444444434</ymax>
    </bndbox>
  </object>
  <object>
    <name>nyu</name>
    <pose/>
    <truncated/>
    <difficult/>
    <bndbox>
      <xmin>1798.9259259259259</xmin>
      <ymin>115.96296296296293</ymin>
      <xmax>2204.4814814814813</xmax>
      <ymax>541.8888888888888</ymax>
    </bndbox>
  </object>
  <object>
    <name>r</name>
    <pose/>
    <truncated/>
    <difficult/>
    <bndbox>
      <xmin>2354.4814814814813</xmin>
      <ymin>121.51851851851848</ymin>
      <xmax>2882</xmax>
      <ymax>467</ymax>
    </bndbox>
  </object>
</annotation>
