<annotation>
  <folder/>
  <filename>IMG_E9092.jpg</filename>
  <database/>
  <annotation/>
  <image/>
  <size>
    <height>3178</height>
    <width>2891</width>
    <depth>3</depth>
  </size>
  <segmented/>
  <object>
    <name>po</name>
    <pose/>
    <truncated/>
    <difficult/>
    <bndbox>
      <xmin>59.41379310344837</xmin>
      <ymin>82.44827586206897</ymin>
      <xmax>980.1034482758623</xmax>
      <ymax>561.7586206896552</ymax>
    </bndbox>
  </object>
  <object>
    <name>re</name>
    <pose/>
    <truncated/>
    <difficult/>
    <bndbox>
      <xmin>1000.7931034482758</xmin>
      <ymin>37.62068965517242</ymin>
      <xmax>1566.3103448275865</xmax>
      <ymax>544.5172413793103</ymax>
    </bndbox>
  </object>
  <object>
    <name>be</name>
    <pose/>
    <truncated/>
    <difficult/>
    <bndbox>
      <xmin>1683.5517241379312</xmin>
      <ymin>85.89655172413794</ymin>
      <xmax>2273.206896551724</xmax>
      <ymax>630.7241379310345</ymax>
    </bndbox>
  </object>
  <object>
    <name>r</name>
    <pose/>
    <truncated/>
    <difficult/>
    <bndbox>
      <xmin>2355.9655172413795</xmin>
      <ymin>151.41379310344828</ymin>
      <xmax>2890</xmax>
      <ymax>664</ymax>
    </bndbox>
  </object>
  <object>
    <name>yo</name>
    <pose/>
    <truncated/>
    <difficult/>
    <bndbox>
      <xmin>107.68965517241395</xmin>
      <ymin>1716.9310344827588</ymin>
      <xmax>924.9310344827588</xmax>
      <ymax>2175.551724137931</ymax>
    </bndbox>
  </object>
  <object>
    <name>u</name>
    <pose/>
    <truncated/>
    <difficult/>
    <bndbox>
      <xmin>1000.7931034482758</xmin>
      <ymin>1689.344827586207</ymin>
      <xmax>1487.0</xmax>
      <ymax>2168.6551724137935</ymax>
    </bndbox>
  </object>
  <object>
    <name>g</name>
    <pose/>
    <truncated/>
    <difficult/>
    <bndbox>
      <xmin>1824.9310344827586</xmin>
      <ymin>1689.344827586207</ymin>
      <xmax>2411.137931034483</xmax>
      <ymax>2182.4482758620693</ymax>
    </bndbox>
  </object>
</annotation>
