<annotation>
  <folder/>
  <filename>IMG_E9087.jpg</filename>
  <database/>
  <annotation/>
  <image/>
  <size>
    <height>935</height>
    <width>2930</width>
    <depth>3</depth>
  </size>
  <segmented/>
  <object>
    <name>t</name>
    <pose/>
    <truncated/>
    <difficult/>
    <bndbox>
      <xmin>23.0</xmin>
      <ymin>146.0</ymin>
      <xmax>471.0</xmax>
      <ymax>474.0</ymax>
    </bndbox>
  </object>
  <object>
    <name>ho</name>
    <pose/>
    <truncated/>
    <difficult/>
    <bndbox>
      <xmin>589.0</xmin>
      <ymin>146.0</ymin>
      <xmax>1027.0</xmax>
      <ymax>518.0</ymax>
    </bndbox>
  </object>
  <object>
    <name>se</name>
    <pose/>
    <truncated/>
    <difficult/>
    <bndbox>
      <xmin>1125.0</xmin>
      <ymin>86.0</ymin>
      <xmax>1433.0</xmax>
      <ymax>462.0</ymax>
    </bndbox>
  </object>
  <object>
    <name>te</name>
    <pose/>
    <truncated/>
    <difficult/>
    <bndbox>
      <xmin>1563.0</xmin>
      <ymin>108.0</ymin>
      <xmax>1943.0</xmax>
      <ymax>502.0</ymax>
    </bndbox>
  </object>
  <object>
    <name>m</name>
    <pose/>
    <truncated/>
    <difficult/>
    <bndbox>
      <xmin>2015.0</xmin>
      <ymin>174.0</ymin>
      <xmax>2443.0</xmax>
      <ymax>470.0</ymax>
    </bndbox>
  </object>
  <object>
    <name>po</name>
    <pose/>
    <truncated/>
    <difficult/>
    <bndbox>
      <xmin>2507.0</xmin>
      <ymin>200.0</ymin>
      <xmax>2877.0</xmax>
      <ymax>468.0</ymax>
    </bndbox>
  </object>
</annotation>
