<annotation>
  <folder/>
  <filename>IMG_20200506_144641.jpg</filename>
  <database/>
  <annotation/>
  <image/>
  <size>
    <height>1832</height>
    <width>3072</width>
    <depth>3</depth>
  </size>
  <segmented/>
  <object>
    <name>je</name>
    <pose/>
    <truncated/>
    <difficult/>
    <bndbox>
      <xmin>157.3076923076923</xmin>
      <ymin>60.025641025640994</ymin>
      <xmax>608.5897435897435</xmax>
      <ymax>357.46153846153845</ymax>
    </bndbox>
  </object>
  <object>
    <name>ri</name>
    <pose/>
    <truncated/>
    <difficult/>
    <bndbox>
      <xmin>844.4871794871794</xmin>
      <ymin>95.9230769230769</ymin>
      <xmax>1411.1538461538462</xmax>
      <ymax>498.48717948717945</ymax>
    </bndbox>
  </object>
  <object>
    <name>t</name>
    <pose/>
    <truncated/>
    <difficult/>
    <bndbox>
      <xmin>1618.8461538461538</xmin>
      <ymin>142.07692307692304</ymin>
      <xmax>1954.7435897435896</xmax>
      <ymax>398.48717948717945</ymax>
    </bndbox>
  </object>
  <object>
    <name>n</name>
    <pose/>
    <truncated/>
    <difficult/>
    <bndbox>
      <xmin>2377.8205128205127</xmin>
      <ymin>270.28205128205127</ymin>
      <xmax>2698.333333333333</xmax>
      <ymax>449.7692307692307</ymax>
    </bndbox>
  </object>
  <object>
    <name>si</name>
    <pose/>
    <truncated/>
    <difficult/>
    <bndbox>
      <xmin>116.28205128205127</xmin>
      <ymin>1144.6410256410256</ymin>
      <xmax>411.15384615384613</xmax>
      <ymax>1508.7435897435896</ymax>
    </bndbox>
  </object>
  <object>
    <name>b</name>
    <pose/>
    <truncated/>
    <difficult/>
    <bndbox>
      <xmin>836.7948717948717</xmin>
      <ymin>1165.1538461538462</ymin>
      <xmax>1488.076923076923</xmax>
      <ymax>1544.6410256410256</ymax>
    </bndbox>
  </object>
  <object>
    <name>ha</name>
    <pose/>
    <truncated/>
    <difficult/>
    <bndbox>
      <xmin>1723.974358974359</xmin>
      <ymin>1226.6923076923076</ymin>
      <xmax>2018.8461538461538</xmax>
      <ymax>1506.179487179487</ymax>
    </bndbox>
  </object>
  <object>
    <name>ba</name>
    <pose/>
    <truncated/>
    <difficult/>
    <bndbox>
      <xmin>2267.5641025641025</xmin>
      <ymin>1244.6410256410256</ymin>
      <xmax>2636.7948717948716</xmax>
      <ymax>1477.974358974359</ymax>
    </bndbox>
  </object>
</annotation>
