<annotation>
  <folder/>
  <filename>IMG_E9086.jpg</filename>
  <database/>
  <annotation/>
  <image/>
  <size>
    <height>1183</height>
    <width>3024</width>
    <depth>3</depth>
  </size>
  <segmented/>
  <object>
    <name>he</name>
    <pose/>
    <truncated/>
    <difficult/>
    <bndbox>
      <xmin>61.26530612244898</xmin>
      <ymin>20.632653061224516</ymin>
      <xmax>530.6530612244898</xmax>
      <ymax>498.1836734693878</ymax>
    </bndbox>
  </object>
  <object>
    <name>le</name>
    <pose/>
    <truncated/>
    <difficult/>
    <bndbox>
      <xmin>689.8367346938776</xmin>
      <ymin>134.9183673469388</ymin>
      <xmax>1177.591836734694</xmax>
      <ymax>579.8163265306123</ymax>
    </bndbox>
  </object>
  <object>
    <name>ba</name>
    <pose/>
    <truncated/>
    <difficult/>
    <bndbox>
      <xmin>1306.1632653061224</xmin>
      <ymin>212.46938775510205</ymin>
      <xmax>1749.0204081632653</xmax>
      <ymax>526.7551020408164</ymax>
    </bndbox>
  </object>
  <object>
    <name>to</name>
    <pose/>
    <truncated/>
    <difficult/>
    <bndbox>
      <xmin>1824.530612244898</xmin>
      <ymin>128.79591836734693</ymin>
      <xmax>2398.0</xmax>
      <ymax>549.2040816326531</ymax>
    </bndbox>
  </object>
  <object>
    <name>r</name>
    <pose/>
    <truncated/>
    <difficult/>
    <bndbox>
      <xmin>2532.6938775510203</xmin>
      <ymin>192.0612244897959</ymin>
      <xmax>2953.1020408163267</xmax>
      <ymax>530.8367346938776</ymax>
    </bndbox>
  </object>
</annotation>
