<annotation>
  <folder/>
  <filename>IMG_E0841.jpg</filename>
  <database/>
  <annotation/>
  <image/>
  <size>
    <height>2916</height>
    <width>2231</width>
    <depth>3</depth>
  </size>
  <segmented/>
  <object>
    <name>ra</name>
    <pose/>
    <truncated/>
    <difficult/>
    <bndbox>
      <xmin>83.45161290322585</xmin>
      <ymin>37.741935483870975</ymin>
      <xmax>596.3548387096773</xmax>
      <ymax>463.5483870967742</ymax>
    </bndbox>
  </object>
  <object>
    <name>pa</name>
    <pose/>
    <truncated/>
    <difficult/>
    <bndbox>
      <xmin>728.6129032258063</xmin>
      <ymin>195.80645161290323</ymin>
      <xmax>1106.032258064516</xmax>
      <ymax>411.93548387096774</ymax>
    </bndbox>
  </object>
  <object>
    <name>ma</name>
    <pose/>
    <truncated/>
    <difficult/>
    <bndbox>
      <xmin>1267.3225806451615</xmin>
      <ymin>105.48387096774195</ymin>
      <xmax>1880.2258064516132</xmax>
      <ymax>473.2258064516129</ymax>
    </bndbox>
  </object>
  <object>
    <name>ta</name>
    <pose/>
    <truncated/>
    <difficult/>
    <bndbox>
      <xmin>247.9677419354839</xmin>
      <ymin>1447.4193548387098</ymin>
      <xmax>770.5483870967741</xmax>
      <ymax>2031.2903225806454</ymax>
    </bndbox>
  </object>
  <object>
    <name>ha</name>
    <pose/>
    <truncated/>
    <difficult/>
    <bndbox>
      <xmin>1009.2580645161293</xmin>
      <ymin>1582.9032258064517</ymin>
      <xmax>1531.8387096774195</xmax>
      <ymax>2111.935483870968</ymax>
    </bndbox>
  </object>
  <object>
    <name>ga</name>
    <pose/>
    <truncated/>
    <difficult/>
    <bndbox>
      <xmin>1664.0967741935483</xmin>
      <ymin>1682.9032258064517</ymin>
      <xmax>2112.483870967742</xmax>
      <ymax>2047.4193548387098</ymax>
    </bndbox>
  </object>
</annotation>
