<annotation>
  <folder/>
  <filename>IMG_20200523_152821.jpg</filename>
  <database/>
  <annotation/>
  <image/>
  <size>
    <height>982</height>
    <width>1088</width>
    <depth>3</depth>
  </size>
  <segmented/>
  <object>
    <name>ja</name>
    <pose/>
    <truncated/>
    <difficult/>
    <bndbox>
      <xmin>118.04225352112678</xmin>
      <ymin>44.887323943661976</ymin>
      <xmax>363.11267605633805</xmax>
      <ymax>222.35211267605635</ymax>
    </bndbox>
  </object>
  <object>
    <name>a</name>
    <pose/>
    <truncated/>
    <difficult/>
    <bndbox>
      <xmin>472.9718309859155</xmin>
      <ymin>54.74647887323944</ymin>
      <xmax>687.0563380281691</xmax>
      <ymax>232.21126760563382</ymax>
    </bndbox>
  </object>
  <object>
    <name>ta</name>
    <pose/>
    <truncated/>
    <difficult/>
    <bndbox>
      <xmin>837.7605633802818</xmin>
      <ymin>60.38028169014085</ymin>
      <xmax>1043.3943661971832</xmax>
      <ymax>258.9718309859155</ymax>
    </bndbox>
  </object>
  <object>
    <name>ta</name>
    <pose/>
    <truncated/>
    <difficult/>
    <bndbox>
      <xmin>36.35211267605635</xmin>
      <ymin>568.830985915493</ymin>
      <xmax>240.5774647887324</xmax>
      <ymax>774.4647887323944</ymax>
    </bndbox>
  </object>
  <object>
    <name>sa</name>
    <pose/>
    <truncated/>
    <difficult/>
    <bndbox>
      <xmin>391.28169014084506</xmin>
      <ymin>597.0</ymin>
      <xmax>665.9295774647887</xmax>
      <ymax>805.4507042253522</ymax>
    </bndbox>
  </object>
  <object>
    <name>ra</name>
    <pose/>
    <truncated/>
    <difficult/>
    <bndbox>
      <xmin>774.3802816901409</xmin>
      <ymin>605.4507042253522</ymin>
      <xmax>947.6197183098593</xmax>
      <ymax>768.830985915493</ymax>
    </bndbox>
  </object>
</annotation>
