<annotation>
  <folder/>
  <filename>IMG_20200522_155927.jpg</filename>
  <database/>
  <annotation/>
  <image/>
  <size>
    <height>1619</height>
    <width>2670</width>
    <depth>3</depth>
  </size>
  <segmented/>
  <object>
    <name>ha</name>
    <pose/>
    <truncated/>
    <difficult/>
    <bndbox>
      <xmin>100.85964912280701</xmin>
      <ymin>29.824561403508767</ymin>
      <xmax>386.8245614035087</xmax>
      <ymax>254.38596491228068</ymax>
    </bndbox>
  </object>
  <object>
    <name>ba</name>
    <pose/>
    <truncated/>
    <difficult/>
    <bndbox>
      <xmin>1153.4912280701753</xmin>
      <ymin>57.89473684210526</ymin>
      <xmax>1383.3157894736842</xmax>
      <ymax>266.66666666666663</ymax>
    </bndbox>
  </object>
  <object>
    <name>ta</name>
    <pose/>
    <truncated/>
    <difficult/>
    <bndbox>
      <xmin>1995.59649122807</xmin>
      <ymin>70.17543859649122</ymin>
      <xmax>2290.333333333333</xmax>
      <ymax>303.50877192982455</ymax>
    </bndbox>
  </object>
  <object>
    <name>sa</name>
    <pose/>
    <truncated/>
    <difficult/>
    <bndbox>
      <xmin>102.61403508771929</xmin>
      <ymin>782.4561403508771</ymin>
      <xmax>356.99999999999994</xmax>
      <ymax>1014.0350877192982</ymax>
    </bndbox>
  </object>
  <object>
    <name>na</name>
    <pose/>
    <truncated/>
    <difficult/>
    <bndbox>
      <xmin>1193.8421052631577</xmin>
      <ymin>885.9649122807017</ymin>
      <xmax>1416.6491228070174</xmax>
      <ymax>1066.6666666666665</ymax>
    </bndbox>
  </object>
  <object>
    <name>da</name>
    <pose/>
    <truncated/>
    <difficult/>
    <bndbox>
      <xmin>2085.0701754385964</xmin>
      <ymin>985.9649122807017</ymin>
      <xmax>2323.6666666666665</xmax>
      <ymax>1201.7543859649122</ymax>
    </bndbox>
  </object>
</annotation>
