<annotation>
  <folder/>
  <filename>IMG_20200522_170542.jpg</filename>
  <database/>
  <annotation/>
  <image/>
  <size>
    <height>1934</height>
    <width>2746</width>
    <depth>3</depth>
  </size>
  <segmented/>
  <object>
    <name>ha</name>
    <pose/>
    <truncated/>
    <difficult/>
    <bndbox>
      <xmin>141.4255319148936</xmin>
      <ymin>60.46808510638297</ymin>
      <xmax>283.97872340425533</xmax>
      <ymax>211.531914893617</ymax>
    </bndbox>
  </object>
  <object>
    <name>ya</name>
    <pose/>
    <truncated/>
    <difficult/>
    <bndbox>
      <xmin>1315.8936170212764</xmin>
      <ymin>51.95744680851064</ymin>
      <xmax>1560.5744680851062</xmax>
      <ymax>254.08510638297872</ymax>
    </bndbox>
  </object>
  <object>
    <name>nga</name>
    <pose/>
    <truncated/>
    <difficult/>
    <bndbox>
      <xmin>2511.6382978723404</xmin>
      <ymin>34.93617021276595</ymin>
      <xmax>2745</xmax>
      <ymax>253</ymax>
    </bndbox>
  </object>
  <object>
    <name>ba</name>
    <pose/>
    <truncated/>
    <difficult/>
    <bndbox>
      <xmin>32.91489361702128</xmin>
      <ymin>951.9574468085106</ymin>
      <xmax>322.2765957446808</xmax>
      <ymax>1141.3191489361702</ymax>
    </bndbox>
  </object>
  <object>
    <name>da</name>
    <pose/>
    <truncated/>
    <difficult/>
    <bndbox>
      <xmin>1258.4468085106382</xmin>
      <ymin>1077.4893617021276</ymin>
      <xmax>1418.0212765957447</xmax>
      <ymax>1268.9787234042553</ymax>
    </bndbox>
  </object>
  <object>
    <name>la</name>
    <pose/>
    <truncated/>
    <difficult/>
    <bndbox>
      <xmin>2477.595744680851</xmin>
      <ymin>1062.5957446808509</ymin>
      <xmax>2718.0212765957444</xmax>
      <ymax>1273.2340425531913</ymax>
    </bndbox>
  </object>
</annotation>
