<annotation>
  <folder/>
  <filename>IMG_20200522_163728.jpg</filename>
  <database/>
  <annotation/>
  <image/>
  <size>
    <height>1822</height>
    <width>2850</width>
    <depth>3</depth>
  </size>
  <segmented/>
  <object>
    <name>da</name>
    <pose/>
    <truncated/>
    <difficult/>
    <bndbox>
      <xmin>45.0</xmin>
      <ymin>6.0</ymin>
      <xmax>295.0</xmax>
      <ymax>222.0</ymax>
    </bndbox>
  </object>
  <object>
    <name>ba</name>
    <pose/>
    <truncated/>
    <difficult/>
    <bndbox>
      <xmin>1229.0</xmin>
      <ymin>48.0</ymin>
      <xmax>1465.0</xmax>
      <ymax>228.0</ymax>
    </bndbox>
  </object>
  <object>
    <name>na</name>
    <pose/>
    <truncated/>
    <difficult/>
    <bndbox>
      <xmin>2389.0</xmin>
      <ymin>76.0</ymin>
      <xmax>2601.0</xmax>
      <ymax>216.0</ymax>
    </bndbox>
  </object>
  <object>
    <name>ta</name>
    <pose/>
    <truncated/>
    <difficult/>
    <bndbox>
      <xmin>47.0</xmin>
      <ymin>968.0</ymin>
      <xmax>213.0</xmax>
      <ymax>1196.0</ymax>
    </bndbox>
  </object>
  <object>
    <name>ha</name>
    <pose/>
    <truncated/>
    <difficult/>
    <bndbox>
      <xmin>1259.0</xmin>
      <ymin>1060.0</ymin>
      <xmax>1547.0</xmax>
      <ymax>1216.0</ymax>
    </bndbox>
  </object>
  <object>
    <name>ra</name>
    <pose/>
    <truncated/>
    <difficult/>
    <bndbox>
      <xmin>2425.0</xmin>
      <ymin>1074.0</ymin>
      <xmax>2683.0</xmax>
      <ymax>1352.0</ymax>
    </bndbox>
  </object>
</annotation>
