<annotation>
  <folder/>
  <filename>IMG_20200522_162352.jpg</filename>
  <database/>
  <annotation/>
  <image/>
  <size>
    <height>1864</height>
    <width>2588</width>
    <depth>3</depth>
  </size>
  <segmented/>
  <object>
    <name>nya</name>
    <pose/>
    <truncated/>
    <difficult/>
    <bndbox>
      <xmin>159.38775510204084</xmin>
      <ymin>13.448979591836736</ymin>
      <xmax>426.7346938775511</xmax>
      <ymax>244.06122448979593</ymax>
    </bndbox>
  </object>
  <object>
    <name>da</name>
    <pose/>
    <truncated/>
    <difficult/>
    <bndbox>
      <xmin>1067.5510204081634</xmin>
      <ymin>76.71428571428572</ymin>
      <xmax>1318.5714285714287</xmax>
      <ymax>270.59183673469386</ymax>
    </bndbox>
  </object>
  <object>
    <name>ja</name>
    <pose/>
    <truncated/>
    <difficult/>
    <bndbox>
      <xmin>2043.0612244897961</xmin>
      <ymin>174.67346938775512</ymin>
      <xmax>2228.7755102040815</xmax>
      <ymax>368.55102040816325</ymax>
    </bndbox>
  </object>
  <object>
    <name>na</name>
    <pose/>
    <truncated/>
    <difficult/>
    <bndbox>
      <xmin>98.16326530612247</xmin>
      <ymin>923.6530612244898</ymin>
      <xmax>306.32653061224494</xmax>
      <ymax>1068.5510204081634</ymax>
    </bndbox>
  </object>
  <object>
    <name>ga</name>
    <pose/>
    <truncated/>
    <difficult/>
    <bndbox>
      <xmin>1079.795918367347</xmin>
      <ymin>966.5102040816327</ymin>
      <xmax>1302.2448979591836</xmax>
      <ymax>1197.1224489795918</ymax>
    </bndbox>
  </object>
  <object>
    <name>sa</name>
    <pose/>
    <truncated/>
    <difficult/>
    <bndbox>
      <xmin>2022.6530612244896</xmin>
      <ymin>1058.3469387755101</ymin>
      <xmax>2200.204081632653</xmax>
      <ymax>1233.857142857143</ymax>
    </bndbox>
  </object>
</annotation>
