<annotation>
  <folder/>
  <filename>IMG_20200523_123014.jpg</filename>
  <database/>
  <annotation/>
  <image/>
  <size>
    <height>1037</height>
    <width>1890</width>
    <depth>3</depth>
  </size>
  <segmented/>
  <object>
    <name>pa</name>
    <pose/>
    <truncated/>
    <difficult/>
    <bndbox>
      <xmin>15.867469879518072</xmin>
      <ymin>55.77108433734939</ymin>
      <xmax>205.02409638554215</xmax>
      <ymax>185.89156626506022</ymax>
    </bndbox>
  </object>
  <object>
    <name>ra</name>
    <pose/>
    <truncated/>
    <difficult/>
    <bndbox>
      <xmin>697.7951807228915</xmin>
      <ymin>49.74698795180723</ymin>
      <xmax>921.8915662650602</xmax>
      <ymax>216.01204819277106</ymax>
    </bndbox>
  </object>
  <object>
    <name>ta</name>
    <pose/>
    <truncated/>
    <difficult/>
    <bndbox>
      <xmin>1341.168674698795</xmin>
      <ymin>48.542168674698786</ymin>
      <xmax>1595.3855421686746</xmax>
      <ymax>211.19277108433732</ymax>
    </bndbox>
  </object>
  <object>
    <name>nga</name>
    <pose/>
    <truncated/>
    <difficult/>
    <bndbox>
      <xmin>17.072289156626503</xmin>
      <ymin>481.0722891566264</ymin>
      <xmax>215.86746987951804</xmax>
      <ymax>685.8915662650602</ymax>
    </bndbox>
  </object>
  <object>
    <name>da</name>
    <pose/>
    <truncated/>
    <difficult/>
    <bndbox>
      <xmin>725.5060240963854</xmin>
      <ymin>472.6385542168674</ymin>
      <xmax>968.8795180722891</xmax>
      <ymax>666.6144578313252</ymax>
    </bndbox>
  </object>
  <object>
    <name>ba</name>
    <pose/>
    <truncated/>
    <difficult/>
    <bndbox>
      <xmin>1405.024096385542</xmin>
      <ymin>484.6867469879518</ymin>
      <xmax>1674.9036144578313</xmax>
      <ymax>706.3734939759036</ymax>
    </bndbox>
  </object>
</annotation>
