<annotation>
  <folder/>
  <filename>IMG_E9643.jpg</filename>
  <database/>
  <annotation/>
  <image/>
  <size>
    <height>3079</height>
    <width>2798</width>
    <depth>3</depth>
  </size>
  <segmented/>
  <object>
    <name>a</name>
    <pose/>
    <truncated/>
    <difficult/>
    <bndbox>
      <xmin>52.66666666666674</xmin>
      <ymin>69.66666666666667</ymin>
      <xmax>692.6666666666667</xmax>
      <ymax>566.3333333333334</ymax>
    </bndbox>
  </object>
  <object>
    <name>lo</name>
    <pose/>
    <truncated/>
    <difficult/>
    <bndbox>
      <xmin>839.3333333333335</xmin>
      <ymin>113.0</ymin>
      <xmax>1609.3333333333335</xmax>
      <ymax>609.6666666666667</ymax>
    </bndbox>
  </object>
  <object>
    <name>r</name>
    <pose/>
    <truncated/>
    <difficult/>
    <bndbox>
      <xmin>1839.3333333333335</xmin>
      <ymin>123.0</ymin>
      <xmax>2526.0</xmax>
      <ymax>686.3333333333334</ymax>
    </bndbox>
  </object>
  <object>
    <name>se</name>
    <pose/>
    <truncated/>
    <difficult/>
    <bndbox>
      <xmin>136.0</xmin>
      <ymin>1549.6666666666667</ymin>
      <xmax>716.0</xmax>
      <ymax>2179.666666666667</ymax>
    </bndbox>
  </object>
  <object>
    <name>ta</name>
    <pose/>
    <truncated/>
    <difficult/>
    <bndbox>
      <xmin>1099.3333333333335</xmin>
      <ymin>1619.6666666666667</ymin>
      <xmax>1659.3333333333335</xmax>
      <ymax>2119.666666666667</ymax>
    </bndbox>
  </object>
  <object>
    <name>r</name>
    <pose/>
    <truncated/>
    <difficult/>
    <bndbox>
      <xmin>1866.0</xmin>
      <ymin>1593.0</ymin>
      <xmax>2662.666666666667</xmax>
      <ymax>2186.3333333333335</ymax>
    </bndbox>
  </object>
</annotation>
