<annotation>
  <folder/>
  <filename>IMG_20200522_164319.jpg</filename>
  <database/>
  <annotation/>
  <image/>
  <size>
    <height>1910</height>
    <width>2356</width>
    <depth>3</depth>
  </size>
  <segmented/>
  <object>
    <name>ha</name>
    <pose/>
    <truncated/>
    <difficult/>
    <bndbox>
      <xmin>268.08333333333337</xmin>
      <ymin>81.5</ymin>
      <xmax>528.5</xmax>
      <ymax>264.83333333333337</ymax>
    </bndbox>
  </object>
  <object>
    <name>da</name>
    <pose/>
    <truncated/>
    <difficult/>
    <bndbox>
      <xmin>1253.5</xmin>
      <ymin>233.58333333333334</ymin>
      <xmax>1438.9166666666667</xmax>
      <ymax>450.25</ymax>
    </bndbox>
  </object>
  <object>
    <name>nga</name>
    <pose/>
    <truncated/>
    <difficult/>
    <bndbox>
      <xmin>2109.75</xmin>
      <ymin>327.33333333333337</ymin>
      <xmax>2284.75</xmax>
      <ymax>535.6666666666667</ymax>
    </bndbox>
  </object>
  <object>
    <name>ta</name>
    <pose/>
    <truncated/>
    <difficult/>
    <bndbox>
      <xmin>232.66666666666674</xmin>
      <ymin>923.1666666666667</ymin>
      <xmax>430.58333333333337</xmax>
      <ymax>1185.6666666666667</ymax>
    </bndbox>
  </object>
  <object>
    <name>na</name>
    <pose/>
    <truncated/>
    <difficult/>
    <bndbox>
      <xmin>1243.0833333333335</xmin>
      <ymin>1104.4166666666667</ymin>
      <xmax>1468.0833333333335</xmax>
      <ymax>1310.6666666666667</ymax>
    </bndbox>
  </object>
  <object>
    <name>sa</name>
    <pose/>
    <truncated/>
    <difficult/>
    <bndbox>
      <xmin>1932.666666666667</xmin>
      <ymin>1250.25</ymin>
      <xmax>2120.166666666667</xmax>
      <ymax>1419.0</ymax>
    </bndbox>
  </object>
</annotation>
