<annotation>
  <folder/>
  <filename>IMG_20200523_153651.jpg</filename>
  <database/>
  <annotation/>
  <image/>
  <size>
    <height>1148</height>
    <width>1106</width>
    <depth>3</depth>
  </size>
  <segmented/>
  <object>
    <name>ba</name>
    <pose/>
    <truncated/>
    <difficult/>
    <bndbox>
      <xmin>85.24590163934425</xmin>
      <ymin>62.9344262295082</ymin>
      <xmax>250.8196721311475</xmax>
      <ymax>235.0655737704918</ymax>
    </bndbox>
  </object>
  <object>
    <name>la</name>
    <pose/>
    <truncated/>
    <difficult/>
    <bndbox>
      <xmin>403.27868852459017</xmin>
      <ymin>89.16393442622952</ymin>
      <xmax>713.1147540983607</xmax>
      <ymax>302.27868852459017</ymax>
    </bndbox>
  </object>
  <object>
    <name>wa</name>
    <pose/>
    <truncated/>
    <difficult/>
    <bndbox>
      <xmin>800.0</xmin>
      <ymin>51.459016393442624</ymin>
      <xmax>1014.7540983606557</xmax>
      <ymax>258.016393442623</ymax>
    </bndbox>
  </object>
  <object>
    <name>sa</name>
    <pose/>
    <truncated/>
    <difficult/>
    <bndbox>
      <xmin>14.754098360655746</xmin>
      <ymin>535.0655737704918</ymin>
      <xmax>201.63934426229508</xmax>
      <ymax>774.4098360655738</ymax>
    </bndbox>
  </object>
  <object>
    <name>ta</name>
    <pose/>
    <truncated/>
    <difficult/>
    <bndbox>
      <xmin>513.1147540983607</xmin>
      <ymin>576.0491803278688</ymin>
      <xmax>668.8524590163935</xmax>
      <ymax>753.0983606557377</ymax>
    </bndbox>
  </object>
  <object>
    <name>nga</name>
    <pose/>
    <truncated/>
    <difficult/>
    <bndbox>
      <xmin>822.9508196721313</xmin>
      <ymin>605.5573770491803</ymin>
      <xmax>986.8852459016393</xmax>
      <ymax>762.9344262295082</ymax>
    </bndbox>
  </object>
</annotation>
