<annotation>
  <folder/>
  <filename>IMG_20200506_101520.jpg</filename>
  <database/>
  <annotation/>
  <image/>
  <size>
    <height>1612</height>
    <width>2578</width>
    <depth>3</depth>
  </size>
  <segmented/>
  <object>
    <name>pa</name>
    <pose/>
    <truncated/>
    <difficult/>
    <bndbox>
      <xmin>47.649122807017534</xmin>
      <ymin>122.08771929824559</ymin>
      <xmax>384.4912280701754</xmax>
      <ymax>243.14035087719293</ymax>
    </bndbox>
  </object>
  <object>
    <name>l</name>
    <pose/>
    <truncated/>
    <difficult/>
    <bndbox>
      <xmin>607.2982456140351</xmin>
      <ymin>120.33333333333331</ymin>
      <xmax>1052.9122807017543</xmax>
      <ymax>271.2105263157894</ymax>
    </bndbox>
  </object>
  <object>
    <name>su</name>
    <pose/>
    <truncated/>
    <difficult/>
    <bndbox>
      <xmin>1354.6666666666665</xmin>
      <ymin>129.1052631578947</ymin>
      <xmax>1579.2280701754385</xmax>
      <ymax>309.8070175438596</ymax>
    </bndbox>
  </object>
  <object>
    <name>wa</name>
    <pose/>
    <truncated/>
    <difficult/>
    <bndbox>
      <xmin>2128.3508771929824</xmin>
      <ymin>223.84210526315786</ymin>
      <xmax>2409.052631578947</xmax>
      <ymax>408.05263157894734</ymax>
    </bndbox>
  </object>
  <object>
    <name>ja</name>
    <pose/>
    <truncated/>
    <difficult/>
    <bndbox>
      <xmin>19.578947368421048</xmin>
      <ymin>801.0350877192982</ymin>
      <xmax>305.5438596491228</xmax>
      <ymax>1020.3333333333333</ymax>
    </bndbox>
  </object>
  <object>
    <name>r</name>
    <pose/>
    <truncated/>
    <difficult/>
    <bndbox>
      <xmin>730.1052631578947</xmin>
      <ymin>851.9122807017543</ymin>
      <xmax>1112.5614035087717</xmax>
      <ymax>1083.4912280701753</ymax>
    </bndbox>
  </object>
  <object>
    <name>te</name>
    <pose/>
    <truncated/>
    <difficult/>
    <bndbox>
      <xmin>1491.5087719298244</xmin>
      <ymin>890.5087719298244</ymin>
      <xmax>1714.315789473684</xmax>
      <ymax>1109.8070175438595</ymax>
    </bndbox>
  </object>
  <object>
    <name>nang</name>
    <pose/>
    <truncated/>
    <difficult/>
    <bndbox>
      <xmin>2037.1228070175434</xmin>
      <ymin>909.8070175438595</ymin>
      <xmax>2398.5263157894733</xmax>
      <ymax>1151.9122807017543</ymax>
    </bndbox>
  </object>
</annotation>
