<annotation>
  <folder/>
  <filename>IMG_E8818.jpg</filename>
  <database/>
  <annotation/>
  <image/>
  <size>
    <height>3044</height>
    <width>2829</width>
    <depth>3</depth>
  </size>
  <segmented/>
  <object>
    <name>yi</name>
    <pose/>
    <truncated/>
    <difficult/>
    <bndbox>
      <xmin>30.0</xmin>
      <ymin>89.33333333333334</ymin>
      <xmax>920.0</xmax>
      <ymax>519.3333333333334</ymax>
    </bndbox>
  </object>
  <object>
    <name>re</name>
    <pose/>
    <truncated/>
    <difficult/>
    <bndbox>
      <xmin>1076.666666666667</xmin>
      <ymin>19.333333333333336</ymin>
      <xmax>1726.666666666667</xmax>
      <ymax>666.0</ymax>
    </bndbox>
  </object>
  <object>
    <name>ng</name>
    <pose/>
    <truncated/>
    <difficult/>
    <bndbox>
      <xmin>1890</xmin>
      <ymin>0</ymin>
      <xmax>2490.0</xmax>
      <ymax>836.0</ymax>
    </bndbox>
  </object>
  <object>
    <name>nyu</name>
    <pose/>
    <truncated/>
    <difficult/>
    <bndbox>
      <xmin>140.0</xmin>
      <ymin>1642.6666666666667</ymin>
      <xmax>620.0</xmax>
      <ymax>2202.666666666667</ymax>
    </bndbox>
  </object>
  <object>
    <name>i</name>
    <pose/>
    <truncated/>
    <difficult/>
    <bndbox>
      <xmin>1250.0</xmin>
      <ymin>1646.0</ymin>
      <xmax>1870.0</xmax>
      <ymax>2169.3333333333335</ymax>
    </bndbox>
  </object>
  <object>
    <name>bi</name>
    <pose/>
    <truncated/>
    <difficult/>
    <bndbox>
      <xmin>2160.0</xmin>
      <ymin>1612.6666666666667</ymin>
      <xmax>2800.0</xmax>
      <ymax>2109.3333333333335</ymax>
    </bndbox>
  </object>
</annotation>
