<annotation>
  <folder/>
  <filename>IMG_20200522_224145.jpg</filename>
  <database/>
  <annotation/>
  <image/>
  <size>
    <height>1999</height>
    <width>2718</width>
    <depth>3</depth>
  </size>
  <segmented/>
  <object>
    <name>ja</name>
    <pose/>
    <truncated/>
    <difficult/>
    <bndbox>
      <xmin>46.65217391304344</xmin>
      <ymin>81.78260869565217</ymin>
      <xmax>359.695652173913</xmax>
      <ymax>357.8695652173913</ymax>
    </bndbox>
  </object>
  <object>
    <name>la</name>
    <pose/>
    <truncated/>
    <difficult/>
    <bndbox>
      <xmin>979.2608695652173</xmin>
      <ymin>44.826086956521735</ymin>
      <xmax>1346.6521739130435</xmax>
      <ymax>314.39130434782606</ymax>
    </bndbox>
  </object>
  <object>
    <name>wa</name>
    <pose/>
    <truncated/>
    <difficult/>
    <bndbox>
      <xmin>1948.8260869565215</xmin>
      <ymin>31.782608695652172</ymin>
      <xmax>2379.2608695652175</xmax>
      <ymax>290.4782608695652</ymax>
    </bndbox>
  </object>
  <object>
    <name>ta</name>
    <pose/>
    <truncated/>
    <difficult/>
    <bndbox>
      <xmin>48.82608695652175</xmin>
      <ymin>1003.5217391304348</ymin>
      <xmax>292.3043478260869</xmax>
      <ymax>1255.695652173913</ymax>
    </bndbox>
  </object>
  <object>
    <name>nya</name>
    <pose/>
    <truncated/>
    <difficult/>
    <bndbox>
      <xmin>844.4782608695652</xmin>
      <ymin>1070.9130434782608</ymin>
      <xmax>1218.391304347826</xmax>
      <ymax>1420.9130434782608</ymax>
    </bndbox>
  </object>
  <object>
    <name>na</name>
    <pose/>
    <truncated/>
    <difficult/>
    <bndbox>
      <xmin>1972.7391304347825</xmin>
      <ymin>1151.3478260869565</ymin>
      <xmax>2372.7391304347825</xmax>
      <ymax>1436.1304347826087</ymax>
    </bndbox>
  </object>
</annotation>
