<annotation>
  <folder/>
  <filename>IMG_E1230.jpg</filename>
  <database/>
  <annotation/>
  <image/>
  <size>
    <height>1064</height>
    <width>2892</width>
    <depth>3</depth>
  </size>
  <segmented/>
  <object>
    <name>ta</name>
    <pose/>
    <truncated/>
    <difficult/>
    <bndbox>
      <xmin>13.222222222222221</xmin>
      <ymin>85.40740740740739</ymin>
      <xmax>387.29629629629625</xmax>
      <ymax>439.1111111111111</ymax>
    </bndbox>
  </object>
  <object>
    <name>ga</name>
    <pose/>
    <truncated/>
    <difficult/>
    <bndbox>
      <xmin>492.8518518518518</xmin>
      <ymin>124.29629629629625</ymin>
      <xmax>878.037037037037</xmax>
      <ymax>470.5925925925925</ymax>
    </bndbox>
  </object>
  <object>
    <name>a</name>
    <pose/>
    <truncated/>
    <difficult/>
    <bndbox>
      <xmin>1057.6666666666665</xmin>
      <ymin>198.37037037037032</ymin>
      <xmax>1507.6666666666665</xmax>
      <ymax>466.8888888888888</ymax>
    </bndbox>
  </object>
  <object>
    <name>ha</name>
    <pose/>
    <truncated/>
    <difficult/>
    <bndbox>
      <xmin>1602.111111111111</xmin>
      <ymin>187.25925925925924</ymin>
      <xmax>1939.148148148148</xmax>
      <ymax>481.7037037037037</ymax>
    </bndbox>
  </object>
  <object>
    <name>da</name>
    <pose/>
    <truncated/>
    <difficult/>
    <bndbox>
      <xmin>2024.3333333333333</xmin>
      <ymin>194.66666666666663</ymin>
      <xmax>2385.4444444444443</xmax>
      <ymax>457.62962962962956</ymax>
    </bndbox>
  </object>
  <object>
    <name>na</name>
    <pose/>
    <truncated/>
    <difficult/>
    <bndbox>
      <xmin>2474.333333333333</xmin>
      <ymin>255.77777777777771</ymin>
      <xmax>2816.9259259259256</xmax>
      <ymax>461.33333333333326</ymax>
    </bndbox>
  </object>
</annotation>
