<annotation>
  <folder/>
  <filename>IMG_E0712.jpg</filename>
  <database/>
  <annotation/>
  <image/>
  <size>
    <height>1167</height>
    <width>3535</width>
    <depth>3</depth>
  </size>
  <segmented/>
  <object>
    <name>ha</name>
    <pose/>
    <truncated/>
    <difficult/>
    <bndbox>
      <xmin>119.9090909090909</xmin>
      <ymin>78.18181818181813</ymin>
      <xmax>517.6363636363636</xmax>
      <ymax>414.5454545454545</ymax>
    </bndbox>
  </object>
  <object>
    <name>ja</name>
    <pose/>
    <truncated/>
    <difficult/>
    <bndbox>
      <xmin>769.9090909090909</xmin>
      <ymin>73.63636363636363</ymin>
      <xmax>1244.909090909091</xmax>
      <ymax>457.72727272727275</ymax>
    </bndbox>
  </object>
  <object>
    <name>da</name>
    <pose/>
    <truncated/>
    <difficult/>
    <bndbox>
      <xmin>1429.0</xmin>
      <ymin>135.0</ymin>
      <xmax>1719.909090909091</xmax>
      <ymax>416.81818181818187</ymax>
    </bndbox>
  </object>
  <object>
    <name>na</name>
    <pose/>
    <truncated/>
    <difficult/>
    <bndbox>
      <xmin>1954.0</xmin>
      <ymin>164.5454545454545</ymin>
      <xmax>2338.090909090909</xmax>
      <ymax>439.5454545454545</ymax>
    </bndbox>
  </object>
  <object>
    <name>ba</name>
    <pose/>
    <truncated/>
    <difficult/>
    <bndbox>
      <xmin>2510.818181818182</xmin>
      <ymin>153.18181818181813</ymin>
      <xmax>2860.818181818182</xmax>
      <ymax>391.81818181818187</ymax>
    </bndbox>
  </object>
  <object>
    <name>ga</name>
    <pose/>
    <truncated/>
    <difficult/>
    <bndbox>
      <xmin>2985.818181818182</xmin>
      <ymin>178.18181818181813</ymin>
      <xmax>3335.818181818182</xmax>
      <ymax>419.0909090909091</ymax>
    </bndbox>
  </object>
</annotation>
