<annotation>
  <folder/>
  <filename>IMG_E1620.jpg</filename>
  <database/>
  <annotation/>
  <image/>
  <size>
    <height>2909</height>
    <width>2738</width>
    <depth>3</depth>
  </size>
  <segmented/>
  <object>
    <name>wa</name>
    <pose/>
    <truncated/>
    <difficult/>
    <bndbox>
      <xmin>82.61290322580635</xmin>
      <ymin>62.7741935483871</ymin>
      <xmax>666.483870967742</xmax>
      <ymax>536.9677419354839</ymax>
    </bndbox>
  </object>
  <object>
    <name>ja</name>
    <pose/>
    <truncated/>
    <difficult/>
    <bndbox>
      <xmin>953.5806451612902</xmin>
      <ymin>127.29032258064515</ymin>
      <xmax>1647.1290322580644</xmax>
      <ymax>630.516129032258</ymax>
    </bndbox>
  </object>
  <object>
    <name>ta</name>
    <pose/>
    <truncated/>
    <difficult/>
    <bndbox>
      <xmin>1892.2903225806454</xmin>
      <ymin>143.41935483870967</ymin>
      <xmax>2495.516129032258</xmax>
      <ymax>778.9032258064516</ymax>
    </bndbox>
  </object>
  <object>
    <name>ya</name>
    <pose/>
    <truncated/>
    <difficult/>
    <bndbox>
      <xmin>118.0967741935483</xmin>
      <ymin>1520.8387096774193</ymin>
      <xmax>860.0322580645161</xmax>
      <ymax>2011.1612903225807</ymax>
    </bndbox>
  </object>
  <object>
    <name>la</name>
    <pose/>
    <truncated/>
    <difficult/>
    <bndbox>
      <xmin>1182.6129032258063</xmin>
      <ymin>1585.3548387096773</ymin>
      <xmax>1711.6451612903224</xmax>
      <ymax>1949.8709677419356</ymax>
    </bndbox>
  </object>
  <object>
    <name>ha</name>
    <pose/>
    <truncated/>
    <difficult/>
    <bndbox>
      <xmin>2018.0967741935483</xmin>
      <ymin>1411.1612903225807</ymin>
      <xmax>2550.3548387096776</xmax>
      <ymax>1995.032258064516</ymax>
    </bndbox>
  </object>
</annotation>
