<annotation>
  <folder/>
  <filename>IMG_20200523_122452.jpg</filename>
  <database/>
  <annotation/>
  <image/>
  <size>
    <height>1316</height>
    <width>1962</width>
    <depth>3</depth>
  </size>
  <segmented/>
  <object>
    <name>na</name>
    <pose/>
    <truncated/>
    <difficult/>
    <bndbox>
      <xmin>74.7142857142857</xmin>
      <ymin>48.99999999999999</ymin>
      <xmax>300.4285714285714</xmax>
      <ymax>281.85714285714283</ymax>
    </bndbox>
  </object>
  <object>
    <name>nga</name>
    <pose/>
    <truncated/>
    <difficult/>
    <bndbox>
      <xmin>960.4285714285713</xmin>
      <ymin>129.0</ymin>
      <xmax>1223.2857142857142</xmax>
      <ymax>334.71428571428567</ymax>
    </bndbox>
  </object>
  <object>
    <name>da</name>
    <pose/>
    <truncated/>
    <difficult/>
    <bndbox>
      <xmin>1640.4285714285713</xmin>
      <ymin>93.28571428571428</ymin>
      <xmax>1904.7142857142856</xmax>
      <ymax>400.4285714285714</ymax>
    </bndbox>
  </object>
  <object>
    <name>ja</name>
    <pose/>
    <truncated/>
    <difficult/>
    <bndbox>
      <xmin>58.99999999999997</xmin>
      <ymin>623.2857142857142</ymin>
      <xmax>323.2857142857142</xmax>
      <ymax>837.5714285714284</ymax>
    </bndbox>
  </object>
  <object>
    <name>ba</name>
    <pose/>
    <truncated/>
    <difficult/>
    <bndbox>
      <xmin>960.4285714285713</xmin>
      <ymin>667.5714285714286</ymin>
      <xmax>1203.2857142857142</xmax>
      <ymax>876.1428571428571</ymax>
    </bndbox>
  </object>
  <object>
    <name>ha</name>
    <pose/>
    <truncated/>
    <difficult/>
    <bndbox>
      <xmin>1691.8571428571427</xmin>
      <ymin>716.1428571428571</ymin>
      <xmax>1884.7142857142856</xmax>
      <ymax>877.5714285714284</ymax>
    </bndbox>
  </object>
</annotation>
