<annotation>
  <folder/>
  <filename>IMG_20200523_150229.jpg</filename>
  <database/>
  <annotation/>
  <image/>
  <size>
    <height>1238</height>
    <width>1734</width>
    <depth>3</depth>
  </size>
  <segmented/>
  <object>
    <name>nya</name>
    <pose/>
    <truncated/>
    <difficult/>
    <bndbox>
      <xmin>43.35714285714285</xmin>
      <ymin>30.499999999999993</ymin>
      <xmax>314.7857142857143</xmax>
      <ymax>235.85714285714283</ymax>
    </bndbox>
  </object>
  <object>
    <name>nga</name>
    <pose/>
    <truncated/>
    <difficult/>
    <bndbox>
      <xmin>691.5714285714286</xmin>
      <ymin>80.49999999999999</ymin>
      <xmax>963.0</xmax>
      <ymax>325.1428571428571</ymax>
    </bndbox>
  </object>
  <object>
    <name>na</name>
    <pose/>
    <truncated/>
    <difficult/>
    <bndbox>
      <xmin>1186.2142857142856</xmin>
      <ymin>98.35714285714285</ymin>
      <xmax>1496.9285714285713</xmax>
      <ymax>307.2857142857143</ymax>
    </bndbox>
  </object>
  <object>
    <name>ra</name>
    <pose/>
    <truncated/>
    <difficult/>
    <bndbox>
      <xmin>41.571428571428555</xmin>
      <ymin>691.2142857142857</ymin>
      <xmax>312.99999999999994</xmax>
      <ymax>876.9285714285713</ymax>
    </bndbox>
  </object>
  <object>
    <name>sa</name>
    <pose/>
    <truncated/>
    <difficult/>
    <bndbox>
      <xmin>729.0714285714284</xmin>
      <ymin>678.7142857142857</ymin>
      <xmax>929.0714285714284</xmax>
      <ymax>882.2857142857142</ymax>
    </bndbox>
  </object>
  <object>
    <name>la</name>
    <pose/>
    <truncated/>
    <difficult/>
    <bndbox>
      <xmin>1321.9285714285713</xmin>
      <ymin>664.4285714285713</ymin>
      <xmax>1616.5714285714284</xmax>
      <ymax>900.1428571428571</ymax>
    </bndbox>
  </object>
</annotation>
