<annotation>
  <folder/>
  <filename>IMG_E9044.jpg</filename>
  <database/>
  <annotation/>
  <image/>
  <size>
    <height>1136</height>
    <width>3000</width>
    <depth>3</depth>
  </size>
  <segmented/>
  <object>
    <name>pi</name>
    <pose/>
    <truncated/>
    <difficult/>
    <bndbox>
      <xmin>102.3265306122449</xmin>
      <ymin>108.87755102040819</ymin>
      <xmax>541.1020408163265</xmax>
      <ymax>396.63265306122446</ymax>
    </bndbox>
  </object>
  <object>
    <name>re</name>
    <pose/>
    <truncated/>
    <difficult/>
    <bndbox>
      <xmin>700.2857142857143</xmin>
      <ymin>63.9795918367347</ymin>
      <xmax>1034.9795918367347</xmax>
      <ymax>453.7755102040817</ymax>
    </bndbox>
  </object>
  <object>
    <name>t</name>
    <pose/>
    <truncated/>
    <difficult/>
    <bndbox>
      <xmin>1292.1224489795918</xmin>
      <ymin>72.14285714285717</ymin>
      <xmax>1765.591836734694</xmax>
      <ymax>439.48979591836735</ymax>
    </bndbox>
  </object>
  <object>
    <name>ru</name>
    <pose/>
    <truncated/>
    <difficult/>
    <bndbox>
      <xmin>1859.4693877551022</xmin>
      <ymin>129.28571428571433</ymin>
      <xmax>2265.591836734694</xmax>
      <ymax>451.7346938775511</ymax>
    </bndbox>
  </object>
  <object>
    <name>g</name>
    <pose/>
    <truncated/>
    <difficult/>
    <bndbox>
      <xmin>2381.918367346939</xmin>
      <ymin>166.0204081632653</ymin>
      <xmax>2861.5102040816328</xmax>
      <ymax>441.53061224489795</ymax>
    </bndbox>
  </object>
</annotation>
