<annotation>
  <folder/>
  <filename>IMG_E0660.jpg</filename>
  <database/>
  <annotation/>
  <image/>
  <size>
    <height>2875</height>
    <width>2551</width>
    <depth>3</depth>
  </size>
  <segmented/>
  <object>
    <name>nya</name>
    <pose/>
    <truncated/>
    <difficult/>
    <bndbox>
      <xmin>88.875</xmin>
      <ymin>89.75</ymin>
      <xmax>535.75</xmax>
      <ymax>508.5</ymax>
    </bndbox>
  </object>
  <object>
    <name>ga</name>
    <pose/>
    <truncated/>
    <difficult/>
    <bndbox>
      <xmin>701.375</xmin>
      <ymin>192.875</ymin>
      <xmax>1185.75</xmax>
      <ymax>474.125</ymax>
    </bndbox>
  </object>
  <object>
    <name>ha</name>
    <pose/>
    <truncated/>
    <difficult/>
    <bndbox>
      <xmin>1348.25</xmin>
      <ymin>149.125</ymin>
      <xmax>1782.625</xmax>
      <ymax>546.0</ymax>
    </bndbox>
  </object>
  <object>
    <name>ta</name>
    <pose/>
    <truncated/>
    <difficult/>
    <bndbox>
      <xmin>1982.625</xmin>
      <ymin>155.375</ymin>
      <xmax>2348.25</xmax>
      <ymax>621.0</ymax>
    </bndbox>
  </object>
  <object>
    <name>pa</name>
    <pose/>
    <truncated/>
    <difficult/>
    <bndbox>
      <xmin>67.0</xmin>
      <ymin>1674.125</ymin>
      <xmax>485.75</xmax>
      <ymax>1905.375</ymax>
    </bndbox>
  </object>
  <object>
    <name>la</name>
    <pose/>
    <truncated/>
    <difficult/>
    <bndbox>
      <xmin>732.625</xmin>
      <ymin>1677.25</ymin>
      <xmax>1198.25</xmax>
      <ymax>1977.25</ymax>
    </bndbox>
  </object>
  <object>
    <name>ya</name>
    <pose/>
    <truncated/>
    <difficult/>
    <bndbox>
      <xmin>1413.875</xmin>
      <ymin>1696.0</ymin>
      <xmax>1967.0</xmax>
      <ymax>2011.625</ymax>
    </bndbox>
  </object>
  <object>
    <name>sa</name>
    <pose/>
    <truncated/>
    <difficult/>
    <bndbox>
      <xmin>2117.0</xmin>
      <ymin>1677.25</ymin>
      <xmax>2510.75</xmax>
      <ymax>2055.375</ymax>
    </bndbox>
  </object>
</annotation>
