<annotation>
  <folder/>
  <filename>IMG_20200504_201933.jpg</filename>
  <database/>
  <annotation/>
  <image/>
  <size>
    <height>1402</height>
    <width>1458</width>
    <depth>3</depth>
  </size>
  <segmented/>
  <object>
    <name>sa</name>
    <pose/>
    <truncated/>
    <difficult/>
    <bndbox>
      <xmin>115.60606060606057</xmin>
      <ymin>39.45454545454545</ymin>
      <xmax>239.84848484848487</xmax>
      <ymax>171.27272727272725</ymax>
    </bndbox>
  </object>
  <object>
    <name>ra</name>
    <pose/>
    <truncated/>
    <difficult/>
    <bndbox>
      <xmin>351.9696969696969</xmin>
      <ymin>59.15151515151514</ymin>
      <xmax>576.2121212121211</xmax>
      <ymax>145.5151515151515</ymax>
    </bndbox>
  </object>
  <object>
    <name>ga</name>
    <pose/>
    <truncated/>
    <difficult/>
    <bndbox>
      <xmin>698.939393939394</xmin>
      <ymin>51.57575757575757</ymin>
      <xmax>914.090909090909</xmax>
      <ymax>151.57575757575756</ymax>
    </bndbox>
  </object>
  <object>
    <name>m</name>
    <pose/>
    <truncated/>
    <difficult/>
    <bndbox>
      <xmin>986.8181818181818</xmin>
      <ymin>39.45454545454545</ymin>
      <xmax>1270.151515151515</xmax>
      <ymax>180.36363636363635</ymax>
    </bndbox>
  </object>
  <object>
    <name>do</name>
    <pose/>
    <truncated/>
    <difficult/>
    <bndbox>
      <xmin>42.878787878787875</xmin>
      <ymin>497.030303030303</ymin>
      <xmax>227.72727272727275</xmax>
      <ymax>634.9090909090909</ymax>
    </bndbox>
  </object>
  <object>
    <name>pang</name>
    <pose/>
    <truncated/>
    <difficult/>
    <bndbox>
      <xmin>356.5151515151515</xmin>
      <ymin>495.5151515151515</ymin>
      <xmax>592.8787878787879</xmax>
      <ymax>627.3333333333333</ymax>
    </bndbox>
  </object>
  <object>
    <name>hu</name>
    <pose/>
    <truncated/>
    <difficult/>
    <bndbox>
      <xmin>748.939393939394</xmin>
      <ymin>507.6363636363636</ymin>
      <xmax>935.3030303030303</xmax>
      <ymax>659.1515151515151</ymax>
    </bndbox>
  </object>
  <object>
    <name>li</name>
    <pose/>
    <truncated/>
    <difficult/>
    <bndbox>
      <xmin>1024.6969696969695</xmin>
      <ymin>507.6363636363636</ymin>
      <xmax>1276.2121212121212</xmax>
      <ymax>647.030303030303</ymax>
    </bndbox>
  </object>
  <object>
    <name>ng</name>
    <pose/>
    <truncated/>
    <difficult/>
    <bndbox>
      <xmin>32.27272727272725</xmin>
      <ymin>1037.939393939394</ymin>
      <xmax>226.21212121212113</xmax>
      <ymax>1174.3030303030303</ymax>
    </bndbox>
  </object>
</annotation>
