<annotation>
  <folder/>
  <filename>IMG_20200504_200036.jpg</filename>
  <database/>
  <annotation/>
  <image/>
  <size>
    <height>698</height>
    <width>1226</width>
    <depth>3</depth>
  </size>
  <segmented/>
  <object>
    <name>mu</name>
    <pose/>
    <truncated/>
    <difficult/>
    <bndbox>
      <xmin>30.833333333333336</xmin>
      <ymin>104.16666666666669</ymin>
      <xmax>209.16666666666669</xmax>
      <ymax>232.5</ymax>
    </bndbox>
  </object>
  <object>
    <name>la</name>
    <pose/>
    <truncated/>
    <difficult/>
    <bndbox>
      <xmin>326.6666666666667</xmin>
      <ymin>130.83333333333334</ymin>
      <xmax>505.0</xmax>
      <ymax>284.1666666666667</ymax>
    </bndbox>
  </object>
  <object>
    <name>ni</name>
    <pose/>
    <truncated/>
    <difficult/>
    <bndbox>
      <xmin>601.6666666666667</xmin>
      <ymin>165.83333333333334</ymin>
      <xmax>791.6666666666667</xmax>
      <ymax>276.6666666666667</ymax>
    </bndbox>
  </object>
  <object>
    <name>ta</name>
    <pose/>
    <truncated/>
    <difficult/>
    <bndbox>
      <xmin>67.5</xmin>
      <ymin>372.5</ymin>
      <xmax>186.66666666666669</xmax>
      <ymax>460.83333333333337</ymax>
    </bndbox>
  </object>
  <object>
    <name>no</name>
    <pose/>
    <truncated/>
    <difficult/>
    <bndbox>
      <xmin>335.83333333333337</xmin>
      <ymin>420.83333333333337</ymin>
      <xmax>549.1666666666667</xmax>
      <ymax>520.8333333333334</ymax>
    </bndbox>
  </object>
</annotation>
