<annotation>
  <folder/>
  <filename>IMG_E9291.jpg</filename>
  <database/>
  <annotation/>
  <image/>
  <size>
    <height>1213</height>
    <width>3024</width>
    <depth>3</depth>
  </size>
  <segmented/>
  <object>
    <name>le</name>
    <pose/>
    <truncated/>
    <difficult/>
    <bndbox>
      <xmin>85.75510204081633</xmin>
      <ymin>9.102040816326564</ymin>
      <xmax>549.0204081632653</xmax>
      <ymax>402.9795918367347</ymax>
    </bndbox>
  </object>
  <object>
    <name>m</name>
    <pose/>
    <truncated/>
    <difficult/>
    <bndbox>
      <xmin>687.795918367347</xmin>
      <ymin>88.69387755102042</ymin>
      <xmax>1402.0816326530612</xmax>
      <ymax>511.1428571428571</ymax>
    </bndbox>
  </object>
  <object>
    <name>po</name>
    <pose/>
    <truncated/>
    <difficult/>
    <bndbox>
      <xmin>1551.061224489796</xmin>
      <ymin>141.75510204081633</ymin>
      <xmax>2153.1020408163267</xmax>
      <ymax>558.0816326530612</ymax>
    </bndbox>
  </object>
  <object>
    <name>t</name>
    <pose/>
    <truncated/>
    <difficult/>
    <bndbox>
      <xmin>2302.081632653061</xmin>
      <ymin>145.8367346938776</ymin>
      <xmax>2855.1428571428573</xmax>
      <ymax>580.530612244898</ymax>
    </bndbox>
  </object>
</annotation>
