<annotation>
  <folder/>
  <filename>IMG_E1387.jpg</filename>
  <database/>
  <annotation/>
  <image/>
  <size>
    <height>2439</height>
    <width>2568</width>
    <depth>3</depth>
  </size>
  <segmented/>
  <object>
    <name>ma</name>
    <pose/>
    <truncated/>
    <difficult/>
    <bndbox>
      <xmin>112.51351351351354</xmin>
      <ymin>29.756756756756758</ymin>
      <xmax>644.945945945946</xmax>
      <ymax>362.1891891891892</ymax>
    </bndbox>
  </object>
  <object>
    <name>wa</name>
    <pose/>
    <truncated/>
    <difficult/>
    <bndbox>
      <xmin>766.5675675675675</xmin>
      <ymin>121.64864864864865</ymin>
      <xmax>1209.8108108108108</xmax>
      <ymax>416.2432432432432</ymax>
    </bndbox>
  </object>
  <object>
    <name>ja</name>
    <pose/>
    <truncated/>
    <difficult/>
    <bndbox>
      <xmin>1339.5405405405406</xmin>
      <ymin>73.0</ymin>
      <xmax>1780.0810810810813</xmax>
      <ymax>454.0810810810811</ymax>
    </bndbox>
  </object>
  <object>
    <name>ha</name>
    <pose/>
    <truncated/>
    <difficult/>
    <bndbox>
      <xmin>1904.4054054054054</xmin>
      <ymin>124.35135135135135</ymin>
      <xmax>2339.5405405405404</xmax>
      <ymax>543.2702702702703</ymax>
    </bndbox>
  </object>
  <object>
    <name>ta</name>
    <pose/>
    <truncated/>
    <difficult/>
    <bndbox>
      <xmin>66.56756756756761</xmin>
      <ymin>1081.1081081081081</ymin>
      <xmax>585.4864864864865</xmax>
      <ymax>1597.3243243243244</ymax>
    </bndbox>
  </object>
  <object>
    <name>nya</name>
    <pose/>
    <truncated/>
    <difficult/>
    <bndbox>
      <xmin>796.2972972972973</xmin>
      <ymin>1202.7297297297298</ymin>
      <xmax>1244.945945945946</xmax>
      <ymax>1705.4324324324325</ymax>
    </bndbox>
  </object>
  <object>
    <name>nga</name>
    <pose/>
    <truncated/>
    <difficult/>
    <bndbox>
      <xmin>1453.0540540540542</xmin>
      <ymin>1278.4054054054054</ymin>
      <xmax>1739.5405405405404</xmax>
      <ymax>1662.1891891891892</ymax>
    </bndbox>
  </object>
  <object>
    <name>ya</name>
    <pose/>
    <truncated/>
    <difficult/>
    <bndbox>
      <xmin>1912.5135135135133</xmin>
      <ymin>1286.5135135135135</ymin>
      <xmax>2499.0</xmax>
      <ymax>1616.2432432432433</ymax>
    </bndbox>
  </object>
</annotation>
