<annotation>
  <folder/>
  <filename>IMG_20200523_152439.jpg</filename>
  <database/>
  <annotation/>
  <image/>
  <size>
    <height>1504</height>
    <width>1067</width>
    <depth>3</depth>
  </size>
  <segmented/>
  <object>
    <name>nya</name>
    <pose/>
    <truncated/>
    <difficult/>
    <bndbox>
      <xmin>84.60869565217388</xmin>
      <ymin>108.56521739130434</ymin>
      <xmax>265.0434782608695</xmax>
      <ymax>347.695652173913</ymax>
    </bndbox>
  </object>
  <object>
    <name>da</name>
    <pose/>
    <truncated/>
    <difficult/>
    <bndbox>
      <xmin>408.52173913043475</xmin>
      <ymin>112.91304347826086</ymin>
      <xmax>641.1304347826087</xmax>
      <ymax>282.4782608695652</ymax>
    </bndbox>
  </object>
  <object>
    <name>ha</name>
    <pose/>
    <truncated/>
    <difficult/>
    <bndbox>
      <xmin>797.6521739130435</xmin>
      <ymin>78.13043478260869</ymin>
      <xmax>975.9130434782608</xmax>
      <ymax>258.5652173913043</ymax>
    </bndbox>
  </object>
  <object>
    <name>nga</name>
    <pose/>
    <truncated/>
    <difficult/>
    <bndbox>
      <xmin>78.08695652173913</xmin>
      <ymin>915.0869565217391</ymin>
      <xmax>256.3478260869565</xmax>
      <ymax>1099.8695652173913</ymax>
    </bndbox>
  </object>
  <object>
    <name>ra</name>
    <pose/>
    <truncated/>
    <difficult/>
    <bndbox>
      <xmin>369.391304347826</xmin>
      <ymin>886.8260869565217</ymin>
      <xmax>608.5217391304348</xmax>
      <ymax>1112.9130434782608</ymax>
    </bndbox>
  </object>
  <object>
    <name>pa</name>
    <pose/>
    <truncated/>
    <difficult/>
    <bndbox>
      <xmin>717.2173913043478</xmin>
      <ymin>899.8695652173913</ymin>
      <xmax>906.3478260869565</xmax>
      <ymax>1125.9565217391305</ymax>
    </bndbox>
  </object>
</annotation>
