<annotation>
  <folder/>
  <filename>IMG_20200522_172619.jpg</filename>
  <database/>
  <annotation/>
  <image/>
  <size>
    <height>1450</height>
    <width>2440</width>
    <depth>3</depth>
  </size>
  <segmented/>
  <object>
    <name>nga</name>
    <pose/>
    <truncated/>
    <difficult/>
    <bndbox>
      <xmin>103.15873015873015</xmin>
      <ymin>86.65079365079364</ymin>
      <xmax>315.85714285714283</xmax>
      <ymax>259.6666666666667</ymax>
    </bndbox>
  </object>
  <object>
    <name>ta</name>
    <pose/>
    <truncated/>
    <difficult/>
    <bndbox>
      <xmin>1109.5079365079364</xmin>
      <ymin>78.71428571428571</ymin>
      <xmax>1228.5555555555557</xmax>
      <ymax>199.34920634920636</ymax>
    </bndbox>
  </object>
  <object>
    <name>pa</name>
    <pose/>
    <truncated/>
    <difficult/>
    <bndbox>
      <xmin>1926.968253968254</xmin>
      <ymin>72.36507936507937</ymin>
      <xmax>2149.190476190476</xmax>
      <ymax>223.15873015873015</ymax>
    </bndbox>
  </object>
  <object>
    <name>sa</name>
    <pose/>
    <truncated/>
    <difficult/>
    <bndbox>
      <xmin>73.0</xmin>
      <ymin>845.3809523809524</ymin>
      <xmax>282.5238095238095</xmax>
      <ymax>1037.4444444444443</ymax>
    </bndbox>
  </object>
  <object>
    <name>ba</name>
    <pose/>
    <truncated/>
    <difficult/>
    <bndbox>
      <xmin>1017.4444444444443</xmin>
      <ymin>750.1428571428571</ymin>
      <xmax>1301.5714285714287</xmax>
      <ymax>908.8730158730159</ymax>
    </bndbox>
  </object>
  <object>
    <name>la</name>
    <pose/>
    <truncated/>
    <difficult/>
    <bndbox>
      <xmin>1931.7301587301588</xmin>
      <ymin>748.5555555555555</ymin>
      <xmax>2228.5555555555557</xmax>
      <ymax>943.7936507936508</ymax>
    </bndbox>
  </object>
</annotation>
