<annotation>
  <folder/>
  <filename>IMG_E1632.jpg</filename>
  <database/>
  <annotation/>
  <image/>
  <size>
    <height>2807</height>
    <width>2384</width>
    <depth>3</depth>
  </size>
  <segmented/>
  <object>
    <name>ra</name>
    <pose/>
    <truncated/>
    <difficult/>
    <bndbox>
      <xmin>64.25</xmin>
      <ymin>21.375</ymin>
      <xmax>592.375</xmax>
      <ymax>452.625</ymax>
    </bndbox>
  </object>
  <object>
    <name>pa</name>
    <pose/>
    <truncated/>
    <difficult/>
    <bndbox>
      <xmin>758.0</xmin>
      <ymin>121.375</ymin>
      <xmax>1214.25</xmax>
      <ymax>412.0</ymax>
    </bndbox>
  </object>
  <object>
    <name>ga</name>
    <pose/>
    <truncated/>
    <difficult/>
    <bndbox>
      <xmin>1429.875</xmin>
      <ymin>68.25</ymin>
      <xmax>2092.375</xmax>
      <ymax>427.625</ymax>
    </bndbox>
  </object>
  <object>
    <name>ha</name>
    <pose/>
    <truncated/>
    <difficult/>
    <bndbox>
      <xmin>26.75</xmin>
      <ymin>1437.0</ymin>
      <xmax>648.625</xmax>
      <ymax>2005.75</ymax>
    </bndbox>
  </object>
  <object>
    <name>nga</name>
    <pose/>
    <truncated/>
    <difficult/>
    <bndbox>
      <xmin>879.875</xmin>
      <ymin>1515.125</ymin>
      <xmax>1389.25</xmax>
      <ymax>2055.75</ymax>
    </bndbox>
  </object>
  <object>
    <name>ma</name>
    <pose/>
    <truncated/>
    <difficult/>
    <bndbox>
      <xmin>1586.125</xmin>
      <ymin>1580.75</ymin>
      <xmax>2295.5</xmax>
      <ymax>2018.25</ymax>
    </bndbox>
  </object>
</annotation>
