<annotation>
  <folder/>
  <filename>IMG_E1544.jpg</filename>
  <database/>
  <annotation/>
  <image/>
  <size>
    <height>2947</height>
    <width>2722</width>
    <depth>3</depth>
  </size>
  <segmented/>
  <object>
    <name>ja</name>
    <pose/>
    <truncated/>
    <difficult/>
    <bndbox>
      <xmin>39.129032258064626</xmin>
      <ymin>52.741935483870975</ymin>
      <xmax>800.4193548387098</xmax>
      <ymax>539.8387096774194</ymax>
    </bndbox>
  </object>
  <object>
    <name>na</name>
    <pose/>
    <truncated/>
    <difficult/>
    <bndbox>
      <xmin>984.2903225806454</xmin>
      <ymin>172.09677419354838</ymin>
      <xmax>1655.2580645161293</xmax>
      <ymax>617.258064516129</ymax>
    </bndbox>
  </object>
  <object>
    <name>ga</name>
    <pose/>
    <truncated/>
    <difficult/>
    <bndbox>
      <xmin>1842.3548387096776</xmin>
      <ymin>204.3548387096774</ymin>
      <xmax>2426.225806451613</xmax>
      <ymax>510.8064516129032</ymax>
    </bndbox>
  </object>
  <object>
    <name>nga</name>
    <pose/>
    <truncated/>
    <difficult/>
    <bndbox>
      <xmin>252.0322580645161</xmin>
      <ymin>1610.8064516129032</ymin>
      <xmax>700.4193548387098</xmax>
      <ymax>2081.7741935483873</ymax>
    </bndbox>
  </object>
  <object>
    <name>nya</name>
    <pose/>
    <truncated/>
    <difficult/>
    <bndbox>
      <xmin>1152.032258064516</xmin>
      <ymin>1597.9032258064517</ymin>
      <xmax>1771.3870967741937</xmax>
      <ymax>2168.8709677419356</ymax>
    </bndbox>
  </object>
  <object>
    <name>a</name>
    <pose/>
    <truncated/>
    <difficult/>
    <bndbox>
      <xmin>2039.1290322580644</xmin>
      <ymin>1655.967741935484</ymin>
      <xmax>2684.2903225806454</xmax>
      <ymax>2114.032258064516</ymax>
    </bndbox>
  </object>
</annotation>
