<annotation>
  <folder/>
  <filename>IMG_E1579.jpg</filename>
  <database/>
  <annotation/>
  <image/>
  <size>
    <height>3032</height>
    <width>2845</width>
    <depth>3</depth>
  </size>
  <segmented/>
  <object>
    <name>sa</name>
    <pose/>
    <truncated/>
    <difficult/>
    <bndbox>
      <xmin>73.33333333333348</xmin>
      <ymin>14.666666666666671</ymin>
      <xmax>686.6666666666667</xmax>
      <ymax>674.6666666666667</ymax>
    </bndbox>
  </object>
  <object>
    <name>ma</name>
    <pose/>
    <truncated/>
    <difficult/>
    <bndbox>
      <xmin>933.3333333333335</xmin>
      <ymin>208.0</ymin>
      <xmax>1793.3333333333335</xmax>
      <ymax>694.6666666666667</ymax>
    </bndbox>
  </object>
  <object>
    <name>ta</name>
    <pose/>
    <truncated/>
    <difficult/>
    <bndbox>
      <xmin>1953.3333333333335</xmin>
      <ymin>184.66666666666669</ymin>
      <xmax>2543.3333333333335</xmax>
      <ymax>771.3333333333334</ymax>
    </bndbox>
  </object>
  <object>
    <name>ha</name>
    <pose/>
    <truncated/>
    <difficult/>
    <bndbox>
      <xmin>60.0</xmin>
      <ymin>1618.0</ymin>
      <xmax>700.0</xmax>
      <ymax>2204.666666666667</ymax>
    </bndbox>
  </object>
  <object>
    <name>da</name>
    <pose/>
    <truncated/>
    <difficult/>
    <bndbox>
      <xmin>1106.666666666667</xmin>
      <ymin>1608.0</ymin>
      <xmax>1786.666666666667</xmax>
      <ymax>2151.3333333333335</ymax>
    </bndbox>
  </object>
  <object>
    <name>nga</name>
    <pose/>
    <truncated/>
    <difficult/>
    <bndbox>
      <xmin>2133.3333333333335</xmin>
      <ymin>1614.6666666666667</ymin>
      <xmax>2693.3333333333335</xmax>
      <ymax>2128.0</ymax>
    </bndbox>
  </object>
</annotation>
