<annotation>
  <folder/>
  <filename>IMG_E1223.jpg</filename>
  <database/>
  <annotation/>
  <image/>
  <size>
    <height>3058</height>
    <width>2781</width>
    <depth>3</depth>
  </size>
  <segmented/>
  <object>
    <name>ja</name>
    <pose/>
    <truncated/>
    <difficult/>
    <bndbox>
      <xmin>194.33333333333348</xmin>
      <ymin>87.66666666666667</ymin>
      <xmax>791.0</xmax>
      <ymax>691.0</ymax>
    </bndbox>
  </object>
  <object>
    <name>ma</name>
    <pose/>
    <truncated/>
    <difficult/>
    <bndbox>
      <xmin>1034.3333333333335</xmin>
      <ymin>221.0</ymin>
      <xmax>1734.3333333333335</xmax>
      <ymax>657.6666666666667</ymax>
    </bndbox>
  </object>
  <object>
    <name>sa</name>
    <pose/>
    <truncated/>
    <difficult/>
    <bndbox>
      <xmin>2021.0</xmin>
      <ymin>271.0</ymin>
      <xmax>2634.3333333333335</xmax>
      <ymax>854.3333333333334</ymax>
    </bndbox>
  </object>
  <object>
    <name>nga</name>
    <pose/>
    <truncated/>
    <difficult/>
    <bndbox>
      <xmin>264.3333333333335</xmin>
      <ymin>1614.3333333333335</ymin>
      <xmax>797.6666666666667</xmax>
      <ymax>2131.0</ymax>
    </bndbox>
  </object>
  <object>
    <name>nya</name>
    <pose/>
    <truncated/>
    <difficult/>
    <bndbox>
      <xmin>1224.3333333333335</xmin>
      <ymin>1634.3333333333335</ymin>
      <xmax>1767.666666666667</xmax>
      <ymax>2174.3333333333335</ymax>
    </bndbox>
  </object>
  <object>
    <name>ga</name>
    <pose/>
    <truncated/>
    <difficult/>
    <bndbox>
      <xmin>2074.3333333333335</xmin>
      <ymin>1811.0</ymin>
      <xmax>2681.0</xmax>
      <ymax>2254.3333333333335</ymax>
    </bndbox>
  </object>
</annotation>
