<annotation>
  <folder/>
  <filename>IMG_20200523_130655.jpg</filename>
  <database/>
  <annotation/>
  <image/>
  <size>
    <height>1236</height>
    <width>2018</width>
    <depth>3</depth>
  </size>
  <segmented/>
  <object>
    <name>ta</name>
    <pose/>
    <truncated/>
    <difficult/>
    <bndbox>
      <xmin>67.27027027027027</xmin>
      <ymin>22.027027027027028</ymin>
      <xmax>413.2162162162162</xmax>
      <ymax>238.24324324324326</ymax>
    </bndbox>
  </object>
  <object>
    <name>na</name>
    <pose/>
    <truncated/>
    <difficult/>
    <bndbox>
      <xmin>913.2162162162163</xmin>
      <ymin>57.16216216216216</ymin>
      <xmax>1217.2702702702702</xmax>
      <ymax>317.97297297297297</ymax>
    </bndbox>
  </object>
  <object>
    <name>ra</name>
    <pose/>
    <truncated/>
    <difficult/>
    <bndbox>
      <xmin>1569.972972972973</xmin>
      <ymin>99.05405405405405</ymin>
      <xmax>1826.7297297297298</xmax>
      <ymax>323.3783783783784</ymax>
    </bndbox>
  </object>
  <object>
    <name>la</name>
    <pose/>
    <truncated/>
    <difficult/>
    <bndbox>
      <xmin>42.94594594594595</xmin>
      <ymin>654.4594594594595</ymin>
      <xmax>309.1621621621622</xmax>
      <ymax>889.5945945945946</ymax>
    </bndbox>
  </object>
  <object>
    <name>nga</name>
    <pose/>
    <truncated/>
    <difficult/>
    <bndbox>
      <xmin>982.1351351351352</xmin>
      <ymin>681.4864864864865</ymin>
      <xmax>1256.4594594594594</xmax>
      <ymax>899.0540540540541</ymax>
    </bndbox>
  </object>
  <object>
    <name>da</name>
    <pose/>
    <truncated/>
    <difficult/>
    <bndbox>
      <xmin>1661.8648648648648</xmin>
      <ymin>732.8378378378378</ymin>
      <xmax>1909.162162162162</xmax>
      <ymax>928.7837837837837</ymax>
    </bndbox>
  </object>
</annotation>
