<annotation>
  <folder/>
  <filename>IMG_E9042.jpg</filename>
  <database/>
  <annotation/>
  <image/>
  <size>
    <height>3230</height>
    <width>2664</width>
    <depth>3</depth>
  </size>
  <segmented/>
  <object>
    <name>go</name>
    <pose/>
    <truncated/>
    <difficult/>
    <bndbox>
      <xmin>43.71428571428555</xmin>
      <ymin>62.28571428571428</ymin>
      <xmax>840.1428571428569</xmax>
      <ymax>469.42857142857133</ymax>
    </bndbox>
  </object>
  <object>
    <name>ro</name>
    <pose/>
    <truncated/>
    <difficult/>
    <bndbox>
      <xmin>986.5714285714284</xmin>
      <ymin>87.28571428571428</ymin>
      <xmax>1679.428571428571</xmax>
      <ymax>537.2857142857142</ymax>
    </bndbox>
  </object>
  <object>
    <name>lo</name>
    <pose/>
    <truncated/>
    <difficult/>
    <bndbox>
      <xmin>1807.9999999999995</xmin>
      <ymin>90.85714285714283</ymin>
      <xmax>2518.7142857142853</xmax>
      <ymax>819.4285714285713</ymax>
    </bndbox>
  </object>
  <object>
    <name>gi</name>
    <pose/>
    <truncated/>
    <difficult/>
    <bndbox>
      <xmin>86.57142857142844</xmin>
      <ymin>1580.1428571428569</ymin>
      <xmax>829.4285714285711</xmax>
      <ymax>2205.142857142857</ymax>
    </bndbox>
  </object>
  <object>
    <name>pu</name>
    <pose/>
    <truncated/>
    <difficult/>
    <bndbox>
      <xmin>1225.8571428571427</xmin>
      <ymin>1894.4285714285713</ymin>
      <xmax>1711.5714285714284</xmax>
      <ymax>2290.8571428571427</ymax>
    </bndbox>
  </object>
  <object>
    <name>w</name>
    <pose/>
    <truncated/>
    <difficult/>
    <bndbox>
      <xmin>2022.2857142857138</xmin>
      <ymin>1844.4285714285713</ymin>
      <xmax>2597.2857142857138</xmax>
      <ymax>2280.142857142857</ymax>
    </bndbox>
  </object>
</annotation>
