<annotation>
  <folder/>
  <filename>IMG_20200522_172546.jpg</filename>
  <database/>
  <annotation/>
  <image/>
  <size>
    <height>1846</height>
    <width>2364</width>
    <depth>3</depth>
  </size>
  <segmented/>
  <object>
    <name>ya</name>
    <pose/>
    <truncated/>
    <difficult/>
    <bndbox>
      <xmin>72.0</xmin>
      <ymin>124.0</ymin>
      <xmax>370.0</xmax>
      <ymax>332.0</ymax>
    </bndbox>
  </object>
  <object>
    <name>ga</name>
    <pose/>
    <truncated/>
    <difficult/>
    <bndbox>
      <xmin>810.0</xmin>
      <ymin>110.0</ymin>
      <xmax>1044.0</xmax>
      <ymax>288.0</ymax>
    </bndbox>
  </object>
  <object>
    <name>na</name>
    <pose/>
    <truncated/>
    <difficult/>
    <bndbox>
      <xmin>1642.0</xmin>
      <ymin>112.0</ymin>
      <xmax>1974.0</xmax>
      <ymax>294.0</ymax>
    </bndbox>
  </object>
  <object>
    <name>nga</name>
    <pose/>
    <truncated/>
    <difficult/>
    <bndbox>
      <xmin>142.0</xmin>
      <ymin>992.0</ymin>
      <xmax>320.0</xmax>
      <ymax>1170.0</ymax>
    </bndbox>
  </object>
  <object>
    <name>sa</name>
    <pose/>
    <truncated/>
    <difficult/>
    <bndbox>
      <xmin>874.0</xmin>
      <ymin>966.0</ymin>
      <xmax>1076.0</xmax>
      <ymax>1168.0</ymax>
    </bndbox>
  </object>
  <object>
    <name>ta</name>
    <pose/>
    <truncated/>
    <difficult/>
    <bndbox>
      <xmin>1686.0</xmin>
      <ymin>978.0</ymin>
      <xmax>1914.0</xmax>
      <ymax>1222.0</ymax>
    </bndbox>
  </object>
</annotation>
