<annotation>
  <folder/>
  <filename>IMG_E1236.jpg</filename>
  <database/>
  <annotation/>
  <image/>
  <size>
    <height>2678</height>
    <width>2909</width>
    <depth>3</depth>
  </size>
  <segmented/>
  <object>
    <name>pa</name>
    <pose/>
    <truncated/>
    <difficult/>
    <bndbox>
      <xmin>157.7058823529411</xmin>
      <ymin>40.8235294117647</ymin>
      <xmax>710.6470588235293</xmax>
      <ymax>505.52941176470586</ymax>
    </bndbox>
  </object>
  <object>
    <name>da</name>
    <pose/>
    <truncated/>
    <difficult/>
    <bndbox>
      <xmin>816.5294117647059</xmin>
      <ymin>26.11764705882353</ymin>
      <xmax>1407.705882352941</xmax>
      <ymax>390.8235294117647</ymax>
    </bndbox>
  </object>
  <object>
    <name>ga</name>
    <pose/>
    <truncated/>
    <difficult/>
    <bndbox>
      <xmin>1525.3529411764703</xmin>
      <ymin>96.70588235294117</ymin>
      <xmax>2084.176470588235</xmax>
      <ymax>464.35294117647055</ymax>
    </bndbox>
  </object>
  <object>
    <name>ta</name>
    <pose/>
    <truncated/>
    <difficult/>
    <bndbox>
      <xmin>2193.0</xmin>
      <ymin>117.29411764705881</ymin>
      <xmax>2675.3529411764703</xmax>
      <ymax>502.58823529411757</ymax>
    </bndbox>
  </object>
  <object>
    <name>ma</name>
    <pose/>
    <truncated/>
    <difficult/>
    <bndbox>
      <xmin>160.6470588235294</xmin>
      <ymin>1237.8823529411764</ymin>
      <xmax>892.9999999999998</xmax>
      <ymax>1717.2941176470588</ymax>
    </bndbox>
  </object>
  <object>
    <name>sa</name>
    <pose/>
    <truncated/>
    <difficult/>
    <bndbox>
      <xmin>1069.470588235294</xmin>
      <ymin>1284.941176470588</ymin>
      <xmax>1510.6470588235293</xmax>
      <ymax>1773.1764705882351</ymax>
    </bndbox>
  </object>
  <object>
    <name>la</name>
    <pose/>
    <truncated/>
    <difficult/>
    <bndbox>
      <xmin>1601.8235294117644</xmin>
      <ymin>1361.4117647058822</ymin>
      <xmax>2125.3529411764703</xmax>
      <ymax>1784.941176470588</ymax>
    </bndbox>
  </object>
  <object>
    <name>nya</name>
    <pose/>
    <truncated/>
    <difficult/>
    <bndbox>
      <xmin>2290.0588235294117</xmin>
      <ymin>1352.5882352941176</ymin>
      <xmax>2778.2941176470586</xmax>
      <ymax>1820.2352941176468</ymax>
    </bndbox>
  </object>
</annotation>
