<annotation>
  <folder/>
  <filename>IMG_20200506_144336.jpg</filename>
  <database/>
  <annotation/>
  <image/>
  <size>
    <height>1620</height>
    <width>2756</width>
    <depth>3</depth>
  </size>
  <segmented/>
  <object>
    <name>ha</name>
    <pose/>
    <truncated/>
    <difficult/>
    <bndbox>
      <xmin>348.6363636363636</xmin>
      <ymin>58.090909090909065</ymin>
      <xmax>682.7272727272727</xmax>
      <ymax>321.72727272727275</ymax>
    </bndbox>
  </object>
  <object>
    <name>n</name>
    <pose/>
    <truncated/>
    <difficult/>
    <bndbox>
      <xmin>1007.7272727272727</xmin>
      <ymin>69.45454545454544</ymin>
      <xmax>1553.1818181818182</xmax>
      <ymax>399.0</ymax>
    </bndbox>
  </object>
  <object>
    <name>tu</name>
    <pose/>
    <truncated/>
    <difficult/>
    <bndbox>
      <xmin>1716.8181818181818</xmin>
      <ymin>108.09090909090907</ymin>
      <xmax>1980.4545454545455</xmax>
      <ymax>424.0</ymax>
    </bndbox>
  </object>
  <object>
    <name>ma</name>
    <pose/>
    <truncated/>
    <difficult/>
    <bndbox>
      <xmin>266.8181818181818</xmin>
      <ymin>983.090909090909</ymin>
      <xmax>728.1818181818181</xmax>
      <ymax>1192.1818181818182</ymax>
    </bndbox>
  </object>
  <object>
    <name>la</name>
    <pose/>
    <truncated/>
    <difficult/>
    <bndbox>
      <xmin>1164.5454545454545</xmin>
      <ymin>974.0</ymin>
      <xmax>1525.909090909091</xmax>
      <ymax>1264.909090909091</ymax>
    </bndbox>
  </object>
  <object>
    <name>m</name>
    <pose/>
    <truncated/>
    <difficult/>
    <bndbox>
      <xmin>1914.5454545454545</xmin>
      <ymin>978.5454545454545</ymin>
      <xmax>2375.909090909091</xmax>
      <ymax>1233.090909090909</ymax>
    </bndbox>
  </object>
</annotation>
