<annotation>
  <folder/>
  <filename>IMG_20200523_130108.jpg</filename>
  <database/>
  <annotation/>
  <image/>
  <size>
    <height>968</height>
    <width>1678</width>
    <depth>3</depth>
  </size>
  <segmented/>
  <object>
    <name>ja</name>
    <pose/>
    <truncated/>
    <difficult/>
    <bndbox>
      <xmin>23.032258064516128</xmin>
      <ymin>21.33333333333333</ymin>
      <xmax>200.4516129032258</xmax>
      <ymax>175.09677419354838</ymax>
    </bndbox>
  </object>
  <object>
    <name>na</name>
    <pose/>
    <truncated/>
    <difficult/>
    <bndbox>
      <xmin>581.0967741935484</xmin>
      <ymin>33.16129032258064</ymin>
      <xmax>831.6344086021505</xmax>
      <ymax>191.2258064516129</ymax>
    </bndbox>
  </object>
  <object>
    <name>ra</name>
    <pose/>
    <truncated/>
    <difficult/>
    <bndbox>
      <xmin>1215.505376344086</xmin>
      <ymin>47.13978494623655</ymin>
      <xmax>1462.8172043010752</xmax>
      <ymax>365.41935483870964</ymax>
    </bndbox>
  </object>
  <object>
    <name>sa</name>
    <pose/>
    <truncated/>
    <difficult/>
    <bndbox>
      <xmin>47.76344086021505</xmin>
      <ymin>470.79569892473114</ymin>
      <xmax>218.7311827956989</xmax>
      <ymax>640.6881720430107</ymax>
    </bndbox>
  </object>
  <object>
    <name>ba</name>
    <pose/>
    <truncated/>
    <difficult/>
    <bndbox>
      <xmin>649.9139784946236</xmin>
      <ymin>519.1827956989247</ymin>
      <xmax>882.1720430107526</xmax>
      <ymax>717.0322580645161</ymax>
    </bndbox>
  </object>
  <object>
    <name>wa</name>
    <pose/>
    <truncated/>
    <difficult/>
    <bndbox>
      <xmin>1320.8817204301074</xmin>
      <ymin>560.0430107526881</ymin>
      <xmax>1559.5913978494623</xmax>
      <ymax>752.516129032258</ymax>
    </bndbox>
  </object>
</annotation>
