<annotation>
  <folder/>
  <filename>IMG_E0923.jpg</filename>
  <database/>
  <annotation/>
  <image/>
  <size>
    <height>2811</height>
    <width>2175</width>
    <depth>3</depth>
  </size>
  <segmented/>
  <object>
    <name>wa</name>
    <pose/>
    <truncated/>
    <difficult/>
    <bndbox>
      <xmin>135.25</xmin>
      <ymin>95.25</ymin>
      <xmax>700.875</xmax>
      <ymax>457.75</ymax>
    </bndbox>
  </object>
  <object>
    <name>pa</name>
    <pose/>
    <truncated/>
    <difficult/>
    <bndbox>
      <xmin>866.5</xmin>
      <ymin>192.125</ymin>
      <xmax>1291.5</xmax>
      <ymax>414.0</ymax>
    </bndbox>
  </object>
  <object>
    <name>na</name>
    <pose/>
    <truncated/>
    <difficult/>
    <bndbox>
      <xmin>1435.25</xmin>
      <ymin>204.625</ymin>
      <xmax>1822.75</xmax>
      <ymax>510.875</ymax>
    </bndbox>
  </object>
  <object>
    <name>da</name>
    <pose/>
    <truncated/>
    <difficult/>
    <bndbox>
      <xmin>185.25</xmin>
      <ymin>1464.0</ymin>
      <xmax>763.375</xmax>
      <ymax>1885.875</ymax>
    </bndbox>
  </object>
  <object>
    <name>ja</name>
    <pose/>
    <truncated/>
    <difficult/>
    <bndbox>
      <xmin>960.25</xmin>
      <ymin>1529.625</ymin>
      <xmax>1497.75</xmax>
      <ymax>1932.75</ymax>
    </bndbox>
  </object>
  <object>
    <name>ya</name>
    <pose/>
    <truncated/>
    <difficult/>
    <bndbox>
      <xmin>1660.25</xmin>
      <ymin>1610.875</ymin>
      <xmax>2141.5</xmax>
      <ymax>1985.875</ymax>
    </bndbox>
  </object>
</annotation>
