<annotation>
  <folder/>
  <filename>IMG_20200523_124608.jpg</filename>
  <database/>
  <annotation/>
  <image/>
  <size>
    <height>1127</height>
    <width>1720</width>
    <depth>3</depth>
  </size>
  <segmented/>
  <object>
    <name>nga</name>
    <pose/>
    <truncated/>
    <difficult/>
    <bndbox>
      <xmin>12.222222222222214</xmin>
      <ymin>33.50617283950617</ymin>
      <xmax>210.98765432098764</xmax>
      <ymax>232.2716049382716</ymax>
    </bndbox>
  </object>
  <object>
    <name>pa</name>
    <pose/>
    <truncated/>
    <difficult/>
    <bndbox>
      <xmin>583.8271604938271</xmin>
      <ymin>19.925925925925924</ymin>
      <xmax>827.037037037037</xmax>
      <ymax>205.1111111111111</ymax>
    </bndbox>
  </object>
  <object>
    <name>ra</name>
    <pose/>
    <truncated/>
    <difficult/>
    <bndbox>
      <xmin>1233.2098765432097</xmin>
      <ymin>12.518518518518519</ymin>
      <xmax>1490.0</xmax>
      <ymax>196.4691358024691</ymax>
    </bndbox>
  </object>
  <object>
    <name>na</name>
    <pose/>
    <truncated/>
    <difficult/>
    <bndbox>
      <xmin>15.925925925925924</xmin>
      <ymin>566.8395061728395</ymin>
      <xmax>262.8395061728395</xmax>
      <ymax>769.3086419753085</ymax>
    </bndbox>
  </object>
  <object>
    <name>ja</name>
    <pose/>
    <truncated/>
    <difficult/>
    <bndbox>
      <xmin>672.716049382716</xmin>
      <ymin>590.2962962962963</ymin>
      <xmax>882.5925925925925</xmax>
      <ymax>805.1111111111111</ymax>
    </bndbox>
  </object>
  <object>
    <name>la</name>
    <pose/>
    <truncated/>
    <difficult/>
    <bndbox>
      <xmin>1249.2592592592591</xmin>
      <ymin>601.4074074074074</ymin>
      <xmax>1530.7407407407406</xmax>
      <ymax>792.7654320987654</ymax>
    </bndbox>
  </object>
</annotation>
