<annotation>
  <folder/>
  <filename>IMG_E9244.jpg</filename>
  <database/>
  <annotation/>
  <image/>
  <size>
    <height>1353</height>
    <width>3024</width>
    <depth>3</depth>
  </size>
  <segmented/>
  <object>
    <name>bu</name>
    <pose/>
    <truncated/>
    <difficult/>
    <bndbox>
      <xmin>55.142857142857146</xmin>
      <ymin>48.48979591836735</ymin>
      <xmax>520.4489795918367</xmax>
      <ymax>344.40816326530614</ymax>
    </bndbox>
  </object>
  <object>
    <name>nyi</name>
    <pose/>
    <truncated/>
    <difficult/>
    <bndbox>
      <xmin>677.5918367346939</xmin>
      <ymin>58.69387755102042</ymin>
      <xmax>1104.1224489795918</xmax>
      <ymax>438.28571428571433</ymax>
    </bndbox>
  </object>
  <object>
    <name>ha</name>
    <pose/>
    <truncated/>
    <difficult/>
    <bndbox>
      <xmin>1232.6938775510205</xmin>
      <ymin>32.16326530612247</ymin>
      <xmax>1710.2448979591836</xmax>
      <ymax>491.34693877551024</ymax>
    </bndbox>
  </object>
  <object>
    <name>r</name>
    <pose/>
    <truncated/>
    <difficult/>
    <bndbox>
      <xmin>1785.7551020408164</xmin>
      <ymin>62.77551020408163</ymin>
      <xmax>2322.4897959183672</xmax>
      <ymax>513.795918367347</ymax>
    </bndbox>
  </object>
  <object>
    <name>ja</name>
    <pose/>
    <truncated/>
    <difficult/>
    <bndbox>
      <xmin>2436.7755102040815</xmin>
      <ymin>70.9387755102041</ymin>
      <xmax>2932.6938775510203</xmax>
      <ymax>470.9387755102041</ymax>
    </bndbox>
  </object>
</annotation>
