<annotation>
  <folder/>
  <filename>IMG_E9644.jpg</filename>
  <database/>
  <annotation/>
  <image/>
  <size>
    <height>3088</height>
    <width>2824</width>
    <depth>3</depth>
  </size>
  <segmented/>
  <object>
    <name>ba</name>
    <pose/>
    <truncated/>
    <difficult/>
    <bndbox>
      <xmin>99.0</xmin>
      <ymin>138.0</ymin>
      <xmax>712.3333333333335</xmax>
      <ymax>598.0</ymax>
    </bndbox>
  </object>
  <object>
    <name>n</name>
    <pose/>
    <truncated/>
    <difficult/>
    <bndbox>
      <xmin>782.3333333333335</xmin>
      <ymin>151.33333333333334</ymin>
      <xmax>1379.0</xmax>
      <ymax>681.3333333333334</ymax>
    </bndbox>
  </object>
  <object>
    <name>da</name>
    <pose/>
    <truncated/>
    <difficult/>
    <bndbox>
      <xmin>1472.3333333333335</xmin>
      <ymin>191.33333333333334</ymin>
      <xmax>1965.666666666667</xmax>
      <ymax>684.6666666666667</ymax>
    </bndbox>
  </object>
  <object>
    <name>a</name>
    <pose/>
    <truncated/>
    <difficult/>
    <bndbox>
      <xmin>2072.3333333333335</xmin>
      <ymin>128.0</ymin>
      <xmax>2689.0</xmax>
      <ymax>721.3333333333334</ymax>
    </bndbox>
  </object>
  <object>
    <name>je</name>
    <pose/>
    <truncated/>
    <difficult/>
    <bndbox>
      <xmin>92.33333333333348</xmin>
      <ymin>1631.3333333333335</ymin>
      <xmax>695.6666666666667</xmax>
      <ymax>2154.666666666667</ymax>
    </bndbox>
  </object>
  <object>
    <name>h</name>
    <pose/>
    <truncated/>
    <difficult/>
    <bndbox>
      <xmin>905.6666666666667</xmin>
      <ymin>1654.6666666666667</ymin>
      <xmax>1662.3333333333335</xmax>
      <ymax>2274.666666666667</ymax>
    </bndbox>
  </object>
</annotation>
