<annotation>
  <folder/>
  <filename>IMG_E1383.jpg</filename>
  <database/>
  <annotation/>
  <image/>
  <size>
    <height>2603</height>
    <width>2200</width>
    <depth>3</depth>
  </size>
  <segmented/>
  <object>
    <name>ra</name>
    <pose/>
    <truncated/>
    <difficult/>
    <bndbox>
      <xmin>42.28571428571422</xmin>
      <ymin>42.99999999999999</ymin>
      <xmax>602.2857142857142</xmax>
      <ymax>500.1428571428571</ymax>
    </bndbox>
  </object>
  <object>
    <name>sa</name>
    <pose/>
    <truncated/>
    <difficult/>
    <bndbox>
      <xmin>890.8571428571427</xmin>
      <ymin>80.14285714285714</ymin>
      <xmax>1348.0</xmax>
      <ymax>582.9999999999999</ymax>
    </bndbox>
  </object>
  <object>
    <name>a</name>
    <pose/>
    <truncated/>
    <difficult/>
    <bndbox>
      <xmin>1507.9999999999995</xmin>
      <ymin>165.85714285714283</ymin>
      <xmax>2116.5714285714284</xmax>
      <ymax>534.4285714285713</ymax>
    </bndbox>
  </object>
  <object>
    <name>ja</name>
    <pose/>
    <truncated/>
    <difficult/>
    <bndbox>
      <xmin>168.0</xmin>
      <ymin>1380.142857142857</ymin>
      <xmax>793.7142857142856</xmax>
      <ymax>1874.4285714285713</ymax>
    </bndbox>
  </object>
  <object>
    <name>ma</name>
    <pose/>
    <truncated/>
    <difficult/>
    <bndbox>
      <xmin>1039.4285714285713</xmin>
      <ymin>1500.142857142857</ymin>
      <xmax>1650.8571428571427</xmax>
      <ymax>1862.9999999999998</ymax>
    </bndbox>
  </object>
  <object>
    <name>pa</name>
    <pose/>
    <truncated/>
    <difficult/>
    <bndbox>
      <xmin>1765.1428571428569</xmin>
      <ymin>1597.2857142857142</ymin>
      <xmax>2130.8571428571427</xmax>
      <ymax>1828.7142857142856</ymax>
    </bndbox>
  </object>
</annotation>
