<annotation>
  <folder/>
  <filename>IMG_20200522_170552.jpg</filename>
  <database/>
  <annotation/>
  <image/>
  <size>
    <height>2100</height>
    <width>2804</width>
    <depth>3</depth>
  </size>
  <segmented/>
  <object>
    <name>ga</name>
    <pose/>
    <truncated/>
    <difficult/>
    <bndbox>
      <xmin>95.93023255813955</xmin>
      <ymin>107.23255813953489</ymin>
      <xmax>409.8837209302326</xmax>
      <ymax>339.7906976744186</ymax>
    </bndbox>
  </object>
  <object>
    <name>na</name>
    <pose/>
    <truncated/>
    <difficult/>
    <bndbox>
      <xmin>1354.0697674418604</xmin>
      <ymin>223.51162790697674</ymin>
      <xmax>1654.0697674418607</xmax>
      <ymax>465.37209302325584</ymax>
    </bndbox>
  </object>
  <object>
    <name>nya</name>
    <pose/>
    <truncated/>
    <difficult/>
    <bndbox>
      <xmin>2486.6279069767443</xmin>
      <ymin>302.5813953488372</ymin>
      <xmax>2709.883720930233</xmax>
      <ymax>558.3953488372093</ymax>
    </bndbox>
  </object>
  <object>
    <name>ra</name>
    <pose/>
    <truncated/>
    <difficult/>
    <bndbox>
      <xmin>72.67441860465118</xmin>
      <ymin>1235.139534883721</ymin>
      <xmax>340.1162790697674</xmax>
      <ymax>1432.8139534883721</ymax>
    </bndbox>
  </object>
  <object>
    <name>sa</name>
    <pose/>
    <truncated/>
    <difficult/>
    <bndbox>
      <xmin>1235.46511627907</xmin>
      <ymin>1323.5116279069769</ymin>
      <xmax>1468.0232558139535</xmax>
      <ymax>1574.6744186046512</ymax>
    </bndbox>
  </object>
  <object>
    <name>ta</name>
    <pose/>
    <truncated/>
    <difficult/>
    <bndbox>
      <xmin>2421.5116279069766</xmin>
      <ymin>1525.8372093023256</ymin>
      <xmax>2640.1162790697676</xmax>
      <ymax>1723.5116279069769</ymax>
    </bndbox>
  </object>
</annotation>
