<annotation>
  <folder/>
  <filename>IMG_20200506_101643.jpg</filename>
  <database/>
  <annotation/>
  <image/>
  <size>
    <height>1760</height>
    <width>2636</width>
    <depth>3</depth>
  </size>
  <segmented/>
  <object>
    <name>ja</name>
    <pose/>
    <truncated/>
    <difficult/>
    <bndbox>
      <xmin>74.69230769230768</xmin>
      <ymin>141.6153846153846</ymin>
      <xmax>409.30769230769226</xmax>
      <ymax>370.46153846153845</ymax>
    </bndbox>
  </object>
  <object>
    <name>di</name>
    <pose/>
    <truncated/>
    <difficult/>
    <bndbox>
      <xmin>740.0769230769231</xmin>
      <ymin>133.9230769230769</ymin>
      <xmax>1107.3846153846152</xmax>
      <ymax>435.8461538461538</ymax>
    </bndbox>
  </object>
  <object>
    <name>je</name>
    <pose/>
    <truncated/>
    <difficult/>
    <bndbox>
      <xmin>1538.1538461538462</xmin>
      <ymin>110.84615384615384</ymin>
      <xmax>1913.1538461538462</xmax>
      <ymax>385.8461538461538</ymax>
    </bndbox>
  </object>
  <object>
    <name>ma</name>
    <pose/>
    <truncated/>
    <difficult/>
    <bndbox>
      <xmin>2153.5384615384614</xmin>
      <ymin>197.3846153846154</ymin>
      <xmax>2503.5384615384614</xmax>
      <ymax>420.46153846153845</ymax>
    </bndbox>
  </object>
  <object>
    <name>a</name>
    <pose/>
    <truncated/>
    <difficult/>
    <bndbox>
      <xmin>55.46153846153845</xmin>
      <ymin>1053.1538461538462</ymin>
      <xmax>328.53846153846155</xmax>
      <ymax>1237.7692307692307</ymax>
    </bndbox>
  </object>
  <object>
    <name>t</name>
    <pose/>
    <truncated/>
    <difficult/>
    <bndbox>
      <xmin>782.3846153846154</xmin>
      <ymin>1043.5384615384614</ymin>
      <xmax>1120.8461538461538</xmax>
      <ymax>1264.6923076923076</ymax>
    </bndbox>
  </object>
  <object>
    <name>bang</name>
    <pose/>
    <truncated/>
    <difficult/>
    <bndbox>
      <xmin>1565.076923076923</xmin>
      <ymin>1014.6923076923076</ymin>
      <xmax>1888.1538461538462</xmax>
      <ymax>1183.923076923077</ymax>
    </bndbox>
  </object>
  <object>
    <name>sa</name>
    <pose/>
    <truncated/>
    <difficult/>
    <bndbox>
      <xmin>2118.9230769230767</xmin>
      <ymin>1057.0</ymin>
      <xmax>2409.3076923076924</xmax>
      <ymax>1332.0</ymax>
    </bndbox>
  </object>
</annotation>
