<annotation>
  <folder/>
  <filename>IMG_E0885.jpg</filename>
  <database/>
  <annotation/>
  <image/>
  <size>
    <height>2747</height>
    <width>2615</width>
    <depth>3</depth>
  </size>
  <segmented/>
  <object>
    <name>ha</name>
    <pose/>
    <truncated/>
    <difficult/>
    <bndbox>
      <xmin>77.5454545454545</xmin>
      <ymin>51.75757575757575</ymin>
      <xmax>544.2121212121212</xmax>
      <ymax>488.1212121212121</ymax>
    </bndbox>
  </object>
  <object>
    <name>nya</name>
    <pose/>
    <truncated/>
    <difficult/>
    <bndbox>
      <xmin>689.6666666666665</xmin>
      <ymin>118.42424242424241</ymin>
      <xmax>1089.6666666666665</xmax>
      <ymax>503.27272727272725</ymax>
    </bndbox>
  </object>
  <object>
    <name>ma</name>
    <pose/>
    <truncated/>
    <difficult/>
    <bndbox>
      <xmin>1253.30303030303</xmin>
      <ymin>148.72727272727272</ymin>
      <xmax>1844.212121212121</xmax>
      <ymax>560.8484848484849</ymax>
    </bndbox>
  </object>
  <object>
    <name>na</name>
    <pose/>
    <truncated/>
    <difficult/>
    <bndbox>
      <xmin>1983.6060606060605</xmin>
      <ymin>236.60606060606057</ymin>
      <xmax>2377.5454545454545</xmax>
      <ymax>585.090909090909</ymax>
    </bndbox>
  </object>
  <object>
    <name>la</name>
    <pose/>
    <truncated/>
    <difficult/>
    <bndbox>
      <xmin>29.060606060606005</xmin>
      <ymin>1442.6666666666665</ymin>
      <xmax>501.78787878787875</xmax>
      <ymax>1806.3030303030303</ymax>
    </bndbox>
  </object>
  <object>
    <name>ra</name>
    <pose/>
    <truncated/>
    <difficult/>
    <bndbox>
      <xmin>786.6363636363635</xmin>
      <ymin>1457.8181818181818</ymin>
      <xmax>1219.969696969697</xmax>
      <ymax>1897.212121212121</ymax>
    </bndbox>
  </object>
  <object>
    <name>pa</name>
    <pose/>
    <truncated/>
    <difficult/>
    <bndbox>
      <xmin>1386.6363636363635</xmin>
      <ymin>1548.7272727272727</ymin>
      <xmax>1838.151515151515</xmax>
      <ymax>1821.4545454545453</ymax>
    </bndbox>
  </object>
  <object>
    <name>sa</name>
    <pose/>
    <truncated/>
    <difficult/>
    <bndbox>
      <xmin>2032.090909090909</xmin>
      <ymin>1430.5454545454545</ymin>
      <xmax>2480.5757575757575</xmax>
      <ymax>1982.060606060606</ymax>
    </bndbox>
  </object>
</annotation>
