<annotation>
  <folder/>
  <filename>IMG_E1155.jpg</filename>
  <database/>
  <annotation/>
  <image/>
  <size>
    <height>2617</height>
    <width>2769</width>
    <depth>3</depth>
  </size>
  <segmented/>
  <object>
    <name>ga</name>
    <pose/>
    <truncated/>
    <difficult/>
    <bndbox>
      <xmin>98.99999999999989</xmin>
      <ymin>152.85714285714283</ymin>
      <xmax>573.2857142857142</xmax>
      <ymax>601.4285714285713</ymax>
    </bndbox>
  </object>
  <object>
    <name>ta</name>
    <pose/>
    <truncated/>
    <difficult/>
    <bndbox>
      <xmin>693.2857142857142</xmin>
      <ymin>115.71428571428571</ymin>
      <xmax>1193.2857142857142</xmax>
      <ymax>618.5714285714286</ymax>
    </bndbox>
  </object>
  <object>
    <name>ma</name>
    <pose/>
    <truncated/>
    <difficult/>
    <bndbox>
      <xmin>1350.428571428571</xmin>
      <ymin>89.99999999999999</ymin>
      <xmax>1904.7142857142853</xmax>
      <ymax>584.2857142857142</ymax>
    </bndbox>
  </object>
  <object>
    <name>la</name>
    <pose/>
    <truncated/>
    <difficult/>
    <bndbox>
      <xmin>2050.428571428571</xmin>
      <ymin>95.71428571428571</ymin>
      <xmax>2478.9999999999995</xmax>
      <ymax>575.7142857142857</ymax>
    </bndbox>
  </object>
  <object>
    <name>ya</name>
    <pose/>
    <truncated/>
    <difficult/>
    <bndbox>
      <xmin>144.71428571428567</xmin>
      <ymin>1467.142857142857</ymin>
      <xmax>713.2857142857142</xmax>
      <ymax>1869.9999999999998</ymax>
    </bndbox>
  </object>
  <object>
    <name>ja</name>
    <pose/>
    <truncated/>
    <difficult/>
    <bndbox>
      <xmin>907.5714285714284</xmin>
      <ymin>1438.5714285714284</ymin>
      <xmax>1487.5714285714284</xmax>
      <ymax>1904.285714285714</ymax>
    </bndbox>
  </object>
  <object>
    <name>a</name>
    <pose/>
    <truncated/>
    <difficult/>
    <bndbox>
      <xmin>1656.1428571428569</xmin>
      <ymin>1475.7142857142856</ymin>
      <xmax>2173.285714285714</xmax>
      <ymax>1869.9999999999998</ymax>
    </bndbox>
  </object>
  <object>
    <name>na</name>
    <pose/>
    <truncated/>
    <difficult/>
    <bndbox>
      <xmin>2267.5714285714284</xmin>
      <ymin>1512.8571428571427</ymin>
      <xmax>2696.142857142857</xmax>
      <ymax>1927.1428571428569</ymax>
    </bndbox>
  </object>
</annotation>
