<annotation>
  <folder/>
  <filename>IMG_E1633.jpg</filename>
  <database/>
  <annotation/>
  <image/>
  <size>
    <height>2819</height>
    <width>2530</width>
    <depth>3</depth>
  </size>
  <segmented/>
  <object>
    <name>ra</name>
    <pose/>
    <truncated/>
    <difficult/>
    <bndbox>
      <xmin>46.625</xmin>
      <ymin>77.375</ymin>
      <xmax>568.5</xmax>
      <ymax>493.0</ymax>
    </bndbox>
  </object>
  <object>
    <name>na</name>
    <pose/>
    <truncated/>
    <difficult/>
    <bndbox>
      <xmin>784.125</xmin>
      <ymin>86.75</ymin>
      <xmax>1402.875</xmax>
      <ymax>577.375</ymax>
    </bndbox>
  </object>
  <object>
    <name>nya</name>
    <pose/>
    <truncated/>
    <difficult/>
    <bndbox>
      <xmin>1624.75</xmin>
      <ymin>49.25</ymin>
      <xmax>2171.625</xmax>
      <ymax>727.375</ymax>
    </bndbox>
  </object>
  <object>
    <name>la</name>
    <pose/>
    <truncated/>
    <difficult/>
    <bndbox>
      <xmin>156.0</xmin>
      <ymin>1605.5</ymin>
      <xmax>824.75</xmax>
      <ymax>2108.625</ymax>
    </bndbox>
  </object>
  <object>
    <name>da</name>
    <pose/>
    <truncated/>
    <difficult/>
    <bndbox>
      <xmin>1052.875</xmin>
      <ymin>1639.875</ymin>
      <xmax>1577.875</xmax>
      <ymax>2077.375</ymax>
    </bndbox>
  </object>
  <object>
    <name>ja</name>
    <pose/>
    <truncated/>
    <difficult/>
    <bndbox>
      <xmin>1734.125</xmin>
      <ymin>1643.0</ymin>
      <xmax>2468.5</xmax>
      <ymax>2205.5</ymax>
    </bndbox>
  </object>
</annotation>
