<annotation>
  <folder/>
  <filename>IMG_20200522_205818.jpg</filename>
  <database/>
  <annotation/>
  <image/>
  <size>
    <height>2096</height>
    <width>3066</width>
    <depth>3</depth>
  </size>
  <segmented/>
  <object>
    <name>ga</name>
    <pose/>
    <truncated/>
    <difficult/>
    <bndbox>
      <xmin>110.63636363636363</xmin>
      <ymin>181.8181818181818</ymin>
      <xmax>542.4545454545455</xmax>
      <ymax>536.3636363636364</ymax>
    </bndbox>
  </object>
  <object>
    <name>na</name>
    <pose/>
    <truncated/>
    <difficult/>
    <bndbox>
      <xmin>1347.0</xmin>
      <ymin>113.63636363636364</ymin>
      <xmax>1717.4545454545455</xmax>
      <ymax>390.90909090909093</ymax>
    </bndbox>
  </object>
  <object>
    <name>ta</name>
    <pose/>
    <truncated/>
    <difficult/>
    <bndbox>
      <xmin>2387.909090909091</xmin>
      <ymin>109.0909090909091</ymin>
      <xmax>2735.6363636363635</xmax>
      <ymax>418.1818181818182</ymax>
    </bndbox>
  </object>
  <object>
    <name>nya</name>
    <pose/>
    <truncated/>
    <difficult/>
    <bndbox>
      <xmin>147.0</xmin>
      <ymin>1354.5454545454545</ymin>
      <xmax>542.4545454545455</xmax>
      <ymax>1702.2727272727273</ymax>
    </bndbox>
  </object>
  <object>
    <name>nga</name>
    <pose/>
    <truncated/>
    <difficult/>
    <bndbox>
      <xmin>1424.2727272727273</xmin>
      <ymin>1363.6363636363637</ymin>
      <xmax>1806.090909090909</xmax>
      <ymax>1709.090909090909</ymax>
    </bndbox>
  </object>
  <object>
    <name>sa</name>
    <pose/>
    <truncated/>
    <difficult/>
    <bndbox>
      <xmin>2476.5454545454545</xmin>
      <ymin>1452.2727272727273</ymin>
      <xmax>2781.090909090909</xmax>
      <ymax>1734.090909090909</ymax>
    </bndbox>
  </object>
</annotation>
