<annotation>
  <folder/>
  <filename>IMG_20200523_151308.jpg</filename>
  <database/>
  <annotation/>
  <image/>
  <size>
    <height>896</height>
    <width>1562</width>
    <depth>3</depth>
  </size>
  <segmented/>
  <object>
    <name>nga</name>
    <pose/>
    <truncated/>
    <difficult/>
    <bndbox>
      <xmin>30.878787878787875</xmin>
      <ymin>3.3636363636363598</ymin>
      <xmax>168.75757575757575</xmax>
      <ymax>160.93939393939394</ymax>
    </bndbox>
  </object>
  <object>
    <name>na</name>
    <pose/>
    <truncated/>
    <difficult/>
    <bndbox>
      <xmin>591.4848484848485</xmin>
      <ymin>24.575757575757564</ymin>
      <xmax>793.0</xmax>
      <ymax>176.09090909090907</ymax>
    </bndbox>
  </object>
  <object>
    <name>la</name>
    <pose/>
    <truncated/>
    <difficult/>
    <bndbox>
      <xmin>1179.3636363636363</xmin>
      <ymin>12.454545454545453</ymin>
      <xmax>1399.060606060606</xmax>
      <ymax>171.54545454545453</ymax>
    </bndbox>
  </object>
  <object>
    <name>ba</name>
    <pose/>
    <truncated/>
    <difficult/>
    <bndbox>
      <xmin>15.727272727272727</xmin>
      <ymin>450.33333333333326</ymin>
      <xmax>220.27272727272725</xmax>
      <ymax>588.2121212121211</ymax>
    </bndbox>
  </object>
  <object>
    <name>da</name>
    <pose/>
    <truncated/>
    <difficult/>
    <bndbox>
      <xmin>597.5454545454545</xmin>
      <ymin>420.030303030303</ymin>
      <xmax>850.5757575757575</xmax>
      <ymax>620.030303030303</ymax>
    </bndbox>
  </object>
  <object>
    <name>ya</name>
    <pose/>
    <truncated/>
    <difficult/>
    <bndbox>
      <xmin>1185.4242424242423</xmin>
      <ymin>367.0</ymin>
      <xmax>1441.4848484848485</xmax>
      <ymax>535.1818181818181</ymax>
    </bndbox>
  </object>
</annotation>
