<annotation>
  <folder/>
  <filename>IMG_E0843.jpg</filename>
  <database/>
  <annotation/>
  <image/>
  <size>
    <height>1047</height>
    <width>2771</width>
    <depth>3</depth>
  </size>
  <segmented/>
  <object>
    <name>nga</name>
    <pose/>
    <truncated/>
    <difficult/>
    <bndbox>
      <xmin>68.49999999999999</xmin>
      <ymin>158.9285714285714</ymin>
      <xmax>311.35714285714283</xmax>
      <ymax>424.9999999999999</ymax>
    </bndbox>
  </object>
  <object>
    <name>ra</name>
    <pose/>
    <truncated/>
    <difficult/>
    <bndbox>
      <xmin>532.7857142857142</xmin>
      <ymin>189.28571428571422</ymin>
      <xmax>859.5714285714284</xmax>
      <ymax>492.8571428571428</ymax>
    </bndbox>
  </object>
  <object>
    <name>sa</name>
    <pose/>
    <truncated/>
    <difficult/>
    <bndbox>
      <xmin>1016.7142857142856</xmin>
      <ymin>225.0</ymin>
      <xmax>1291.7142857142856</xmax>
      <ymax>505.3571428571428</ymax>
    </bndbox>
  </object>
  <object>
    <name>ta</name>
    <pose/>
    <truncated/>
    <difficult/>
    <bndbox>
      <xmin>1432.7857142857142</xmin>
      <ymin>228.57142857142856</ymin>
      <xmax>1711.3571428571427</xmax>
      <ymax>517.8571428571428</ymax>
    </bndbox>
  </object>
  <object>
    <name>la</name>
    <pose/>
    <truncated/>
    <difficult/>
    <bndbox>
      <xmin>1805.9999999999998</xmin>
      <ymin>262.5</ymin>
      <xmax>2156.0</xmax>
      <ymax>532.1428571428571</ymax>
    </bndbox>
  </object>
  <object>
    <name>da</name>
    <pose/>
    <truncated/>
    <difficult/>
    <bndbox>
      <xmin>2304.2142857142853</xmin>
      <ymin>230.35714285714278</ymin>
      <xmax>2605.9999999999995</xmax>
      <ymax>517.8571428571428</ymax>
    </bndbox>
  </object>
</annotation>
