<annotation>
  <folder/>
  <filename>IMG_E1021.jpg</filename>
  <database/>
  <annotation/>
  <image/>
  <size>
    <height>2416</height>
    <width>2666</width>
    <depth>3</depth>
  </size>
  <segmented/>
  <object>
    <name>la</name>
    <pose/>
    <truncated/>
    <difficult/>
    <bndbox>
      <xmin>20.263157894736878</xmin>
      <ymin>49.26315789473684</ymin>
      <xmax>493.9473684210527</xmax>
      <ymax>425.57894736842104</ymax>
    </bndbox>
  </object>
  <object>
    <name>a</name>
    <pose/>
    <truncated/>
    <difficult/>
    <bndbox>
      <xmin>633.421052631579</xmin>
      <ymin>99.26315789473684</ymin>
      <xmax>1146.578947368421</xmax>
      <ymax>380.84210526315786</ymax>
    </bndbox>
  </object>
  <object>
    <name>wa</name>
    <pose/>
    <truncated/>
    <difficult/>
    <bndbox>
      <xmin>1217.6315789473683</xmin>
      <ymin>22.94736842105263</ymin>
      <xmax>1707.1052631578946</xmax>
      <ymax>396.63157894736844</ymax>
    </bndbox>
  </object>
  <object>
    <name>ba</name>
    <pose/>
    <truncated/>
    <difficult/>
    <bndbox>
      <xmin>1857.1052631578946</xmin>
      <ymin>7.157894736842104</ymin>
      <xmax>2409.736842105263</xmax>
      <ymax>388.7368421052632</ymax>
    </bndbox>
  </object>
  <object>
    <name>ga</name>
    <pose/>
    <truncated/>
    <difficult/>
    <bndbox>
      <xmin>57.10526315789468</xmin>
      <ymin>1241.3684210526317</ymin>
      <xmax>520.2631578947369</xmax>
      <ymax>1607.157894736842</ymax>
    </bndbox>
  </object>
  <object>
    <name>ta</name>
    <pose/>
    <truncated/>
    <difficult/>
    <bndbox>
      <xmin>786.0526315789473</xmin>
      <ymin>1204.5263157894738</ymin>
      <xmax>1270.2631578947369</xmax>
      <ymax>1691.3684210526314</ymax>
    </bndbox>
  </object>
  <object>
    <name>ma</name>
    <pose/>
    <truncated/>
    <difficult/>
    <bndbox>
      <xmin>1430.7894736842104</xmin>
      <ymin>1233.4736842105262</ymin>
      <xmax>2051.842105263158</xmax>
      <ymax>1670.3157894736842</ymax>
    </bndbox>
  </object>
  <object>
    <name>na</name>
    <pose/>
    <truncated/>
    <difficult/>
    <bndbox>
      <xmin>2167.6315789473683</xmin>
      <ymin>1257.157894736842</ymin>
      <xmax>2625.5263157894738</xmax>
      <ymax>1636.1052631578948</ymax>
    </bndbox>
  </object>
</annotation>
