<annotation>
  <folder/>
  <filename>IMG_E1608.jpg</filename>
  <database/>
  <annotation/>
  <image/>
  <size>
    <height>2666</height>
    <width>2176</width>
    <depth>3</depth>
  </size>
  <segmented/>
  <object>
    <name>a</name>
    <pose/>
    <truncated/>
    <difficult/>
    <bndbox>
      <xmin>74.0</xmin>
      <ymin>99.52941176470587</ymin>
      <xmax>626.9411764705881</xmax>
      <ymax>499.52941176470586</ymax>
    </bndbox>
  </object>
  <object>
    <name>pa</name>
    <pose/>
    <truncated/>
    <difficult/>
    <bndbox>
      <xmin>791.6470588235293</xmin>
      <ymin>149.52941176470588</ymin>
      <xmax>1256.3529411764703</xmax>
      <ymax>440.70588235294116</ymax>
    </bndbox>
  </object>
  <object>
    <name>wa</name>
    <pose/>
    <truncated/>
    <difficult/>
    <bndbox>
      <xmin>1441.6470588235293</xmin>
      <ymin>146.58823529411762</ymin>
      <xmax>1909.2941176470586</xmax>
      <ymax>493.6470588235294</ymax>
    </bndbox>
  </object>
  <object>
    <name>ra</name>
    <pose/>
    <truncated/>
    <difficult/>
    <bndbox>
      <xmin>91.64705882352928</xmin>
      <ymin>1343.6470588235293</ymin>
      <xmax>615.1764705882351</xmax>
      <ymax>1749.5294117647059</ymax>
    </bndbox>
  </object>
  <object>
    <name>nga</name>
    <pose/>
    <truncated/>
    <difficult/>
    <bndbox>
      <xmin>882.8235294117644</xmin>
      <ymin>1478.941176470588</ymin>
      <xmax>1221.0588235294117</xmax>
      <ymax>1811.2941176470588</ymax>
    </bndbox>
  </object>
  <object>
    <name>ta</name>
    <pose/>
    <truncated/>
    <difficult/>
    <bndbox>
      <xmin>1521.0588235294117</xmin>
      <ymin>1399.5294117647059</ymin>
      <xmax>1997.5294117647059</xmax>
      <ymax>1899.5294117647059</ymax>
    </bndbox>
  </object>
</annotation>
