<annotation>
  <folder/>
  <filename>IMG_E0895.jpg</filename>
  <database/>
  <annotation/>
  <image/>
  <size>
    <height>2579</height>
    <width>2623</width>
    <depth>3</depth>
  </size>
  <segmented/>
  <object>
    <name>a</name>
    <pose/>
    <truncated/>
    <difficult/>
    <bndbox>
      <xmin>17.28571428571422</xmin>
      <ymin>139.57142857142856</ymin>
      <xmax>477.2857142857142</xmax>
      <ymax>425.2857142857142</ymax>
    </bndbox>
  </object>
  <object>
    <name>ma</name>
    <pose/>
    <truncated/>
    <difficult/>
    <bndbox>
      <xmin>680.1428571428569</xmin>
      <ymin>62.428571428571416</ymin>
      <xmax>1225.8571428571427</xmax>
      <ymax>373.85714285714283</ymax>
    </bndbox>
  </object>
  <object>
    <name>da</name>
    <pose/>
    <truncated/>
    <difficult/>
    <bndbox>
      <xmin>1388.7142857142853</xmin>
      <ymin>76.71428571428571</ymin>
      <xmax>1702.9999999999995</xmax>
      <ymax>370.99999999999994</ymax>
    </bndbox>
  </object>
  <object>
    <name>ha</name>
    <pose/>
    <truncated/>
    <difficult/>
    <bndbox>
      <xmin>1840.1428571428569</xmin>
      <ymin>39.57142857142857</ymin>
      <xmax>2245.8571428571427</xmax>
      <ymax>430.99999999999994</ymax>
    </bndbox>
  </object>
  <object>
    <name>ba</name>
    <pose/>
    <truncated/>
    <difficult/>
    <bndbox>
      <xmin>128.71428571428555</xmin>
      <ymin>1390.9999999999998</ymin>
      <xmax>614.4285714285713</xmax>
      <ymax>1782.4285714285713</ymax>
    </bndbox>
  </object>
  <object>
    <name>pa</name>
    <pose/>
    <truncated/>
    <difficult/>
    <bndbox>
      <xmin>834.4285714285713</xmin>
      <ymin>1499.5714285714284</ymin>
      <xmax>1297.2857142857142</xmax>
      <ymax>1702.4285714285713</ymax>
    </bndbox>
  </object>
  <object>
    <name>nga</name>
    <pose/>
    <truncated/>
    <difficult/>
    <bndbox>
      <xmin>1551.5714285714284</xmin>
      <ymin>1373.8571428571427</ymin>
      <xmax>1920.1428571428569</xmax>
      <ymax>1782.4285714285713</ymax>
    </bndbox>
  </object>
  <object>
    <name>ja</name>
    <pose/>
    <truncated/>
    <difficult/>
    <bndbox>
      <xmin>2060.142857142857</xmin>
      <ymin>1405.2857142857142</ymin>
      <xmax>2600.142857142857</xmax>
      <ymax>1828.1428571428569</ymax>
    </bndbox>
  </object>
</annotation>
