<annotation>
  <folder/>
  <filename>IMG_20200523_152407.jpg</filename>
  <database/>
  <annotation/>
  <image/>
  <size>
    <height>1322</height>
    <width>1196</width>
    <depth>3</depth>
  </size>
  <segmented/>
  <object>
    <name>ha</name>
    <pose/>
    <truncated/>
    <difficult/>
    <bndbox>
      <xmin>134.86792452830184</xmin>
      <ymin>70.69811320754717</ymin>
      <xmax>316.0</xmax>
      <ymax>242.39622641509433</ymax>
    </bndbox>
  </object>
  <object>
    <name>ja</name>
    <pose/>
    <truncated/>
    <difficult/>
    <bndbox>
      <xmin>468.8301886792452</xmin>
      <ymin>17.867924528301884</ymin>
      <xmax>670.7169811320755</xmax>
      <ymax>212.2075471698113</ymax>
    </bndbox>
  </object>
  <object>
    <name>ta</name>
    <pose/>
    <truncated/>
    <difficult/>
    <bndbox>
      <xmin>827.3207547169811</xmin>
      <ymin>42.39622641509434</ymin>
      <xmax>1014.1132075471698</xmax>
      <ymax>225.41509433962264</ymax>
    </bndbox>
  </object>
  <object>
    <name>nya</name>
    <pose/>
    <truncated/>
    <difficult/>
    <bndbox>
      <xmin>102.79245283018867</xmin>
      <ymin>697.1132075471697</ymin>
      <xmax>287.6981132075472</xmax>
      <ymax>859.3773584905659</ymax>
    </bndbox>
  </object>
  <object>
    <name>da</name>
    <pose/>
    <truncated/>
    <difficult/>
    <bndbox>
      <xmin>461.2830188679245</xmin>
      <ymin>657.4905660377358</ymin>
      <xmax>672.6037735849056</xmax>
      <ymax>851.8301886792452</ymax>
    </bndbox>
  </object>
  <object>
    <name>ha</name>
    <pose/>
    <truncated/>
    <difficult/>
    <bndbox>
      <xmin>770.7169811320755</xmin>
      <ymin>674.4716981132075</ymin>
      <xmax>1012.2264150943395</xmax>
      <ymax>838.622641509434</ymax>
    </bndbox>
  </object>
</annotation>
