<annotation>
  <folder/>
  <filename>IMG_E0700.jpg</filename>
  <database/>
  <annotation/>
  <image/>
  <size>
    <height>2532</height>
    <width>1860</width>
    <depth>3</depth>
  </size>
  <segmented/>
  <object>
    <name>na</name>
    <pose/>
    <truncated/>
    <difficult/>
    <bndbox>
      <xmin>74.55555555555566</xmin>
      <ymin>112.77777777777779</ymin>
      <xmax>469.0</xmax>
      <ymax>407.22222222222223</ymax>
    </bndbox>
  </object>
  <object>
    <name>ba</name>
    <pose/>
    <truncated/>
    <difficult/>
    <bndbox>
      <xmin>666.2222222222224</xmin>
      <ymin>151.66666666666669</ymin>
      <xmax>1099.5555555555557</xmax>
      <ymax>471.11111111111114</ymax>
    </bndbox>
  </object>
  <object>
    <name>ha</name>
    <pose/>
    <truncated/>
    <difficult/>
    <bndbox>
      <xmin>1277.3333333333335</xmin>
      <ymin>160.0</ymin>
      <xmax>1707.8888888888891</xmax>
      <ymax>535.0</ymax>
    </bndbox>
  </object>
  <object>
    <name>da</name>
    <pose/>
    <truncated/>
    <difficult/>
    <bndbox>
      <xmin>113.44444444444457</xmin>
      <ymin>1279.4444444444446</ymin>
      <xmax>491.2222222222224</xmax>
      <ymax>1637.7777777777778</ymax>
    </bndbox>
  </object>
  <object>
    <name>pa</name>
    <pose/>
    <truncated/>
    <difficult/>
    <bndbox>
      <xmin>769.0</xmin>
      <ymin>1426.6666666666667</ymin>
      <xmax>1082.8888888888891</xmax>
      <ymax>1615.5555555555557</ymax>
    </bndbox>
  </object>
  <object>
    <name>ra</name>
    <pose/>
    <truncated/>
    <difficult/>
    <bndbox>
      <xmin>1382.8888888888891</xmin>
      <ymin>1404.4444444444446</ymin>
      <xmax>1788.4444444444443</xmax>
      <ymax>1796.111111111111</ymax>
    </bndbox>
  </object>
</annotation>
