<annotation>
  <folder/>
  <filename>IMG_E9084.jpg</filename>
  <database/>
  <annotation/>
  <image/>
  <size>
    <height>1464</height>
    <width>3024</width>
    <depth>3</depth>
  </size>
  <segmented/>
  <object>
    <name>ho</name>
    <pose/>
    <truncated/>
    <difficult/>
    <bndbox>
      <xmin>106.16326530612245</xmin>
      <ymin>54.51020408163265</ymin>
      <xmax>793.9183673469388</xmax>
      <ymax>517.7755102040817</ymax>
    </bndbox>
  </object>
  <object>
    <name>ne</name>
    <pose/>
    <truncated/>
    <difficult/>
    <bndbox>
      <xmin>869.4285714285714</xmin>
      <ymin>103.48979591836735</ymin>
      <xmax>1400.0408163265306</xmax>
      <ymax>525.9387755102041</ymax>
    </bndbox>
  </object>
  <object>
    <name>s</name>
    <pose/>
    <truncated/>
    <difficult/>
    <bndbox>
      <xmin>1498.0</xmin>
      <ymin>32.06122448979593</ymin>
      <xmax>2130.6530612244896</xmax>
      <ymax>603.4897959183673</ymax>
    </bndbox>
  </object>
  <object>
    <name>li</name>
    <pose/>
    <truncated/>
    <difficult/>
    <bndbox>
      <xmin>2308.204081632653</xmin>
      <ymin>117.77551020408163</ymin>
      <xmax>2924.530612244898</xmax>
      <ymax>599.4081632653061</ymax>
    </bndbox>
  </object>
</annotation>
