<annotation>
  <folder/>
  <filename>IMG_E0840.jpg</filename>
  <database/>
  <annotation/>
  <image/>
  <size>
    <height>2531</height>
    <width>2568</width>
    <depth>3</depth>
  </size>
  <segmented/>
  <object>
    <name>a</name>
    <pose/>
    <truncated/>
    <difficult/>
    <bndbox>
      <xmin>17.444444444444457</xmin>
      <ymin>195.11111111111111</ymin>
      <xmax>453.55555555555566</xmax>
      <ymax>486.77777777777777</ymax>
    </bndbox>
  </object>
  <object>
    <name>ja</name>
    <pose/>
    <truncated/>
    <difficult/>
    <bndbox>
      <xmin>728.5555555555557</xmin>
      <ymin>128.44444444444446</ymin>
      <xmax>1206.3333333333335</xmax>
      <ymax>456.22222222222223</ymax>
    </bndbox>
  </object>
  <object>
    <name>nya</name>
    <pose/>
    <truncated/>
    <difficult/>
    <bndbox>
      <xmin>1356.3333333333335</xmin>
      <ymin>128.44444444444446</ymin>
      <xmax>1761.8888888888891</xmax>
      <ymax>470.11111111111114</ymax>
    </bndbox>
  </object>
  <object>
    <name>wa</name>
    <pose/>
    <truncated/>
    <difficult/>
    <bndbox>
      <xmin>1878.5555555555557</xmin>
      <ymin>159.0</ymin>
      <xmax>2339.666666666667</xmax>
      <ymax>442.33333333333337</ymax>
    </bndbox>
  </object>
  <object>
    <name>ya</name>
    <pose/>
    <truncated/>
    <difficult/>
    <bndbox>
      <xmin>100.77777777777783</xmin>
      <ymin>1456.2222222222222</ymin>
      <xmax>553.5555555555557</xmax>
      <ymax>1789.5555555555557</ymax>
    </bndbox>
  </object>
  <object>
    <name>wa</name>
    <pose/>
    <truncated/>
    <difficult/>
    <bndbox>
      <xmin>842.4444444444446</xmin>
      <ymin>1472.888888888889</ymin>
      <xmax>1242.4444444444443</xmax>
      <ymax>1778.4444444444446</ymax>
    </bndbox>
  </object>
  <object>
    <name>ma</name>
    <pose/>
    <truncated/>
    <difficult/>
    <bndbox>
      <xmin>1459.1111111111113</xmin>
      <ymin>1467.3333333333335</ymin>
      <xmax>1956.3333333333335</xmax>
      <ymax>1761.7777777777778</ymax>
    </bndbox>
  </object>
  <object>
    <name>ha</name>
    <pose/>
    <truncated/>
    <difficult/>
    <bndbox>
      <xmin>2156.3333333333335</xmin>
      <ymin>1434.0</ymin>
      <xmax>2509.1111111111113</xmax>
      <ymax>1789.5555555555557</ymax>
    </bndbox>
  </object>
</annotation>
