<annotation>
  <folder/>
  <filename>IMG_20200522_193009.jpg</filename>
  <database/>
  <annotation/>
  <image/>
  <size>
    <height>1886</height>
    <width>2600</width>
    <depth>3</depth>
  </size>
  <segmented/>
  <object>
    <name>a</name>
    <pose/>
    <truncated/>
    <difficult/>
    <bndbox>
      <xmin>35.916666666666686</xmin>
      <ymin>100.75</ymin>
      <xmax>340.08333333333337</xmax>
      <ymax>361.1666666666667</ymax>
    </bndbox>
  </object>
  <object>
    <name>la</name>
    <pose/>
    <truncated/>
    <difficult/>
    <bndbox>
      <xmin>1113.0</xmin>
      <ymin>152.83333333333334</ymin>
      <xmax>1502.5833333333335</xmax>
      <ymax>411.1666666666667</ymax>
    </bndbox>
  </object>
  <object>
    <name>nga</name>
    <pose/>
    <truncated/>
    <difficult/>
    <bndbox>
      <xmin>2092.166666666667</xmin>
      <ymin>211.16666666666669</ymin>
      <xmax>2340.0833333333335</xmax>
      <ymax>490.33333333333337</ymax>
    </bndbox>
  </object>
  <object>
    <name>sa</name>
    <pose/>
    <truncated/>
    <difficult/>
    <bndbox>
      <xmin>35.916666666666686</xmin>
      <ymin>1021.5833333333335</ymin>
      <xmax>271.33333333333337</xmax>
      <ymax>1261.1666666666667</ymax>
    </bndbox>
  </object>
  <object>
    <name>ta</name>
    <pose/>
    <truncated/>
    <difficult/>
    <bndbox>
      <xmin>1040.0833333333335</xmin>
      <ymin>1134.0833333333335</ymin>
      <xmax>1346.3333333333335</xmax>
      <ymax>1338.25</ymax>
    </bndbox>
  </object>
  <object>
    <name>ra</name>
    <pose/>
    <truncated/>
    <difficult/>
    <bndbox>
      <xmin>2125.5</xmin>
      <ymin>1182.0</ymin>
      <xmax>2473.416666666667</xmax>
      <ymax>1450.75</ymax>
    </bndbox>
  </object>
</annotation>
