<annotation>
  <folder/>
  <filename>IMG_E0674.jpg</filename>
  <database/>
  <annotation/>
  <image/>
  <size>
    <height>1055</height>
    <width>3647</width>
    <depth>3</depth>
  </size>
  <segmented/>
  <object>
    <name>ya</name>
    <pose/>
    <truncated/>
    <difficult/>
    <bndbox>
      <xmin>17.25581395348837</xmin>
      <ymin>117.79069767441865</ymin>
      <xmax>531.2093023255813</xmax>
      <ymax>408.48837209302326</ymax>
    </bndbox>
  </object>
  <object>
    <name>ta</name>
    <pose/>
    <truncated/>
    <difficult/>
    <bndbox>
      <xmin>770.7441860465117</xmin>
      <ymin>43.37209302325584</ymin>
      <xmax>1149.8139534883721</xmax>
      <ymax>436.3953488372093</ymax>
    </bndbox>
  </object>
  <object>
    <name>nga</name>
    <pose/>
    <truncated/>
    <difficult/>
    <bndbox>
      <xmin>1356.7906976744187</xmin>
      <ymin>96.8604651162791</ymin>
      <xmax>1707.953488372093</xmax>
      <ymax>401.51162790697674</ymax>
    </bndbox>
  </object>
  <object>
    <name>ha</name>
    <pose/>
    <truncated/>
    <difficult/>
    <bndbox>
      <xmin>1924.2325581395348</xmin>
      <ymin>75.93023255813955</ymin>
      <xmax>2328.883720930233</xmax>
      <ymax>448.0232558139535</ymax>
    </bndbox>
  </object>
  <object>
    <name>la</name>
    <pose/>
    <truncated/>
    <difficult/>
    <bndbox>
      <xmin>2468.4186046511627</xmin>
      <ymin>103.83720930232562</ymin>
      <xmax>2877.720930232558</xmax>
      <ymax>392.20930232558146</ymax>
    </bndbox>
  </object>
  <object>
    <name>pa</name>
    <pose/>
    <truncated/>
    <difficult/>
    <bndbox>
      <xmin>3047.4883720930234</xmin>
      <ymin>173.60465116279067</ymin>
      <xmax>3454.4651162790697</xmax>
      <ymax>308.48837209302326</ymax>
    </bndbox>
  </object>
</annotation>
