<annotation>
  <folder/>
  <filename>IMG_20200523_172648.jpg</filename>
  <database/>
  <annotation/>
  <image/>
  <size>
    <height>1375</height>
    <width>1068</width>
    <depth>3</depth>
  </size>
  <segmented/>
  <object>
    <name>la</name>
    <pose/>
    <truncated/>
    <difficult/>
    <bndbox>
      <xmin>87.86567164179098</xmin>
      <ymin>106.46268656716417</ymin>
      <xmax>316.22388059701484</xmax>
      <ymax>325.86567164179104</ymax>
    </bndbox>
  </object>
  <object>
    <name>ha</name>
    <pose/>
    <truncated/>
    <difficult/>
    <bndbox>
      <xmin>405.77611940298493</xmin>
      <ymin>107.955223880597</ymin>
      <xmax>623.686567164179</xmax>
      <ymax>313.92537313432837</ymax>
    </bndbox>
  </object>
  <object>
    <name>a</name>
    <pose/>
    <truncated/>
    <difficult/>
    <bndbox>
      <xmin>838.6119402985073</xmin>
      <ymin>137.8059701492537</ymin>
      <xmax>1049.0597014925372</xmax>
      <ymax>296.0149253731343</ymax>
    </bndbox>
  </object>
  <object>
    <name>ga</name>
    <pose/>
    <truncated/>
    <difficult/>
    <bndbox>
      <xmin>4.283582089552169</xmin>
      <ymin>751.2388059701492</ymin>
      <xmax>198.3134328358209</xmax>
      <ymax>951.2388059701492</ymax>
    </bndbox>
  </object>
  <object>
    <name>nga</name>
    <pose/>
    <truncated/>
    <difficult/>
    <bndbox>
      <xmin>371.4477611940298</xmin>
      <ymin>787.0597014925372</ymin>
      <xmax>611.7462686567164</xmax>
      <ymax>960.1940298507462</ymax>
    </bndbox>
  </object>
  <object>
    <name>ha</name>
    <pose/>
    <truncated/>
    <difficult/>
    <bndbox>
      <xmin>802.7910447761194</xmin>
      <ymin>696.0149253731342</ymin>
      <xmax>980.4029850746267</xmax>
      <ymax>906.4626865671642</ymax>
    </bndbox>
  </object>
</annotation>
