<annotation>
  <folder/>
  <filename>IMG_20200523_114320.jpg</filename>
  <database/>
  <annotation/>
  <image/>
  <size>
    <height>1838</height>
    <width>2792</width>
    <depth>3</depth>
  </size>
  <segmented/>
  <object>
    <name>la</name>
    <pose/>
    <truncated/>
    <difficult/>
    <bndbox>
      <xmin>187.11111111111111</xmin>
      <ymin>63.777777777777786</ymin>
      <xmax>431.5555555555556</xmax>
      <ymax>241.55555555555557</ymax>
    </bndbox>
  </object>
  <object>
    <name>a</name>
    <pose/>
    <truncated/>
    <difficult/>
    <bndbox>
      <xmin>1209.3333333333335</xmin>
      <ymin>158.22222222222223</ymin>
      <xmax>1489.888888888889</xmax>
      <ymax>349.8888888888889</ymax>
    </bndbox>
  </object>
  <object>
    <name>da</name>
    <pose/>
    <truncated/>
    <difficult/>
    <bndbox>
      <xmin>2151.0</xmin>
      <ymin>180.44444444444446</ymin>
      <xmax>2348.222222222222</xmax>
      <ymax>391.55555555555554</ymax>
    </bndbox>
  </object>
  <object>
    <name>nya</name>
    <pose/>
    <truncated/>
    <difficult/>
    <bndbox>
      <xmin>189.88888888888889</xmin>
      <ymin>994.3333333333334</ymin>
      <xmax>406.5555555555556</xmax>
      <ymax>1191.5555555555557</ymax>
    </bndbox>
  </object>
  <object>
    <name>nga</name>
    <pose/>
    <truncated/>
    <difficult/>
    <bndbox>
      <xmin>1170.4444444444446</xmin>
      <ymin>1094.3333333333335</ymin>
      <xmax>1401.0</xmax>
      <ymax>1291.5555555555557</ymax>
    </bndbox>
  </object>
  <object>
    <name>na</name>
    <pose/>
    <truncated/>
    <difficult/>
    <bndbox>
      <xmin>2278.777777777778</xmin>
      <ymin>1030.4444444444446</ymin>
      <xmax>2501.0</xmax>
      <ymax>1297.111111111111</ymax>
    </bndbox>
  </object>
</annotation>
