<annotation>
  <folder/>
  <filename>IMG_20200523_124949.jpg</filename>
  <database/>
  <annotation/>
  <image/>
  <size>
    <height>1384</height>
    <width>2022</width>
    <depth>3</depth>
  </size>
  <segmented/>
  <object>
    <name>ra</name>
    <pose/>
    <truncated/>
    <difficult/>
    <bndbox>
      <xmin>93.72727272727269</xmin>
      <ymin>8.15151515151515</ymin>
      <xmax>346.75757575757575</xmax>
      <ymax>224.8181818181818</ymax>
    </bndbox>
  </object>
  <object>
    <name>ta</name>
    <pose/>
    <truncated/>
    <difficult/>
    <bndbox>
      <xmin>802.8181818181818</xmin>
      <ymin>80.87878787878788</ymin>
      <xmax>1054.3333333333333</xmax>
      <ymax>332.3939393939394</ymax>
    </bndbox>
  </object>
  <object>
    <name>sa</name>
    <pose/>
    <truncated/>
    <difficult/>
    <bndbox>
      <xmin>1501.3030303030303</xmin>
      <ymin>136.93939393939394</ymin>
      <xmax>1774.030303030303</xmax>
      <ymax>347.5454545454545</ymax>
    </bndbox>
  </object>
  <object>
    <name>nya</name>
    <pose/>
    <truncated/>
    <difficult/>
    <bndbox>
      <xmin>54.333333333333314</xmin>
      <ymin>550.5757575757575</ymin>
      <xmax>345.24242424242425</xmax>
      <ymax>789.9696969696969</ymax>
    </bndbox>
  </object>
  <object>
    <name>pa</name>
    <pose/>
    <truncated/>
    <difficult/>
    <bndbox>
      <xmin>748.2727272727273</xmin>
      <ymin>665.7272727272727</ymin>
      <xmax>1014.939393939394</xmax>
      <ymax>858.1515151515151</ymax>
    </bndbox>
  </object>
  <object>
    <name>na</name>
    <pose/>
    <truncated/>
    <difficult/>
    <bndbox>
      <xmin>1483.121212121212</xmin>
      <ymin>743.0</ymin>
      <xmax>1736.151515151515</xmax>
      <ymax>1000.5757575757575</ymax>
    </bndbox>
  </object>
</annotation>
