<annotation>
  <folder/>
  <filename>IMG_E9290.jpg</filename>
  <database/>
  <annotation/>
  <image/>
  <size>
    <height>1119</height>
    <width>3024</width>
    <depth>3</depth>
  </size>
  <segmented/>
  <object>
    <name>pa</name>
    <pose/>
    <truncated/>
    <difficult/>
    <bndbox>
      <xmin>67.38775510204081</xmin>
      <ymin>31.48979591836735</ymin>
      <xmax>555.1428571428571</xmax>
      <ymax>335.57142857142856</ymax>
    </bndbox>
  </object>
  <object>
    <name>g</name>
    <pose/>
    <truncated/>
    <difficult/>
    <bndbox>
      <xmin>626.5714285714286</xmin>
      <ymin>58.0204081632653</ymin>
      <xmax>1159.2244897959183</xmax>
      <ymax>382.51020408163265</ymax>
    </bndbox>
  </object>
  <object>
    <name>si</name>
    <pose/>
    <truncated/>
    <difficult/>
    <bndbox>
      <xmin>1312.2857142857142</xmin>
      <ymin>74.34693877551024</ymin>
      <xmax>1783.7142857142858</xmax>
      <ymax>447.8163265306123</ymax>
    </bndbox>
  </object>
  <object>
    <name>ya</name>
    <pose/>
    <truncated/>
    <difficult/>
    <bndbox>
      <xmin>1891.8775510204082</xmin>
      <ymin>43.734693877551024</ymin>
      <xmax>2349.0204081632655</xmax>
      <ymax>425.36734693877554</ymax>
    </bndbox>
  </object>
  <object>
    <name>n</name>
    <pose/>
    <truncated/>
    <difficult/>
    <bndbox>
      <xmin>2379.6326530612246</xmin>
      <ymin>80.46938775510205</ymin>
      <xmax>2798.0</xmax>
      <ymax>402.9183673469388</ymax>
    </bndbox>
  </object>
</annotation>
