<annotation>
  <folder/>
  <filename>IMG_20200523_122645.jpg</filename>
  <database/>
  <annotation/>
  <image/>
  <size>
    <height>1036</height>
    <width>1626</width>
    <depth>3</depth>
  </size>
  <segmented/>
  <object>
    <name>la</name>
    <pose/>
    <truncated/>
    <difficult/>
    <bndbox>
      <xmin>42.35955056179775</xmin>
      <ymin>5.617977528089887</ymin>
      <xmax>255.8426966292135</xmax>
      <ymax>107.86516853932584</ymax>
    </bndbox>
  </object>
  <object>
    <name>da</name>
    <pose/>
    <truncated/>
    <difficult/>
    <bndbox>
      <xmin>777.191011235955</xmin>
      <ymin>2.247191011235955</ymin>
      <xmax>985.056179775281</xmax>
      <ymax>167.41573033707866</ymax>
    </bndbox>
  </object>
  <object>
    <name>ba</name>
    <pose/>
    <truncated/>
    <difficult/>
    <bndbox>
      <xmin>1362.5842696629213</xmin>
      <ymin>62.92134831460674</ymin>
      <xmax>1570.4494382022472</xmax>
      <ymax>220.22471910112358</ymax>
    </bndbox>
  </object>
  <object>
    <name>ga</name>
    <pose/>
    <truncated/>
    <difficult/>
    <bndbox>
      <xmin>87.30337078651687</xmin>
      <ymin>497.75280898876406</ymin>
      <xmax>299.6629213483146</xmax>
      <ymax>626.9662921348314</ymax>
    </bndbox>
  </object>
  <object>
    <name>na</name>
    <pose/>
    <truncated/>
    <difficult/>
    <bndbox>
      <xmin>774.943820224719</xmin>
      <ymin>534.8314606741573</ymin>
      <xmax>1043.4831460674156</xmax>
      <ymax>721.3483146067416</ymax>
    </bndbox>
  </object>
  <object>
    <name>nya</name>
    <pose/>
    <truncated/>
    <difficult/>
    <bndbox>
      <xmin>1359.2134831460673</xmin>
      <ymin>556.1797752808989</ymin>
      <xmax>1605.2808988764045</xmax>
      <ymax>782.0224719101124</ymax>
    </bndbox>
  </object>
</annotation>
