<annotation>
  <folder/>
  <filename>IMG_20200522_172345.jpg</filename>
  <database/>
  <annotation/>
  <image/>
  <size>
    <height>1776</height>
    <width>2808</width>
    <depth>3</depth>
  </size>
  <segmented/>
  <object>
    <name>ba</name>
    <pose/>
    <truncated/>
    <difficult/>
    <bndbox>
      <xmin>84.56862745098039</xmin>
      <ymin>127.13725490196077</ymin>
      <xmax>306.1372549019608</xmax>
      <ymax>309.4901960784314</ymax>
    </bndbox>
  </object>
  <object>
    <name>da</name>
    <pose/>
    <truncated/>
    <difficult/>
    <bndbox>
      <xmin>1006.1372549019607</xmin>
      <ymin>62.43137254901961</ymin>
      <xmax>1182.6078431372548</xmax>
      <ymax>262.4313725490196</ymax>
    </bndbox>
  </object>
  <object>
    <name>la</name>
    <pose/>
    <truncated/>
    <difficult/>
    <bndbox>
      <xmin>1770.8431372549019</xmin>
      <ymin>46.745098039215684</ymin>
      <xmax>2117.901960784314</xmax>
      <ymax>211.45098039215685</ymax>
    </bndbox>
  </object>
  <object>
    <name>wa</name>
    <pose/>
    <truncated/>
    <difficult/>
    <bndbox>
      <xmin>151.23529411764707</xmin>
      <ymin>905.5686274509803</ymin>
      <xmax>451.2352941176471</xmax>
      <ymax>1076.1568627450981</ymax>
    </bndbox>
  </object>
  <object>
    <name>ga</name>
    <pose/>
    <truncated/>
    <difficult/>
    <bndbox>
      <xmin>1086.5294117647059</xmin>
      <ymin>866.3529411764706</ymin>
      <xmax>1378.686274509804</xmax>
      <ymax>1050.6666666666667</ymax>
    </bndbox>
  </object>
  <object>
    <name>nga</name>
    <pose/>
    <truncated/>
    <difficult/>
    <bndbox>
      <xmin>1959.078431372549</xmin>
      <ymin>931.0588235294117</ymin>
      <xmax>2151.235294117647</xmax>
      <ymax>1070.2745098039215</ymax>
    </bndbox>
  </object>
</annotation>
