<annotation>
  <folder/>
  <filename>IMG_E1547.jpg</filename>
  <database/>
  <annotation/>
  <image/>
  <size>
    <height>2671</height>
    <width>2547</width>
    <depth>3</depth>
  </size>
  <segmented/>
  <object>
    <name>nga</name>
    <pose/>
    <truncated/>
    <difficult/>
    <bndbox>
      <xmin>44.29411764705878</xmin>
      <ymin>87.8235294117647</ymin>
      <xmax>470.7647058823529</xmax>
      <ymax>540.7647058823529</ymax>
    </bndbox>
  </object>
  <object>
    <name>ta</name>
    <pose/>
    <truncated/>
    <difficult/>
    <bndbox>
      <xmin>817.8235294117646</xmin>
      <ymin>87.8235294117647</ymin>
      <xmax>1359.0</xmax>
      <ymax>596.6470588235294</ymax>
    </bndbox>
  </object>
  <object>
    <name>ha</name>
    <pose/>
    <truncated/>
    <difficult/>
    <bndbox>
      <xmin>1620.7647058823527</xmin>
      <ymin>131.94117647058823</ymin>
      <xmax>2350.176470588235</xmax>
      <ymax>605.470588235294</ymax>
    </bndbox>
  </object>
  <object>
    <name>pa</name>
    <pose/>
    <truncated/>
    <difficult/>
    <bndbox>
      <xmin>150.17647058823513</xmin>
      <ymin>1611.3529411764705</ymin>
      <xmax>679.5882352941176</xmax>
      <ymax>1858.4117647058822</ymax>
    </bndbox>
  </object>
  <object>
    <name>sa</name>
    <pose/>
    <truncated/>
    <difficult/>
    <bndbox>
      <xmin>950.1764705882351</xmin>
      <ymin>1505.470588235294</ymin>
      <xmax>1544.2941176470586</xmax>
      <ymax>2037.8235294117644</ymax>
    </bndbox>
  </object>
  <object>
    <name>ra</name>
    <pose/>
    <truncated/>
    <difficult/>
    <bndbox>
      <xmin>1876.6470588235293</xmin>
      <ymin>1502.5294117647059</ymin>
      <xmax>2497.235294117647</xmax>
      <ymax>2037.8235294117644</ymax>
    </bndbox>
  </object>
</annotation>
