<annotation>
  <folder/>
  <filename>IMG_E1791.jpg</filename>
  <database/>
  <annotation/>
  <image/>
  <size>
    <height>2921</height>
    <width>2517</width>
    <depth>3</depth>
  </size>
  <segmented/>
  <object>
    <name>ma</name>
    <pose/>
    <truncated/>
    <difficult/>
    <bndbox>
      <xmin>13.54838709677415</xmin>
      <ymin>94.58064516129032</ymin>
      <xmax>700.6451612903227</xmax>
      <ymax>523.6129032258065</ymax>
    </bndbox>
  </object>
  <object>
    <name>ga</name>
    <pose/>
    <truncated/>
    <difficult/>
    <bndbox>
      <xmin>1042.5806451612902</xmin>
      <ymin>172.0</ymin>
      <xmax>1571.6129032258063</xmax>
      <ymax>472.0</ymax>
    </bndbox>
  </object>
  <object>
    <name>ha</name>
    <pose/>
    <truncated/>
    <difficult/>
    <bndbox>
      <xmin>1816.7741935483873</xmin>
      <ymin>172.0</ymin>
      <xmax>2387.741935483871</xmax>
      <ymax>604.258064516129</ymax>
    </bndbox>
  </object>
  <object>
    <name>pa</name>
    <pose/>
    <truncated/>
    <difficult/>
    <bndbox>
      <xmin>123.22580645161293</xmin>
      <ymin>1713.9354838709678</ymin>
      <xmax>587.741935483871</xmax>
      <ymax>1981.6774193548388</ymax>
    </bndbox>
  </object>
  <object>
    <name>nga</name>
    <pose/>
    <truncated/>
    <difficult/>
    <bndbox>
      <xmin>997.4193548387098</xmin>
      <ymin>1636.516129032258</ymin>
      <xmax>1507.0967741935483</xmax>
      <ymax>2159.0967741935483</ymax>
    </bndbox>
  </object>
  <object>
    <name>nga</name>
    <pose/>
    <truncated/>
    <difficult/>
    <bndbox>
      <xmin>1868.3870967741937</xmin>
      <ymin>1668.774193548387</ymin>
      <xmax>2471.6129032258063</xmax>
      <ymax>2155.8709677419356</ymax>
    </bndbox>
  </object>
</annotation>
