<annotation>
  <folder/>
  <filename>IMG_20200523_112237.jpg</filename>
  <database/>
  <annotation/>
  <image/>
  <size>
    <height>1546</height>
    <width>2378</width>
    <depth>3</depth>
  </size>
  <segmented/>
  <object>
    <name>ja</name>
    <pose/>
    <truncated/>
    <difficult/>
    <bndbox>
      <xmin>28.186440677966118</xmin>
      <ymin>18.118644067796613</ymin>
      <xmax>380.728813559322</xmax>
      <ymax>262.1864406779661</ymax>
    </bndbox>
  </object>
  <object>
    <name>nga</name>
    <pose/>
    <truncated/>
    <difficult/>
    <bndbox>
      <xmin>972.2542372881358</xmin>
      <ymin>82.52542372881356</ymin>
      <xmax>1294.2881355932204</xmax>
      <ymax>372.35593220338984</ymax>
    </bndbox>
  </object>
  <object>
    <name>nya</name>
    <pose/>
    <truncated/>
    <difficult/>
    <bndbox>
      <xmin>1895.9830508474577</xmin>
      <ymin>135.0677966101695</ymin>
      <xmax>2194.2881355932204</xmax>
      <ymax>441.8474576271187</ymax>
    </bndbox>
  </object>
  <object>
    <name>ta</name>
    <pose/>
    <truncated/>
    <difficult/>
    <bndbox>
      <xmin>77.33898305084747</xmin>
      <ymin>707.9491525423729</ymin>
      <xmax>350.22033898305085</xmax>
      <ymax>1006.2542372881356</ymax>
    </bndbox>
  </object>
  <object>
    <name>ba</name>
    <pose/>
    <truncated/>
    <difficult/>
    <bndbox>
      <xmin>995.9830508474577</xmin>
      <ymin>853.7118644067797</ymin>
      <xmax>1324.7966101694917</xmax>
      <ymax>1091.0</ymax>
    </bndbox>
  </object>
  <object>
    <name>ha</name>
    <pose/>
    <truncated/>
    <difficult/>
    <bndbox>
      <xmin>1843.4406779661017</xmin>
      <ymin>901.1694915254237</ymin>
      <xmax>2182.4237288135596</xmax>
      <ymax>1163.8813559322034</ymax>
    </bndbox>
  </object>
</annotation>
