<annotation>
  <folder/>
  <filename>IMG_20200523_180621.jpg</filename>
  <database/>
  <annotation/>
  <image/>
  <size>
    <height>1290</height>
    <width>1330</width>
    <depth>3</depth>
  </size>
  <segmented/>
  <object>
    <name>ta</name>
    <pose/>
    <truncated/>
    <difficult/>
    <bndbox>
      <xmin>279.7777777777777</xmin>
      <ymin>55.25925925925925</ymin>
      <xmax>376.074074074074</xmax>
      <ymax>162.66666666666666</ymax>
    </bndbox>
  </object>
  <object>
    <name>wa</name>
    <pose/>
    <truncated/>
    <difficult/>
    <bndbox>
      <xmin>718.6666666666666</xmin>
      <ymin>40.44444444444444</ymin>
      <xmax>872.3703703703702</xmax>
      <ymax>164.5185185185185</ymax>
    </bndbox>
  </object>
  <object>
    <name>ha</name>
    <pose/>
    <truncated/>
    <difficult/>
    <bndbox>
      <xmin>1118.6666666666665</xmin>
      <ymin>75.62962962962962</ymin>
      <xmax>1226.074074074074</xmax>
      <ymax>170.07407407407408</ymax>
    </bndbox>
  </object>
  <object>
    <name>pa</name>
    <pose/>
    <truncated/>
    <difficult/>
    <bndbox>
      <xmin>266.8148148148148</xmin>
      <ymin>668.2222222222222</ymin>
      <xmax>424.2222222222222</xmax>
      <ymax>764.5185185185185</ymax>
    </bndbox>
  </object>
  <object>
    <name>ha</name>
    <pose/>
    <truncated/>
    <difficult/>
    <bndbox>
      <xmin>653.8518518518517</xmin>
      <ymin>679.3333333333333</ymin>
      <xmax>770.5185185185185</xmax>
      <ymax>760.8148148148148</ymax>
    </bndbox>
  </object>
  <object>
    <name>ba</name>
    <pose/>
    <truncated/>
    <difficult/>
    <bndbox>
      <xmin>1040.888888888889</xmin>
      <ymin>701.5555555555555</ymin>
      <xmax>1150.148148148148</xmax>
      <ymax>788.5925925925925</ymax>
    </bndbox>
  </object>
</annotation>
