<annotation>
  <folder/>
  <filename>IMG_20200523_171631.jpg</filename>
  <database/>
  <annotation/>
  <image/>
  <size>
    <height>1028</height>
    <width>1282</width>
    <depth>3</depth>
  </size>
  <segmented/>
  <object>
    <name>ga</name>
    <pose/>
    <truncated/>
    <difficult/>
    <bndbox>
      <xmin>182.71910112359552</xmin>
      <ymin>30.831460674157306</ymin>
      <xmax>386.08988764044943</xmax>
      <ymax>167.91011235955057</ymax>
    </bndbox>
  </object>
  <object>
    <name>ja</name>
    <pose/>
    <truncated/>
    <difficult/>
    <bndbox>
      <xmin>598.4494382022472</xmin>
      <ymin>31.955056179775283</ymin>
      <xmax>809.685393258427</xmax>
      <ymax>169.03370786516854</ymax>
    </bndbox>
  </object>
  <object>
    <name>la</name>
    <pose/>
    <truncated/>
    <difficult/>
    <bndbox>
      <xmin>974.8539325842696</xmin>
      <ymin>28.58426966292135</ymin>
      <xmax>1202.943820224719</xmax>
      <ymax>202.74157303370785</ymax>
    </bndbox>
  </object>
  <object>
    <name>wa</name>
    <pose/>
    <truncated/>
    <difficult/>
    <bndbox>
      <xmin>79.34831460674155</xmin>
      <ymin>638.6966292134831</ymin>
      <xmax>271.48314606741576</xmax>
      <ymax>811.7303370786517</ymax>
    </bndbox>
  </object>
  <object>
    <name>ba</name>
    <pose/>
    <truncated/>
    <difficult/>
    <bndbox>
      <xmin>486.08988764044943</xmin>
      <ymin>646.561797752809</ymin>
      <xmax>758.0</xmax>
      <ymax>828.5842696629213</ymax>
    </bndbox>
  </object>
  <object>
    <name>a</name>
    <pose/>
    <truncated/>
    <difficult/>
    <bndbox>
      <xmin>901.8202247191011</xmin>
      <ymin>649.9325842696629</ymin>
      <xmax>1120.9213483146068</xmax>
      <ymax>828.5842696629213</ymax>
    </bndbox>
  </object>
</annotation>
