<annotation>
  <folder/>
  <filename>IMG_E8777.jpg</filename>
  <database/>
  <annotation/>
  <image/>
  <size>
    <height>2325</height>
    <width>2081</width>
    <depth>3</depth>
  </size>
  <segmented/>
  <object>
    <name>ma</name>
    <pose/>
    <truncated/>
    <difficult/>
    <bndbox>
      <xmin>32.0</xmin>
      <ymin>90.0</ymin>
      <xmax>482.0</xmax>
      <ymax>425.0</ymax>
    </bndbox>
  </object>
  <object>
    <name>ngo</name>
    <pose/>
    <truncated/>
    <difficult/>
    <bndbox>
      <xmin>702.0</xmin>
      <ymin>55.0</ymin>
      <xmax>1259.5</xmax>
      <ymax>492.5</ymax>
    </bndbox>
  </object>
  <object>
    <name>n</name>
    <pose/>
    <truncated/>
    <difficult/>
    <bndbox>
      <xmin>1454.5</xmin>
      <ymin>65.0</ymin>
      <xmax>1969.5</xmax>
      <ymax>470.0</ymax>
    </bndbox>
  </object>
  <object>
    <name>jo</name>
    <pose/>
    <truncated/>
    <difficult/>
    <bndbox>
      <xmin>64.5</xmin>
      <ymin>1285.0</ymin>
      <xmax>649.5</xmax>
      <ymax>1665.0</ymax>
    </bndbox>
  </object>
  <object>
    <name>r</name>
    <pose/>
    <truncated/>
    <difficult/>
    <bndbox>
      <xmin>839.5</xmin>
      <ymin>1340.0</ymin>
      <xmax>1342.0</xmax>
      <ymax>1635.0</ymax>
    </bndbox>
  </object>
</annotation>
