<annotation>
  <folder/>
  <filename>IMG_E9285.jpg</filename>
  <database/>
  <annotation/>
  <image/>
  <size>
    <height>1036</height>
    <width>2940</width>
    <depth>3</depth>
  </size>
  <segmented/>
  <object>
    <name>te</name>
    <pose/>
    <truncated/>
    <difficult/>
    <bndbox>
      <xmin>84.0</xmin>
      <ymin>26.0</ymin>
      <xmax>562.0</xmax>
      <ymax>444.0</ymax>
    </bndbox>
  </object>
  <object>
    <name>ra</name>
    <pose/>
    <truncated/>
    <difficult/>
    <bndbox>
      <xmin>664.0</xmin>
      <ymin>66.0</ymin>
      <xmax>1112.0</xmax>
      <ymax>442.0</ymax>
    </bndbox>
  </object>
  <object>
    <name>di</name>
    <pose/>
    <truncated/>
    <difficult/>
    <bndbox>
      <xmin>1222.0</xmin>
      <ymin>66.0</ymin>
      <xmax>1806.0</xmax>
      <ymax>502.0</ymax>
    </bndbox>
  </object>
  <object>
    <name>be</name>
    <pose/>
    <truncated/>
    <difficult/>
    <bndbox>
      <xmin>1858.0</xmin>
      <ymin>92.0</ymin>
      <xmax>2304.0</xmax>
      <ymax>492.0</ymax>
    </bndbox>
  </object>
  <object>
    <name>de</name>
    <pose/>
    <truncated/>
    <difficult/>
    <bndbox>
      <xmin>2428.0</xmin>
      <ymin>106.0</ymin>
      <xmax>2892.0</xmax>
      <ymax>536.0</ymax>
    </bndbox>
  </object>
</annotation>
