<annotation>
  <folder/>
  <filename>IMG_E8758.jpg</filename>
  <database/>
  <annotation/>
  <image/>
  <size>
    <height>1230</height>
    <width>3024</width>
    <depth>3</depth>
  </size>
  <segmented/>
  <object>
    <name>pe</name>
    <pose/>
    <truncated/>
    <difficult/>
    <bndbox>
      <xmin>38.92307692307692</xmin>
      <ymin>43.923076923076906</ymin>
      <xmax>548.5384615384615</xmax>
      <ymax>420.8461538461538</ymax>
    </bndbox>
  </object>
  <object>
    <name>ro</name>
    <pose/>
    <truncated/>
    <difficult/>
    <bndbox>
      <xmin>885.0769230769231</xmin>
      <ymin>101.61538461538458</ymin>
      <xmax>1596.6153846153845</xmax>
      <ymax>668.9230769230769</ymax>
    </bndbox>
  </object>
  <object>
    <name>ye</name>
    <pose/>
    <truncated/>
    <difficult/>
    <bndbox>
      <xmin>1667.7692307692307</xmin>
      <ymin>84.30769230769232</ymin>
      <xmax>2146.6153846153848</xmax>
      <ymax>447.7692307692307</ymax>
    </bndbox>
  </object>
  <object>
    <name>g</name>
    <pose/>
    <truncated/>
    <difficult/>
    <bndbox>
      <xmin>2375.4615384615386</xmin>
      <ymin>107.38461538461536</ymin>
      <xmax>2944.6923076923076</xmax>
      <ymax>480.46153846153845</ymax>
    </bndbox>
  </object>
</annotation>
