<annotation>
  <folder/>
  <filename>IMG_20200523_161755.jpg</filename>
  <database/>
  <annotation/>
  <image/>
  <size>
    <height>1640</height>
    <width>1558</width>
    <depth>3</depth>
  </size>
  <segmented/>
  <object>
    <name>ga</name>
    <pose/>
    <truncated/>
    <difficult/>
    <bndbox>
      <xmin>194.76190476190482</xmin>
      <ymin>94.52380952380953</ymin>
      <xmax>440.0</xmax>
      <ymax>342.14285714285717</ymax>
    </bndbox>
  </object>
  <object>
    <name>nga</name>
    <pose/>
    <truncated/>
    <difficult/>
    <bndbox>
      <xmin>682.8571428571429</xmin>
      <ymin>30.23809523809524</ymin>
      <xmax>973.3333333333335</xmax>
      <ymax>296.9047619047619</ymax>
    </bndbox>
  </object>
  <object>
    <name>wa</name>
    <pose/>
    <truncated/>
    <difficult/>
    <bndbox>
      <xmin>1130.4761904761906</xmin>
      <ymin>30.23809523809524</ymin>
      <xmax>1478.095238095238</xmax>
      <ymax>292.14285714285717</ymax>
    </bndbox>
  </object>
  <object>
    <name>ra</name>
    <pose/>
    <truncated/>
    <difficult/>
    <bndbox>
      <xmin>151.90476190476193</xmin>
      <ymin>1061.1904761904761</ymin>
      <xmax>482.8571428571429</xmax>
      <ymax>1261.1904761904761</ymax>
    </bndbox>
  </object>
  <object>
    <name>ya</name>
    <pose/>
    <truncated/>
    <difficult/>
    <bndbox>
      <xmin>682.8571428571429</xmin>
      <ymin>994.5238095238095</ymin>
      <xmax>949.5238095238096</xmax>
      <ymax>1239.7619047619048</ymax>
    </bndbox>
  </object>
  <object>
    <name>ha</name>
    <pose/>
    <truncated/>
    <difficult/>
    <bndbox>
      <xmin>1156.6666666666667</xmin>
      <ymin>896.9047619047619</ymin>
      <xmax>1475.7142857142858</xmax>
      <ymax>1206.4285714285716</ymax>
    </bndbox>
  </object>
</annotation>
