<annotation>
  <folder/>
  <filename>IMG_20200522_224418.jpg</filename>
  <database/>
  <annotation/>
  <image/>
  <size>
    <height>1664</height>
    <width>2736</width>
    <depth>3</depth>
  </size>
  <segmented/>
  <object>
    <name>nga</name>
    <pose/>
    <truncated/>
    <difficult/>
    <bndbox>
      <xmin>233.5454545454545</xmin>
      <ymin>43.90909090909091</ymin>
      <xmax>568.090909090909</xmax>
      <ymax>296.6363636363636</ymax>
    </bndbox>
  </object>
  <object>
    <name>nya</name>
    <pose/>
    <truncated/>
    <difficult/>
    <bndbox>
      <xmin>1093.5454545454545</xmin>
      <ymin>51.18181818181818</ymin>
      <xmax>1486.2727272727273</xmax>
      <ymax>316.6363636363636</ymax>
    </bndbox>
  </object>
  <object>
    <name>ta</name>
    <pose/>
    <truncated/>
    <difficult/>
    <bndbox>
      <xmin>2088.090909090909</xmin>
      <ymin>73.0</ymin>
      <xmax>2386.272727272727</xmax>
      <ymax>434.81818181818176</ymax>
    </bndbox>
  </object>
  <object>
    <name>la</name>
    <pose/>
    <truncated/>
    <difficult/>
    <bndbox>
      <xmin>184.45454545454544</xmin>
      <ymin>834.8181818181818</ymin>
      <xmax>580.8181818181818</xmax>
      <ymax>1191.181818181818</ymax>
    </bndbox>
  </object>
  <object>
    <name>ba</name>
    <pose/>
    <truncated/>
    <difficult/>
    <bndbox>
      <xmin>1166.2727272727273</xmin>
      <ymin>938.4545454545454</ymin>
      <xmax>1493.5454545454545</xmax>
      <ymax>1205.7272727272725</ymax>
    </bndbox>
  </object>
  <object>
    <name>ha</name>
    <pose/>
    <truncated/>
    <difficult/>
    <bndbox>
      <xmin>2124.4545454545455</xmin>
      <ymin>936.6363636363635</ymin>
      <xmax>2455.363636363636</xmax>
      <ymax>1207.5454545454545</ymax>
    </bndbox>
  </object>
</annotation>
