<annotation>
  <folder/>
  <filename>IMG_E1817.jpg</filename>
  <database/>
  <annotation/>
  <image/>
  <size>
    <height>2807</height>
    <width>2364</width>
    <depth>3</depth>
  </size>
  <segmented/>
  <object>
    <name>ga</name>
    <pose/>
    <truncated/>
    <difficult/>
    <bndbox>
      <xmin>116.75</xmin>
      <ymin>21.375</ymin>
      <xmax>644.875</xmax>
      <ymax>452.625</ymax>
    </bndbox>
  </object>
  <object>
    <name>ya</name>
    <pose/>
    <truncated/>
    <difficult/>
    <bndbox>
      <xmin>798.0</xmin>
      <ymin>24.5</ymin>
      <xmax>1410.5</xmax>
      <ymax>565.125</ymax>
    </bndbox>
  </object>
  <object>
    <name>da</name>
    <pose/>
    <truncated/>
    <difficult/>
    <bndbox>
      <xmin>1523.0</xmin>
      <ymin>52.625</ymin>
      <xmax>2088.625</xmax>
      <ymax>602.625</ymax>
    </bndbox>
  </object>
  <object>
    <name>ja</name>
    <pose/>
    <truncated/>
    <difficult/>
    <bndbox>
      <xmin>279.25</xmin>
      <ymin>1424.5</ymin>
      <xmax>910.5</xmax>
      <ymax>2033.875</ymax>
    </bndbox>
  </object>
  <object>
    <name>sa</name>
    <pose/>
    <truncated/>
    <difficult/>
    <bndbox>
      <xmin>1051.125</xmin>
      <ymin>1412.0</ymin>
      <xmax>1632.375</xmax>
      <ymax>2083.875</ymax>
    </bndbox>
  </object>
  <object>
    <name>na</name>
    <pose/>
    <truncated/>
    <difficult/>
    <bndbox>
      <xmin>1682.375</xmin>
      <ymin>1455.75</ymin>
      <xmax>2254.25</xmax>
      <ymax>2108.875</ymax>
    </bndbox>
  </object>
</annotation>
