<annotation>
  <folder/>
  <filename>IMG_E9650.jpg</filename>
  <database/>
  <annotation/>
  <image/>
  <size>
    <height>1372</height>
    <width>2787</width>
    <depth>3</depth>
  </size>
  <segmented/>
  <object>
    <name>sa</name>
    <pose/>
    <truncated/>
    <difficult/>
    <bndbox>
      <xmin>39.283018867924525</xmin>
      <ymin>86.1320754716981</ymin>
      <xmax>533.622641509434</xmax>
      <ymax>582.3584905660377</ymax>
    </bndbox>
  </object>
  <object>
    <name>la</name>
    <pose/>
    <truncated/>
    <difficult/>
    <bndbox>
      <xmin>729.8490566037735</xmin>
      <ymin>106.88679245283015</ymin>
      <xmax>1224.1886792452829</xmax>
      <ymax>448.39622641509436</ymax>
    </bndbox>
  </object>
  <object>
    <name>ti</name>
    <pose/>
    <truncated/>
    <difficult/>
    <bndbox>
      <xmin>1516.6415094339623</xmin>
      <ymin>148.3962264150943</ymin>
      <xmax>2007.2075471698113</xmax>
      <ymax>593.6792452830189</ymax>
    </bndbox>
  </object>
  <object>
    <name>ga</name>
    <pose/>
    <truncated/>
    <difficult/>
    <bndbox>
      <xmin>2237.396226415094</xmin>
      <ymin>138.96226415094338</ymin>
      <xmax>2712.867924528302</xmax>
      <ymax>567.2641509433962</ymax>
    </bndbox>
  </object>
</annotation>
