<annotation>
  <folder/>
  <filename>IMG_20200522_204443.jpg</filename>
  <database/>
  <annotation/>
  <image/>
  <size>
    <height>1864</height>
    <width>2870</width>
    <depth>3</depth>
  </size>
  <segmented/>
  <object>
    <name>ja</name>
    <pose/>
    <truncated/>
    <difficult/>
    <bndbox>
      <xmin>71.81632653061226</xmin>
      <ymin>82.83673469387756</ymin>
      <xmax>459.57142857142856</xmax>
      <ymax>395.0816326530612</ymax>
    </bndbox>
  </object>
  <object>
    <name>da</name>
    <pose/>
    <truncated/>
    <difficult/>
    <bndbox>
      <xmin>1263.6530612244899</xmin>
      <ymin>46.10204081632653</ymin>
      <xmax>1604.4693877551022</xmax>
      <ymax>376.7142857142857</ymax>
    </bndbox>
  </object>
  <object>
    <name>ba</name>
    <pose/>
    <truncated/>
    <difficult/>
    <bndbox>
      <xmin>2547.326530612245</xmin>
      <ymin>44.06122448979592</ymin>
      <xmax>2863.6530612244896</xmax>
      <ymax>305.2857142857143</ymax>
    </bndbox>
  </object>
  <object>
    <name>na</name>
    <pose/>
    <truncated/>
    <difficult/>
    <bndbox>
      <xmin>47.32653061224491</xmin>
      <ymin>927.7346938775511</ymin>
      <xmax>424.8775510204082</xmax>
      <ymax>1215.4897959183675</ymax>
    </bndbox>
  </object>
  <object>
    <name>nga</name>
    <pose/>
    <truncated/>
    <difficult/>
    <bndbox>
      <xmin>1222.8367346938776</xmin>
      <ymin>1021.6122448979593</ymin>
      <xmax>1604.4693877551022</xmax>
      <ymax>1337.938775510204</ymax>
    </bndbox>
  </object>
  <object>
    <name>nya</name>
    <pose/>
    <truncated/>
    <difficult/>
    <bndbox>
      <xmin>2475.8979591836737</xmin>
      <ymin>1005.2857142857143</ymin>
      <xmax>2790.183673469388</xmax>
      <ymax>1284.8775510204082</ymax>
    </bndbox>
  </object>
</annotation>
