<annotation>
  <folder/>
  <filename>IMG_20200505_141256.jpg</filename>
  <database/>
  <annotation/>
  <image/>
  <size>
    <height>2668</height>
    <width>3736</width>
    <depth>3</depth>
  </size>
  <segmented/>
  <object>
    <name>ta</name>
    <pose/>
    <truncated/>
    <difficult/>
    <bndbox>
      <xmin>188.94117647058818</xmin>
      <ymin>122.76470588235293</ymin>
      <xmax>685.9999999999999</xmax>
      <ymax>513.9411764705882</ymax>
    </bndbox>
  </object>
  <object>
    <name>ri</name>
    <pose/>
    <truncated/>
    <difficult/>
    <bndbox>
      <xmin>1150.705882352941</xmin>
      <ymin>160.99999999999997</ymin>
      <xmax>1871.2941176470586</xmax>
      <ymax>631.5882352941176</ymax>
    </bndbox>
  </object>
  <object>
    <name>ngo</name>
    <pose/>
    <truncated/>
    <difficult/>
    <bndbox>
      <xmin>2109.529411764706</xmin>
      <ymin>234.52941176470586</ymin>
      <xmax>2844.8235294117644</xmax>
      <ymax>637.470588235294</ymax>
    </bndbox>
  </object>
  <object>
    <name>t</name>
    <pose/>
    <truncated/>
    <difficult/>
    <bndbox>
      <xmin>3200.705882352941</xmin>
      <ymin>266.88235294117646</ymin>
      <xmax>3638.941176470588</xmax>
      <ymax>522.7647058823529</ymax>
    </bndbox>
  </object>
  <object>
    <name>ma</name>
    <pose/>
    <truncated/>
    <difficult/>
    <bndbox>
      <xmin>141.88235294117646</xmin>
      <ymin>1725.705882352941</ymin>
      <xmax>780.1176470588234</xmax>
      <ymax>2078.6470588235293</ymax>
    </bndbox>
  </object>
  <object>
    <name>go</name>
    <pose/>
    <truncated/>
    <difficult/>
    <bndbox>
      <xmin>1435.9999999999998</xmin>
      <ymin>1737.470588235294</ymin>
      <xmax>2330.1176470588234</xmax>
      <ymax>2105.1176470588234</ymax>
    </bndbox>
  </object>
</annotation>
