<annotation>
  <folder/>
  <filename>IMG_E1751.jpg</filename>
  <database/>
  <annotation/>
  <image/>
  <size>
    <height>2979</height>
    <width>2412</width>
    <depth>3</depth>
  </size>
  <segmented/>
  <object>
    <name>na</name>
    <pose/>
    <truncated/>
    <difficult/>
    <bndbox>
      <xmin>99.66666666666674</xmin>
      <ymin>155.33333333333334</ymin>
      <xmax>649.666666666667</xmax>
      <ymax>578.6666666666667</ymax>
    </bndbox>
  </object>
  <object>
    <name>ga</name>
    <pose/>
    <truncated/>
    <difficult/>
    <bndbox>
      <xmin>763.0</xmin>
      <ymin>212.0</ymin>
      <xmax>1389.666666666667</xmax>
      <ymax>512.0</ymax>
    </bndbox>
  </object>
  <object>
    <name>pa</name>
    <pose/>
    <truncated/>
    <difficult/>
    <bndbox>
      <xmin>1639.666666666667</xmin>
      <ymin>182.0</ymin>
      <xmax>2083.0</xmax>
      <ymax>435.33333333333337</ymax>
    </bndbox>
  </object>
  <object>
    <name>wa</name>
    <pose/>
    <truncated/>
    <difficult/>
    <bndbox>
      <xmin>233.0</xmin>
      <ymin>1582.0</ymin>
      <xmax>713.0</xmax>
      <ymax>1968.6666666666667</ymax>
    </bndbox>
  </object>
  <object>
    <name>sa</name>
    <pose/>
    <truncated/>
    <difficult/>
    <bndbox>
      <xmin>956.3333333333335</xmin>
      <ymin>1562.0</ymin>
      <xmax>1426.3333333333335</xmax>
      <ymax>2008.666666666667</ymax>
    </bndbox>
  </object>
  <object>
    <name>ta</name>
    <pose/>
    <truncated/>
    <difficult/>
    <bndbox>
      <xmin>1703.0</xmin>
      <ymin>1598.6666666666667</ymin>
      <xmax>2216.3333333333335</xmax>
      <ymax>2075.3333333333335</ymax>
    </bndbox>
  </object>
</annotation>
