<annotation>
  <folder/>
  <filename>IMG_20200523_152002.jpg</filename>
  <database/>
  <annotation/>
  <image/>
  <size>
    <height>1576</height>
    <width>1150</width>
    <depth>3</depth>
  </size>
  <segmented/>
  <object>
    <name>ya</name>
    <pose/>
    <truncated/>
    <difficult/>
    <bndbox>
      <xmin>52.09090909090912</xmin>
      <ymin>116.0</ymin>
      <xmax>299.81818181818187</xmax>
      <ymax>370.54545454545456</ymax>
    </bndbox>
  </object>
  <object>
    <name>ta</name>
    <pose/>
    <truncated/>
    <difficult/>
    <bndbox>
      <xmin>418.0</xmin>
      <ymin>104.63636363636364</ymin>
      <xmax>645.2727272727273</xmax>
      <ymax>322.8181818181818</ymax>
    </bndbox>
  </object>
  <object>
    <name>na</name>
    <pose/>
    <truncated/>
    <difficult/>
    <bndbox>
      <xmin>811.1818181818182</xmin>
      <ymin>95.54545454545455</ymin>
      <xmax>1022.5454545454545</xmax>
      <ymax>306.90909090909093</ymax>
    </bndbox>
  </object>
  <object>
    <name>ba</name>
    <pose/>
    <truncated/>
    <difficult/>
    <bndbox>
      <xmin>27.090909090909122</xmin>
      <ymin>891.0</ymin>
      <xmax>258.9090909090909</xmax>
      <ymax>1145.5454545454545</ymax>
    </bndbox>
  </object>
  <object>
    <name>ha</name>
    <pose/>
    <truncated/>
    <difficult/>
    <bndbox>
      <xmin>418.0</xmin>
      <ymin>870.5454545454545</ymin>
      <xmax>672.5454545454545</xmax>
      <ymax>1120.5454545454545</ymax>
    </bndbox>
  </object>
  <object>
    <name>a</name>
    <pose/>
    <truncated/>
    <difficult/>
    <bndbox>
      <xmin>886.1818181818182</xmin>
      <ymin>893.2727272727273</ymin>
      <xmax>1122.5454545454545</xmax>
      <ymax>1129.6363636363637</ymax>
    </bndbox>
  </object>
</annotation>
