<annotation>
  <folder/>
  <filename>IMG_E9047.jpg</filename>
  <database/>
  <annotation/>
  <image/>
  <size>
    <height>2278</height>
    <width>3024</width>
    <depth>3</depth>
  </size>
  <segmented/>
  <object>
    <name>a</name>
    <pose/>
    <truncated/>
    <difficult/>
    <bndbox>
      <xmin>83.0</xmin>
      <ymin>62.0</ymin>
      <xmax>583.0</xmax>
      <ymax>389.5</ymax>
    </bndbox>
  </object>
  <object>
    <name>no</name>
    <pose/>
    <truncated/>
    <difficult/>
    <bndbox>
      <xmin>738.0</xmin>
      <ymin>109.5</ymin>
      <xmax>1303.0</xmax>
      <ymax>457.0</ymax>
    </bndbox>
  </object>
  <object>
    <name>t</name>
    <pose/>
    <truncated/>
    <difficult/>
    <bndbox>
      <xmin>1425.5</xmin>
      <ymin>64.5</ymin>
      <xmax>1890.5</xmax>
      <ymax>459.5</ymax>
    </bndbox>
  </object>
  <object>
    <name>he</name>
    <pose/>
    <truncated/>
    <difficult/>
    <bndbox>
      <xmin>1980.5</xmin>
      <ymin>72.0</ymin>
      <xmax>2365.5</xmax>
      <ymax>524.5</ymax>
    </bndbox>
  </object>
  <object>
    <name>r</name>
    <pose/>
    <truncated/>
    <difficult/>
    <bndbox>
      <xmin>2485.5</xmin>
      <ymin>109.5</ymin>
      <xmax>3023</xmax>
      <ymax>550</ymax>
    </bndbox>
  </object>
  <object>
    <name>wo</name>
    <pose/>
    <truncated/>
    <difficult/>
    <bndbox>
      <xmin>78.0</xmin>
      <ymin>1287.0</ymin>
      <xmax>675.5</xmax>
      <ymax>1712.0</ymax>
    </bndbox>
  </object>
  <object>
    <name>r</name>
    <pose/>
    <truncated/>
    <difficult/>
    <bndbox>
      <xmin>838.0</xmin>
      <ymin>1327.0</ymin>
      <xmax>1318.0</xmax>
      <ymax>1742.0</ymax>
    </bndbox>
  </object>
  <object>
    <name>l</name>
    <pose/>
    <truncated/>
    <difficult/>
    <bndbox>
      <xmin>1513.0</xmin>
      <ymin>1382.0</ymin>
      <xmax>1945.5</xmax>
      <ymax>1914.5</ymax>
    </bndbox>
  </object>
  <object>
    <name>d</name>
    <pose/>
    <truncated/>
    <difficult/>
    <bndbox>
      <xmin>2075.5</xmin>
      <ymin>1332.0</ymin>
      <xmax>2573.0</xmax>
      <ymax>1604.5</ymax>
    </bndbox>
  </object>
</annotation>
