<annotation>
  <folder/>
  <filename>IMG_20200504_200008.jpg</filename>
  <database/>
  <annotation/>
  <image/>
  <size>
    <height>1058</height>
    <width>1240</width>
    <depth>3</depth>
  </size>
  <segmented/>
  <object>
    <name>si</name>
    <pose/>
    <truncated/>
    <difficult/>
    <bndbox>
      <xmin>77.0</xmin>
      <ymin>8.090909090909092</ymin>
      <xmax>254.27272727272725</xmax>
      <ymax>136.5</ymax>
    </bndbox>
  </object>
  <object>
    <name>ru</name>
    <pose/>
    <truncated/>
    <difficult/>
    <bndbox>
      <xmin>355.4090909090909</xmin>
      <ymin>30.818181818181817</ymin>
      <xmax>552.0</xmax>
      <ymax>162.63636363636363</ymax>
    </bndbox>
  </object>
  <object>
    <name>mo</name>
    <pose/>
    <truncated/>
    <difficult/>
    <bndbox>
      <xmin>656.5454545454545</xmin>
      <ymin>54.68181818181818</ymin>
      <xmax>872.4545454545455</xmax>
      <ymax>196.72727272727272</ymax>
    </bndbox>
  </object>
  <object>
    <name>n</name>
    <pose/>
    <truncated/>
    <difficult/>
    <bndbox>
      <xmin>945.1818181818182</xmin>
      <ymin>76.27272727272727</ymin>
      <xmax>1166.7727272727273</xmax>
      <ymax>187.63636363636363</ymax>
    </bndbox>
  </object>
  <object>
    <name>dang</name>
    <pose/>
    <truncated/>
    <difficult/>
    <bndbox>
      <xmin>31.545454545454533</xmin>
      <ymin>286.5</ymin>
      <xmax>182.6818181818182</xmax>
      <ymax>413.77272727272725</ymax>
    </bndbox>
  </object>
  <object>
    <name>bu</name>
    <pose/>
    <truncated/>
    <difficult/>
    <bndbox>
      <xmin>336.0909090909091</xmin>
      <ymin>316.04545454545456</ymin>
      <xmax>505.4090909090909</xmax>
      <ymax>414.90909090909093</ymax>
    </bndbox>
  </object>
  <object>
    <name>la</name>
    <pose/>
    <truncated/>
    <difficult/>
    <bndbox>
      <xmin>645.1818181818181</xmin>
      <ymin>335.3636363636364</ymin>
      <xmax>781.5454545454545</xmax>
      <ymax>442.1818181818182</ymax>
    </bndbox>
  </object>
  <object>
    <name>n</name>
    <pose/>
    <truncated/>
    <difficult/>
    <bndbox>
      <xmin>875.8636363636363</xmin>
      <ymin>359.22727272727275</ymin>
      <xmax>1147.4545454545455</xmax>
      <ymax>470.59090909090907</ymax>
    </bndbox>
  </object>
  <object>
    <name>tu</name>
    <pose/>
    <truncated/>
    <difficult/>
    <bndbox>
      <xmin>32.68181818181819</xmin>
      <ymin>586.5</ymin>
      <xmax>178.13636363636363</xmax>
      <ymax>735.3636363636364</ymax>
    </bndbox>
  </object>
  <object>
    <name>a</name>
    <pose/>
    <truncated/>
    <difficult/>
    <bndbox>
      <xmin>329.27272727272725</xmin>
      <ymin>588.7727272727273</ymin>
      <xmax>516.7727272727273</xmax>
      <ymax>705.8181818181819</ymax>
    </bndbox>
  </object>
  <object>
    <name>i</name>
    <pose/>
    <truncated/>
    <difficult/>
    <bndbox>
      <xmin>653.1363636363636</xmin>
      <ymin>610.3636363636364</ymin>
      <xmax>839.5</xmax>
      <ymax>720.5909090909091</ymax>
    </bndbox>
  </object>
</annotation>
