<annotation>
  <folder/>
  <filename>IMG_20200523_164748.jpg</filename>
  <database/>
  <annotation/>
  <image/>
  <size>
    <height>1254</height>
    <width>1290</width>
    <depth>3</depth>
  </size>
  <segmented/>
  <object>
    <name>nya</name>
    <pose/>
    <truncated/>
    <difficult/>
    <bndbox>
      <xmin>16.945205479452056</xmin>
      <ymin>42.945205479452056</ymin>
      <xmax>218.31506849315065</xmax>
      <ymax>271.71232876712327</ymax>
    </bndbox>
  </object>
  <object>
    <name>nya</name>
    <pose/>
    <truncated/>
    <difficult/>
    <bndbox>
      <xmin>467.6301369863014</xmin>
      <ymin>82.67123287671232</ymin>
      <xmax>721.0547945205481</xmax>
      <ymax>273.0821917808219</ymax>
    </bndbox>
  </object>
  <object>
    <name>sa</name>
    <pose/>
    <truncated/>
    <difficult/>
    <bndbox>
      <xmin>945.7123287671234</xmin>
      <ymin>34.726027397260275</ymin>
      <xmax>1216.9452054794522</xmax>
      <ymax>282.67123287671234</ymax>
    </bndbox>
  </object>
  <object>
    <name>wa</name>
    <pose/>
    <truncated/>
    <difficult/>
    <bndbox>
      <xmin>10.09589041095893</xmin>
      <ymin>581.3013698630137</ymin>
      <xmax>222.42465753424653</xmax>
      <ymax>801.8493150684932</ymax>
    </bndbox>
  </object>
  <object>
    <name>ha</name>
    <pose/>
    <truncated/>
    <difficult/>
    <bndbox>
      <xmin>526.5342465753425</xmin>
      <ymin>593.6301369863014</ymin>
      <xmax>711.4657534246576</xmax>
      <ymax>816.9178082191781</ymax>
    </bndbox>
  </object>
  <object>
    <name>a</name>
    <pose/>
    <truncated/>
    <difficult/>
    <bndbox>
      <xmin>963.5205479452054</xmin>
      <ymin>625.1369863013699</ymin>
      <xmax>1174.4794520547946</xmax>
      <ymax>825.1369863013699</ymax>
    </bndbox>
  </object>
</annotation>
