<annotation>
  <folder/>
  <filename>IMG_20200522_170636.jpg</filename>
  <database/>
  <annotation/>
  <image/>
  <size>
    <height>1953</height>
    <width>2870</width>
    <depth>3</depth>
  </size>
  <segmented/>
  <object>
    <name>ba</name>
    <pose/>
    <truncated/>
    <difficult/>
    <bndbox>
      <xmin>11.936170212765944</xmin>
      <ymin>105.63829787234042</ymin>
      <xmax>235.3404255319149</xmax>
      <ymax>375.8510638297872</ymax>
    </bndbox>
  </object>
  <object>
    <name>ha</name>
    <pose/>
    <truncated/>
    <difficult/>
    <bndbox>
      <xmin>1180.0212765957447</xmin>
      <ymin>69.46808510638297</ymin>
      <xmax>1373.6382978723402</xmax>
      <ymax>243.93617021276594</ymax>
    </bndbox>
  </object>
  <object>
    <name>ja</name>
    <pose/>
    <truncated/>
    <difficult/>
    <bndbox>
      <xmin>2233.2127659574467</xmin>
      <ymin>3.5106382978723403</ymin>
      <xmax>2490.659574468085</xmax>
      <ymax>195.0</ymax>
    </bndbox>
  </object>
  <object>
    <name>wa</name>
    <pose/>
    <truncated/>
    <difficult/>
    <bndbox>
      <xmin>84.27659574468083</xmin>
      <ymin>1158.8297872340424</ymin>
      <xmax>292.7872340425531</xmax>
      <ymax>1339.6808510638298</ymax>
    </bndbox>
  </object>
  <object>
    <name>ya</name>
    <pose/>
    <truncated/>
    <difficult/>
    <bndbox>
      <xmin>1116.191489361702</xmin>
      <ymin>1197.127659574468</ymin>
      <xmax>1460.8723404255318</xmax>
      <ymax>1399.255319148936</ymax>
    </bndbox>
  </object>
  <object>
    <name>la</name>
    <pose/>
    <truncated/>
    <difficult/>
    <bndbox>
      <xmin>2201.2978723404253</xmin>
      <ymin>1148.191489361702</ymin>
      <xmax>2509.808510638298</xmax>
      <ymax>1369.468085106383</ymax>
    </bndbox>
  </object>
</annotation>
