<annotation>
  <folder/>
  <filename>IMG_E9284.jpg</filename>
  <database/>
  <annotation/>
  <image/>
  <size>
    <height>3262</height>
    <width>2405</width>
    <depth>3</depth>
  </size>
  <segmented/>
  <object>
    <name>s</name>
    <pose/>
    <truncated/>
    <difficult/>
    <bndbox>
      <xmin>27.999999999999773</xmin>
      <ymin>85.42857142857142</ymin>
      <xmax>628.0</xmax>
      <ymax>696.1428571428571</ymax>
    </bndbox>
  </object>
  <object>
    <name>tu</name>
    <pose/>
    <truncated/>
    <difficult/>
    <bndbox>
      <xmin>942.2857142857142</xmin>
      <ymin>121.14285714285714</ymin>
      <xmax>1602.9999999999995</xmax>
      <ymax>767.5714285714284</ymax>
    </bndbox>
  </object>
  <object>
    <name>di</name>
    <pose/>
    <truncated/>
    <difficult/>
    <bndbox>
      <xmin>1706.5714285714284</xmin>
      <ymin>156.85714285714283</ymin>
      <xmax>2338.7142857142853</xmax>
      <ymax>885.4285714285713</ymax>
    </bndbox>
  </object>
  <object>
    <name>ro</name>
    <pose/>
    <truncated/>
    <difficult/>
    <bndbox>
      <xmin>167.28571428571422</xmin>
      <ymin>1906.8571428571427</ymin>
      <xmax>1049.428571428571</xmax>
      <ymax>2460.428571428571</ymax>
    </bndbox>
  </object>
  <object>
    <name>pi</name>
    <pose/>
    <truncated/>
    <difficult/>
    <bndbox>
      <xmin>1160.1428571428569</xmin>
      <ymin>1999.7142857142856</ymin>
      <xmax>1781.5714285714284</xmax>
      <ymax>2485.428571428571</ymax>
    </bndbox>
  </object>
  <object>
    <name>g</name>
    <pose/>
    <truncated/>
    <difficult/>
    <bndbox>
      <xmin>1817.2857142857138</xmin>
      <ymin>2010.4285714285713</ymin>
      <xmax>2404</xmax>
      <ymax>2501</ymax>
    </bndbox>
  </object>
</annotation>
