<annotation>
  <folder/>
  <filename>IMG_E9297.jpg</filename>
  <database/>
  <annotation/>
  <image/>
  <size>
    <height>1132</height>
    <width>3024</width>
    <depth>3</depth>
  </size>
  <segmented/>
  <object>
    <name>no</name>
    <pose/>
    <truncated/>
    <difficult/>
    <bndbox>
      <xmin>55.142857142857146</xmin>
      <ymin>53.81632653061223</ymin>
      <xmax>683.7142857142858</xmax>
      <ymax>480.34693877551024</ymax>
    </bndbox>
  </object>
  <object>
    <name>se</name>
    <pose/>
    <truncated/>
    <difficult/>
    <bndbox>
      <xmin>740.8571428571429</xmin>
      <ymin>53.81632653061223</ymin>
      <xmax>1210.2448979591836</xmax>
      <ymax>621.1632653061224</ymax>
    </bndbox>
  </object>
  <object>
    <name>ba</name>
    <pose/>
    <truncated/>
    <difficult/>
    <bndbox>
      <xmin>1277.591836734694</xmin>
      <ymin>133.40816326530614</ymin>
      <xmax>1761.265306122449</xmax>
      <ymax>515.0408163265306</ymax>
    </bndbox>
  </object>
  <object>
    <name>i</name>
    <pose/>
    <truncated/>
    <difficult/>
    <bndbox>
      <xmin>1934.734693877551</xmin>
      <ymin>100.75510204081633</ymin>
      <xmax>2449.0204081632655</xmax>
      <ymax>543.6122448979592</ymax>
    </bndbox>
  </object>
  <object>
    <name>na</name>
    <pose/>
    <truncated/>
    <difficult/>
    <bndbox>
      <xmin>2522.4897959183672</xmin>
      <ymin>225.24489795918373</ymin>
      <xmax>2891.877551020408</xmax>
      <ymax>549.7346938775511</ymax>
    </bndbox>
  </object>
</annotation>
