<annotation>
  <folder/>
  <filename>IMG_E0713.jpg</filename>
  <database/>
  <annotation/>
  <image/>
  <size>
    <height>1155</height>
    <width>3665</width>
    <depth>3</depth>
  </size>
  <segmented/>
  <object>
    <name>ma</name>
    <pose/>
    <truncated/>
    <difficult/>
    <bndbox>
      <xmin>68.52380952380953</xmin>
      <ymin>138.52380952380952</ymin>
      <xmax>559.0</xmax>
      <ymax>388.5238095238095</ymax>
    </bndbox>
  </object>
  <object>
    <name>ya</name>
    <pose/>
    <truncated/>
    <difficult/>
    <bndbox>
      <xmin>835.1904761904763</xmin>
      <ymin>109.95238095238096</ymin>
      <xmax>1278.047619047619</xmax>
      <ymax>390.9047619047619</ymax>
    </bndbox>
  </object>
  <object>
    <name>ja</name>
    <pose/>
    <truncated/>
    <difficult/>
    <bndbox>
      <xmin>1494.7142857142858</xmin>
      <ymin>105.19047619047626</ymin>
      <xmax>1904.2380952380954</xmax>
      <ymax>455.19047619047626</ymax>
    </bndbox>
  </object>
  <object>
    <name>ba</name>
    <pose/>
    <truncated/>
    <difficult/>
    <bndbox>
      <xmin>2092.3333333333335</xmin>
      <ymin>114.71428571428578</ymin>
      <xmax>2487.5714285714284</xmax>
      <ymax>443.28571428571433</ymax>
    </bndbox>
  </object>
  <object>
    <name>ha</name>
    <pose/>
    <truncated/>
    <difficult/>
    <bndbox>
      <xmin>2656.6190476190477</xmin>
      <ymin>86.14285714285711</ymin>
      <xmax>2980.4285714285716</xmax>
      <ymax>419.4761904761905</ymax>
    </bndbox>
  </object>
  <object>
    <name>pa</name>
    <pose/>
    <truncated/>
    <difficult/>
    <bndbox>
      <xmin>3113.761904761905</xmin>
      <ymin>181.3809523809524</ymin>
      <xmax>3468.5238095238096</xmax>
      <ymax>336.1428571428572</ymax>
    </bndbox>
  </object>
</annotation>
