<annotation>
  <folder/>
  <filename>IMG_20200506_102012.jpg</filename>
  <database/>
  <annotation/>
  <image/>
  <size>
    <height>1681</height>
    <width>2786</width>
    <depth>3</depth>
  </size>
  <segmented/>
  <object>
    <name>sa</name>
    <pose/>
    <truncated/>
    <difficult/>
    <bndbox>
      <xmin>188.33962264150944</xmin>
      <ymin>150.56603773584905</ymin>
      <xmax>573.2452830188679</xmax>
      <ymax>450.566037735849</ymax>
    </bndbox>
  </object>
  <object>
    <name>nga</name>
    <pose/>
    <truncated/>
    <difficult/>
    <bndbox>
      <xmin>971.3584905660376</xmin>
      <ymin>195.84905660377356</ymin>
      <xmax>1224.1886792452829</xmax>
      <ymax>441.1320754716981</ymax>
    </bndbox>
  </object>
  <object>
    <name>t</name>
    <pose/>
    <truncated/>
    <difficult/>
    <bndbox>
      <xmin>1750.6037735849056</xmin>
      <ymin>212.83018867924528</ymin>
      <xmax>2109.094339622641</xmax>
      <ymax>476.9811320754717</ymax>
    </bndbox>
  </object>
  <object>
    <name>ma</name>
    <pose/>
    <truncated/>
    <difficult/>
    <bndbox>
      <xmin>222.30188679245282</xmin>
      <ymin>1220.377358490566</ymin>
      <xmax>601.5471698113207</xmax>
      <ymax>1409.0566037735848</ymax>
    </bndbox>
  </object>
  <object>
    <name>lu</name>
    <pose/>
    <truncated/>
    <difficult/>
    <bndbox>
      <xmin>1041.1698113207547</xmin>
      <ymin>1231.698113207547</ymin>
      <xmax>1341.1698113207547</xmax>
      <ymax>1388.3018867924527</ymax>
    </bndbox>
  </object>
  <object>
    <name>we</name>
    <pose/>
    <truncated/>
    <difficult/>
    <bndbox>
      <xmin>1873.245283018868</xmin>
      <ymin>1173.2075471698113</ymin>
      <xmax>2218.528301886792</xmax>
      <ymax>1439.245283018868</ymax>
    </bndbox>
  </object>
</annotation>
