<annotation>
  <folder/>
  <filename>IMG_20200523_114519.jpg</filename>
  <database/>
  <annotation/>
  <image/>
  <size>
    <height>1723</height>
    <width>2906</width>
    <depth>3</depth>
  </size>
  <segmented/>
  <object>
    <name>pa</name>
    <pose/>
    <truncated/>
    <difficult/>
    <bndbox>
      <xmin>188.86792452830187</xmin>
      <ymin>24.962264150943398</ymin>
      <xmax>679.4339622641509</xmax>
      <ymax>298.5471698113207</ymax>
    </bndbox>
  </object>
  <object>
    <name>ga</name>
    <pose/>
    <truncated/>
    <difficult/>
    <bndbox>
      <xmin>1213.3962264150944</xmin>
      <ymin>26.849056603773583</ymin>
      <xmax>1590.754716981132</xmax>
      <ymax>285.33962264150944</ymax>
    </bndbox>
  </object>
  <object>
    <name>na</name>
    <pose/>
    <truncated/>
    <difficult/>
    <bndbox>
      <xmin>2183.2075471698113</xmin>
      <ymin>26.849056603773583</ymin>
      <xmax>2570.0</xmax>
      <ymax>226.84905660377356</ymax>
    </bndbox>
  </object>
  <object>
    <name>la</name>
    <pose/>
    <truncated/>
    <difficult/>
    <bndbox>
      <xmin>177.54716981132074</xmin>
      <ymin>970.2452830188679</ymin>
      <xmax>596.4150943396226</xmax>
      <ymax>1360.811320754717</ymax>
    </bndbox>
  </object>
  <object>
    <name>wa</name>
    <pose/>
    <truncated/>
    <difficult/>
    <bndbox>
      <xmin>1205.8490566037735</xmin>
      <ymin>943.8301886792452</ymin>
      <xmax>1607.7358490566037</xmax>
      <ymax>1245.7169811320755</ymax>
    </bndbox>
  </object>
  <object>
    <name>ba</name>
    <pose/>
    <truncated/>
    <difficult/>
    <bndbox>
      <xmin>2220.943396226415</xmin>
      <ymin>887.2264150943396</ymin>
      <xmax>2696.4150943396226</xmax>
      <ymax>1179.6792452830189</ymax>
    </bndbox>
  </object>
</annotation>
