<annotation>
  <folder/>
  <filename>IMG_E1630.jpg</filename>
  <database/>
  <annotation/>
  <image/>
  <size>
    <height>3320</height>
    <width>2842</width>
    <depth>3</depth>
  </size>
  <segmented/>
  <object>
    <name>nya</name>
    <pose/>
    <truncated/>
    <difficult/>
    <bndbox>
      <xmin>166.25925925925912</xmin>
      <ymin>110.25925925925924</ymin>
      <xmax>832.9259259259256</xmax>
      <ymax>702.8518518518518</ymax>
    </bndbox>
  </object>
  <object>
    <name>ma</name>
    <pose/>
    <truncated/>
    <difficult/>
    <bndbox>
      <xmin>1010.7037037037035</xmin>
      <ymin>236.18518518518516</ymin>
      <xmax>1777.37037037037</xmax>
      <ymax>639.8888888888888</ymax>
    </bndbox>
  </object>
  <object>
    <name>ga</name>
    <pose/>
    <truncated/>
    <difficult/>
    <bndbox>
      <xmin>2021.8148148148148</xmin>
      <ymin>188.037037037037</ymin>
      <xmax>2599.592592592592</xmax>
      <ymax>647.2962962962963</ymax>
    </bndbox>
  </object>
  <object>
    <name>wa</name>
    <pose/>
    <truncated/>
    <difficult/>
    <bndbox>
      <xmin>199.59259259259238</xmin>
      <ymin>1921.3703703703702</ymin>
      <xmax>1003.2962962962961</xmax>
      <ymax>2439.8888888888887</ymax>
    </bndbox>
  </object>
  <object>
    <name>ha</name>
    <pose/>
    <truncated/>
    <difficult/>
    <bndbox>
      <xmin>1218.1111111111109</xmin>
      <ymin>1895.4444444444443</ymin>
      <xmax>1877.37037037037</xmax>
      <ymax>2499.148148148148</ymax>
    </bndbox>
  </object>
  <object>
    <name>la</name>
    <pose/>
    <truncated/>
    <difficult/>
    <bndbox>
      <xmin>2081.074074074074</xmin>
      <ymin>2002.8518518518517</ymin>
      <xmax>2751.4444444444443</xmax>
      <ymax>2451.0</ymax>
    </bndbox>
  </object>
</annotation>
