<annotation>
  <folder/>
  <filename>IMG_E1778.jpg</filename>
  <database/>
  <annotation/>
  <image/>
  <size>
    <height>2772</height>
    <width>2453</width>
    <depth>3</depth>
  </size>
  <segmented/>
  <object>
    <name>ta</name>
    <pose/>
    <truncated/>
    <difficult/>
    <bndbox>
      <xmin>102.60606060606051</xmin>
      <ymin>39.515151515151516</ymin>
      <xmax>626.8484848484848</xmax>
      <ymax>642.5454545454545</ymax>
    </bndbox>
  </object>
  <object>
    <name>ja</name>
    <pose/>
    <truncated/>
    <difficult/>
    <bndbox>
      <xmin>872.3030303030303</xmin>
      <ymin>157.6969696969697</ymin>
      <xmax>1520.7878787878785</xmax>
      <ymax>688.0</ymax>
    </bndbox>
  </object>
  <object>
    <name>da</name>
    <pose/>
    <truncated/>
    <difficult/>
    <bndbox>
      <xmin>1766.242424242424</xmin>
      <ymin>145.57575757575756</ymin>
      <xmax>2296.5454545454545</xmax>
      <ymax>648.6060606060606</ymax>
    </bndbox>
  </object>
  <object>
    <name>nga</name>
    <pose/>
    <truncated/>
    <difficult/>
    <bndbox>
      <xmin>175.33333333333326</xmin>
      <ymin>1575.8787878787878</ymin>
      <xmax>638.969696969697</xmax>
      <ymax>2030.4242424242423</ymax>
    </bndbox>
  </object>
  <object>
    <name>pa</name>
    <pose/>
    <truncated/>
    <difficult/>
    <bndbox>
      <xmin>851.090909090909</xmin>
      <ymin>1736.4848484848485</ymin>
      <xmax>1345.030303030303</xmax>
      <ymax>2000.121212121212</ymax>
    </bndbox>
  </object>
  <object>
    <name>ra</name>
    <pose/>
    <truncated/>
    <difficult/>
    <bndbox>
      <xmin>1748.060606060606</xmin>
      <ymin>1654.6666666666665</ymin>
      <xmax>2242.0</xmax>
      <ymax>2060.7272727272725</ymax>
    </bndbox>
  </object>
</annotation>
