<annotation>
  <folder/>
  <filename>IMG_E1209.jpg</filename>
  <database/>
  <annotation/>
  <image/>
  <size>
    <height>2858</height>
    <width>2772</width>
    <depth>3</depth>
  </size>
  <segmented/>
  <object>
    <name>ga</name>
    <pose/>
    <truncated/>
    <difficult/>
    <bndbox>
      <xmin>76.875</xmin>
      <ymin>90.125</ymin>
      <xmax>701.875</xmax>
      <ymax>543.25</ymax>
    </bndbox>
  </object>
  <object>
    <name>ja</name>
    <pose/>
    <truncated/>
    <difficult/>
    <bndbox>
      <xmin>889.375</xmin>
      <ymin>21.375</ymin>
      <xmax>1623.75</xmax>
      <ymax>590.125</ymax>
    </bndbox>
  </object>
  <object>
    <name>ga</name>
    <pose/>
    <truncated/>
    <difficult/>
    <bndbox>
      <xmin>1739.375</xmin>
      <ymin>193.25</ymin>
      <xmax>2358.125</xmax>
      <ymax>543.25</ymax>
    </bndbox>
  </object>
  <object>
    <name>ya</name>
    <pose/>
    <truncated/>
    <difficult/>
    <bndbox>
      <xmin>233.125</xmin>
      <ymin>1408.875</ymin>
      <xmax>898.75</xmax>
      <ymax>1908.875</ymax>
    </bndbox>
  </object>
  <object>
    <name>da</name>
    <pose/>
    <truncated/>
    <difficult/>
    <bndbox>
      <xmin>1183.125</xmin>
      <ymin>1455.75</ymin>
      <xmax>1789.375</xmax>
      <ymax>1983.875</ymax>
    </bndbox>
  </object>
  <object>
    <name>ra</name>
    <pose/>
    <truncated/>
    <difficult/>
    <bndbox>
      <xmin>1958.125</xmin>
      <ymin>1555.75</ymin>
      <xmax>2548.75</xmax>
      <ymax>1949.5</ymax>
    </bndbox>
  </object>
</annotation>
