<annotation>
  <folder/>
  <filename>IMG_E1591.jpg</filename>
  <database/>
  <annotation/>
  <image/>
  <size>
    <height>3536</height>
    <width>1349</width>
    <depth>3</depth>
  </size>
  <segmented/>
  <object>
    <name>nya</name>
    <pose/>
    <truncated/>
    <difficult/>
    <bndbox>
      <xmin>171.07692307692287</xmin>
      <ymin>17.076923076923077</ymin>
      <xmax>651.8461538461538</xmax>
      <ymax>563.2307692307692</ymax>
    </bndbox>
  </object>
  <object>
    <name>ra</name>
    <pose/>
    <truncated/>
    <difficult/>
    <bndbox>
      <xmin>767.230769230769</xmin>
      <ymin>167.07692307692307</ymin>
      <xmax>1278.7692307692305</xmax>
      <ymax>697.8461538461538</ymax>
    </bndbox>
  </object>
  <object>
    <name>nga</name>
    <pose/>
    <truncated/>
    <difficult/>
    <bndbox>
      <xmin>201.8461538461538</xmin>
      <ymin>1413.2307692307693</ymin>
      <xmax>655.6923076923076</xmax>
      <ymax>1913.230769230769</ymax>
    </bndbox>
  </object>
  <object>
    <name>sa</name>
    <pose/>
    <truncated/>
    <difficult/>
    <bndbox>
      <xmin>836.4615384615386</xmin>
      <ymin>1497.8461538461538</ymin>
      <xmax>1244.1538461538462</xmax>
      <ymax>1951.6923076923076</ymax>
    </bndbox>
  </object>
  <object>
    <name>ta</name>
    <pose/>
    <truncated/>
    <difficult/>
    <bndbox>
      <xmin>274.9230769230767</xmin>
      <ymin>2544.0</ymin>
      <xmax>778.7692307692305</xmax>
      <ymax>3082.4615384615386</ymax>
    </bndbox>
  </object>
  <object>
    <name>pa</name>
    <pose/>
    <truncated/>
    <difficult/>
    <bndbox>
      <xmin>832.6153846153843</xmin>
      <ymin>2686.3076923076924</ymin>
      <xmax>1236.461538461538</xmax>
      <ymax>2947.846153846154</ymax>
    </bndbox>
  </object>
</annotation>
