<annotation>
  <folder/>
  <filename>IMG_20200523_114240.jpg</filename>
  <database/>
  <annotation/>
  <image/>
  <size>
    <height>1984</height>
    <width>2898</width>
    <depth>3</depth>
  </size>
  <segmented/>
  <object>
    <name>a</name>
    <pose/>
    <truncated/>
    <difficult/>
    <bndbox>
      <xmin>138.66666666666663</xmin>
      <ymin>180.06060606060606</ymin>
      <xmax>444.72727272727275</xmax>
      <ymax>410.3636363636363</ymax>
    </bndbox>
  </object>
  <object>
    <name>ba</name>
    <pose/>
    <truncated/>
    <difficult/>
    <bndbox>
      <xmin>1238.6666666666665</xmin>
      <ymin>225.5151515151515</ymin>
      <xmax>1456.8484848484848</xmax>
      <ymax>416.4242424242424</ymax>
    </bndbox>
  </object>
  <object>
    <name>da</name>
    <pose/>
    <truncated/>
    <difficult/>
    <bndbox>
      <xmin>2108.363636363636</xmin>
      <ymin>225.5151515151515</ymin>
      <xmax>2344.7272727272725</xmax>
      <ymax>452.78787878787875</ymax>
    </bndbox>
  </object>
  <object>
    <name>ha</name>
    <pose/>
    <truncated/>
    <difficult/>
    <bndbox>
      <xmin>175.030303030303</xmin>
      <ymin>1037.6363636363635</ymin>
      <xmax>444.72727272727275</xmax>
      <ymax>1249.7575757575758</ymax>
    </bndbox>
  </object>
  <object>
    <name>nga</name>
    <pose/>
    <truncated/>
    <difficult/>
    <bndbox>
      <xmin>1229.5757575757575</xmin>
      <ymin>1170.969696969697</ymin>
      <xmax>1468.969696969697</xmax>
      <ymax>1398.2424242424242</ymax>
    </bndbox>
  </object>
  <object>
    <name>nya</name>
    <pose/>
    <truncated/>
    <difficult/>
    <bndbox>
      <xmin>2290.181818181818</xmin>
      <ymin>1128.5454545454545</ymin>
      <xmax>2502.30303030303</xmax>
      <ymax>1389.151515151515</ymax>
    </bndbox>
  </object>
</annotation>
