<annotation>
  <folder/>
  <filename>IMG_20200522_223825.jpg</filename>
  <database/>
  <annotation/>
  <image/>
  <size>
    <height>1618</height>
    <width>2650</width>
    <depth>3</depth>
  </size>
  <segmented/>
  <object>
    <name>ja</name>
    <pose/>
    <truncated/>
    <difficult/>
    <bndbox>
      <xmin>141.73684210526315</xmin>
      <ymin>59.649122807017534</ymin>
      <xmax>471.56140350877183</xmax>
      <ymax>336.84210526315786</ymax>
    </bndbox>
  </object>
  <object>
    <name>na</name>
    <pose/>
    <truncated/>
    <difficult/>
    <bndbox>
      <xmin>1015.4210526315787</xmin>
      <ymin>112.28070175438596</ymin>
      <xmax>1355.7719298245613</xmax>
      <ymax>394.7368421052631</ymax>
    </bndbox>
  </object>
  <object>
    <name>nga</name>
    <pose/>
    <truncated/>
    <difficult/>
    <bndbox>
      <xmin>1857.5263157894735</xmin>
      <ymin>112.28070175438596</ymin>
      <xmax>2164.5438596491226</xmax>
      <ymax>438.59649122807014</ymax>
    </bndbox>
  </object>
  <object>
    <name>ga</name>
    <pose/>
    <truncated/>
    <difficult/>
    <bndbox>
      <xmin>57.52631578947367</xmin>
      <ymin>773.6842105263157</ymin>
      <xmax>450.5087719298245</xmax>
      <ymax>1040.3508771929824</ymax>
    </bndbox>
  </object>
  <object>
    <name>nya</name>
    <pose/>
    <truncated/>
    <difficult/>
    <bndbox>
      <xmin>1001.3859649122805</xmin>
      <ymin>763.157894736842</ymin>
      <xmax>1362.7894736842104</xmax>
      <ymax>1101.7543859649122</ymax>
    </bndbox>
  </object>
  <object>
    <name>la</name>
    <pose/>
    <truncated/>
    <difficult/>
    <bndbox>
      <xmin>1917.175438596491</xmin>
      <ymin>801.7543859649122</ymin>
      <xmax>2289.1052631578946</xmax>
      <ymax>1114.0350877192982</ymax>
    </bndbox>
  </object>
</annotation>
