<annotation>
  <folder/>
  <filename>IMG_E1146.jpg</filename>
  <database/>
  <annotation/>
  <image/>
  <size>
    <height>2700</height>
    <width>2581</width>
    <depth>3</depth>
  </size>
  <segmented/>
  <object>
    <name>sa</name>
    <pose/>
    <truncated/>
    <difficult/>
    <bndbox>
      <xmin>52.529411764705856</xmin>
      <ymin>13.588235294117645</ymin>
      <xmax>590.7647058823529</xmax>
      <ymax>543.0</ymax>
    </bndbox>
  </object>
  <object>
    <name>ma</name>
    <pose/>
    <truncated/>
    <difficult/>
    <bndbox>
      <xmin>681.9411764705881</xmin>
      <ymin>31.235294117647058</ymin>
      <xmax>1299.5882352941176</xmax>
      <ymax>445.9411764705882</ymax>
    </bndbox>
  </object>
  <object>
    <name>nya</name>
    <pose/>
    <truncated/>
    <difficult/>
    <bndbox>
      <xmin>1505.4705882352941</xmin>
      <ymin>19.470588235294116</ymin>
      <xmax>2026.0588235294117</xmax>
      <ymax>563.5882352941176</ymax>
    </bndbox>
  </object>
  <object>
    <name>na</name>
    <pose/>
    <truncated/>
    <difficult/>
    <bndbox>
      <xmin>2093.705882352941</xmin>
      <ymin>157.70588235294116</ymin>
      <xmax>2520.176470588235</xmax>
      <ymax>590.0588235294117</ymax>
    </bndbox>
  </object>
  <object>
    <name>ga</name>
    <pose/>
    <truncated/>
    <difficult/>
    <bndbox>
      <xmin>429.0</xmin>
      <ymin>1445.941176470588</ymin>
      <xmax>926.0588235294117</xmax>
      <ymax>1892.9999999999998</ymax>
    </bndbox>
  </object>
  <object>
    <name>ta</name>
    <pose/>
    <truncated/>
    <difficult/>
    <bndbox>
      <xmin>1037.8235294117644</xmin>
      <ymin>1404.764705882353</ymin>
      <xmax>1658.411764705882</xmax>
      <ymax>2084.176470588235</ymax>
    </bndbox>
  </object>
  <object>
    <name>nga</name>
    <pose/>
    <truncated/>
    <difficult/>
    <bndbox>
      <xmin>1770.1764705882351</xmin>
      <ymin>1545.941176470588</ymin>
      <xmax>2243.705882352941</xmax>
      <ymax>2045.9411764705883</ymax>
    </bndbox>
  </object>
</annotation>
