<annotation>
  <folder/>
  <filename>IMG_20200522_170145.jpg</filename>
  <database/>
  <annotation/>
  <image/>
  <size>
    <height>1882</height>
    <width>2722</width>
    <depth>3</depth>
  </size>
  <segmented/>
  <object>
    <name>ya</name>
    <pose/>
    <truncated/>
    <difficult/>
    <bndbox>
      <xmin>83.53061224489795</xmin>
      <ymin>73.46938775510205</ymin>
      <xmax>354.9591836734694</xmax>
      <ymax>242.85714285714286</ymax>
    </bndbox>
  </object>
  <object>
    <name>ba</name>
    <pose/>
    <truncated/>
    <difficult/>
    <bndbox>
      <xmin>1267.204081632653</xmin>
      <ymin>51.02040816326531</ymin>
      <xmax>1518.2244897959183</xmax>
      <ymax>216.3265306122449</ymax>
    </bndbox>
  </object>
  <object>
    <name>na</name>
    <pose/>
    <truncated/>
    <difficult/>
    <bndbox>
      <xmin>2305.979591836735</xmin>
      <ymin>81.63265306122449</ymin>
      <xmax>2605.979591836735</xmax>
      <ymax>334.6938775510204</ymax>
    </bndbox>
  </object>
  <object>
    <name>la</name>
    <pose/>
    <truncated/>
    <difficult/>
    <bndbox>
      <xmin>87.61224489795921</xmin>
      <ymin>1075.5102040816328</ymin>
      <xmax>283.53061224489795</xmax>
      <ymax>1189.795918367347</ymax>
    </bndbox>
  </object>
  <object>
    <name>ga</name>
    <pose/>
    <truncated/>
    <difficult/>
    <bndbox>
      <xmin>1230.4693877551022</xmin>
      <ymin>1169.3877551020407</ymin>
      <xmax>1508.0204081632653</xmax>
      <ymax>1336.734693877551</ymax>
    </bndbox>
  </object>
  <object>
    <name>nya</name>
    <pose/>
    <truncated/>
    <difficult/>
    <bndbox>
      <xmin>2195.7755102040815</xmin>
      <ymin>1267.3469387755101</ymin>
      <xmax>2459.0408163265306</xmax>
      <ymax>1477.5510204081634</ymax>
    </bndbox>
  </object>
</annotation>
