<annotation>
  <folder/>
  <filename>IMG_E1218.jpg</filename>
  <database/>
  <annotation/>
  <image/>
  <size>
    <height>2391</height>
    <width>2662</width>
    <depth>3</depth>
  </size>
  <segmented/>
  <object>
    <name>na</name>
    <pose/>
    <truncated/>
    <difficult/>
    <bndbox>
      <xmin>73.52631578947364</xmin>
      <ymin>55.684210526315795</ymin>
      <xmax>563.0</xmax>
      <ymax>487.2631578947368</ymax>
    </bndbox>
  </object>
  <object>
    <name>ma</name>
    <pose/>
    <truncated/>
    <difficult/>
    <bndbox>
      <xmin>641.9473684210527</xmin>
      <ymin>63.578947368421055</ymin>
      <xmax>1218.2631578947369</xmax>
      <ymax>395.1578947368421</ymax>
    </bndbox>
  </object>
  <object>
    <name>ga</name>
    <pose/>
    <truncated/>
    <difficult/>
    <bndbox>
      <xmin>1326.157894736842</xmin>
      <ymin>76.73684210526315</ymin>
      <xmax>1907.7368421052633</xmax>
      <ymax>460.9473684210526</ymax>
    </bndbox>
  </object>
  <object>
    <name>pa</name>
    <pose/>
    <truncated/>
    <difficult/>
    <bndbox>
      <xmin>1999.842105263158</xmin>
      <ymin>84.63157894736842</ymin>
      <xmax>2473.5263157894738</xmax>
      <ymax>460.9473684210526</ymax>
    </bndbox>
  </object>
  <object>
    <name>ba</name>
    <pose/>
    <truncated/>
    <difficult/>
    <bndbox>
      <xmin>186.68421052631572</xmin>
      <ymin>1089.8947368421052</ymin>
      <xmax>734.0526315789473</xmax>
      <ymax>1495.157894736842</ymax>
    </bndbox>
  </object>
  <object>
    <name>ya</name>
    <pose/>
    <truncated/>
    <difficult/>
    <bndbox>
      <xmin>818.2631578947369</xmin>
      <ymin>1171.4736842105262</ymin>
      <xmax>1455.1052631578946</xmax>
      <ymax>1587.2631578947369</ymax>
    </bndbox>
  </object>
  <object>
    <name>ta</name>
    <pose/>
    <truncated/>
    <difficult/>
    <bndbox>
      <xmin>1568.2631578947367</xmin>
      <ymin>1174.1052631578948</ymin>
      <xmax>2102.4736842105262</xmax>
      <ymax>1684.6315789473683</ymax>
    </bndbox>
  </object>
  <object>
    <name>a</name>
    <pose/>
    <truncated/>
    <difficult/>
    <bndbox>
      <xmin>2170.8947368421054</xmin>
      <ymin>1253.0526315789473</ymin>
      <xmax>2626.157894736842</xmax>
      <ymax>1624.1052631578948</ymax>
    </bndbox>
  </object>
</annotation>
