<annotation>
  <folder/>
  <filename>IMG_20200522_223439.jpg</filename>
  <database/>
  <annotation/>
  <image/>
  <size>
    <height>1913</height>
    <width>2755</width>
    <depth>3</depth>
  </size>
  <segmented/>
  <object>
    <name>pa</name>
    <pose/>
    <truncated/>
    <difficult/>
    <bndbox>
      <xmin>165.0</xmin>
      <ymin>104.33333333333334</ymin>
      <xmax>558.75</xmax>
      <ymax>354.33333333333337</ymax>
    </bndbox>
  </object>
  <object>
    <name>ra</name>
    <pose/>
    <truncated/>
    <difficult/>
    <bndbox>
      <xmin>1158.75</xmin>
      <ymin>75.16666666666667</ymin>
      <xmax>1621.25</xmax>
      <ymax>377.25</ymax>
    </bndbox>
  </object>
  <object>
    <name>sa</name>
    <pose/>
    <truncated/>
    <difficult/>
    <bndbox>
      <xmin>2106.666666666667</xmin>
      <ymin>16.833333333333336</ymin>
      <xmax>2475.416666666667</xmax>
      <ymax>410.58333333333337</ymax>
    </bndbox>
  </object>
  <object>
    <name>ha</name>
    <pose/>
    <truncated/>
    <difficult/>
    <bndbox>
      <xmin>69.16666666666669</xmin>
      <ymin>1137.6666666666667</ymin>
      <xmax>415.0</xmax>
      <ymax>1483.5</ymax>
    </bndbox>
  </object>
  <object>
    <name>ba</name>
    <pose/>
    <truncated/>
    <difficult/>
    <bndbox>
      <xmin>1285.8333333333335</xmin>
      <ymin>1164.75</ymin>
      <xmax>1696.25</xmax>
      <ymax>1464.75</ymax>
    </bndbox>
  </object>
  <object>
    <name>sa</name>
    <pose/>
    <truncated/>
    <difficult/>
    <bndbox>
      <xmin>2273.3333333333335</xmin>
      <ymin>1116.8333333333335</ymin>
      <xmax>2558.75</xmax>
      <ymax>1400.1666666666667</ymax>
    </bndbox>
  </object>
</annotation>
