<annotation>
  <folder/>
  <filename>IMG_E8950.jpg</filename>
  <database/>
  <annotation/>
  <image/>
  <size>
    <height>1014</height>
    <width>2845</width>
    <depth>3</depth>
  </size>
  <segmented/>
  <object>
    <name>p</name>
    <pose/>
    <truncated/>
    <difficult/>
    <bndbox>
      <xmin>14.54545454545454</xmin>
      <ymin>48.90909090909088</ymin>
      <xmax>456.3636363636363</xmax>
      <ymax>356.18181818181813</ymax>
    </bndbox>
  </object>
  <object>
    <name>la</name>
    <pose/>
    <truncated/>
    <difficult/>
    <bndbox>
      <xmin>612.7272727272726</xmin>
      <ymin>92.5454545454545</ymin>
      <xmax>1001.8181818181818</xmax>
      <ymax>428.9090909090909</ymax>
    </bndbox>
  </object>
  <object>
    <name>y</name>
    <pose/>
    <truncated/>
    <difficult/>
    <bndbox>
      <xmin>1150.9090909090908</xmin>
      <ymin>90.72727272727269</ymin>
      <xmax>1683.6363636363635</xmax>
      <ymax>365.27272727272725</ymax>
    </bndbox>
  </object>
  <object>
    <name>ba</name>
    <pose/>
    <truncated/>
    <difficult/>
    <bndbox>
      <xmin>1779.9999999999998</xmin>
      <ymin>67.09090909090907</ymin>
      <xmax>2234.5454545454545</xmax>
      <ymax>385.27272727272725</ymax>
    </bndbox>
  </object>
  <object>
    <name>g</name>
    <pose/>
    <truncated/>
    <difficult/>
    <bndbox>
      <xmin>2358.181818181818</xmin>
      <ymin>57.99999999999994</ymin>
      <xmax>2761.8181818181815</xmax>
      <ymax>299.81818181818176</ymax>
    </bndbox>
  </object>
</annotation>
