<annotation>
  <folder/>
  <filename>IMG_20200523_124344.jpg</filename>
  <database/>
  <annotation/>
  <image/>
  <size>
    <height>941</height>
    <width>1472</width>
    <depth>3</depth>
  </size>
  <segmented/>
  <object>
    <name>ga</name>
    <pose/>
    <truncated/>
    <difficult/>
    <bndbox>
      <xmin>17.673469387755105</xmin>
      <ymin>60.204081632653065</ymin>
      <xmax>218.69387755102042</xmax>
      <ymax>214.28571428571428</ymax>
    </bndbox>
  </object>
  <object>
    <name>da</name>
    <pose/>
    <truncated/>
    <difficult/>
    <bndbox>
      <xmin>472.7755102040817</xmin>
      <ymin>57.142857142857146</ymin>
      <xmax>686.0408163265306</xmax>
      <ymax>213.26530612244898</ymax>
    </bndbox>
  </object>
  <object>
    <name>la</name>
    <pose/>
    <truncated/>
    <difficult/>
    <bndbox>
      <xmin>1070.734693877551</xmin>
      <ymin>46.93877551020408</ymin>
      <xmax>1279.9183673469388</xmax>
      <ymax>179.59183673469389</ymax>
    </bndbox>
  </object>
  <object>
    <name>ra</name>
    <pose/>
    <truncated/>
    <difficult/>
    <bndbox>
      <xmin>32.9795918367347</xmin>
      <ymin>487.7551020408163</ymin>
      <xmax>212.57142857142856</xmax>
      <ymax>652.0408163265306</ymax>
    </bndbox>
  </object>
  <object>
    <name>pa</name>
    <pose/>
    <truncated/>
    <difficult/>
    <bndbox>
      <xmin>559.5102040816327</xmin>
      <ymin>544.8979591836735</ymin>
      <xmax>740.1224489795918</xmax>
      <ymax>693.8775510204082</ymax>
    </bndbox>
  </object>
  <object>
    <name>nga</name>
    <pose/>
    <truncated/>
    <difficult/>
    <bndbox>
      <xmin>1128.8979591836735</xmin>
      <ymin>592.8571428571429</ymin>
      <xmax>1350.3265306122448</xmax>
      <ymax>723.469387755102</ymax>
    </bndbox>
  </object>
</annotation>
