<annotation>
  <folder/>
  <filename>IMG_E9645.jpg</filename>
  <database/>
  <annotation/>
  <image/>
  <size>
    <height>1524</height>
    <width>2896</width>
    <depth>3</depth>
  </size>
  <segmented/>
  <object>
    <name>sa</name>
    <pose/>
    <truncated/>
    <difficult/>
    <bndbox>
      <xmin>109.68627450980392</xmin>
      <ymin>168.5686274509804</ymin>
      <xmax>552.8235294117648</xmax>
      <ymax>541.1176470588235</ymax>
    </bndbox>
  </object>
  <object>
    <name>ba</name>
    <pose/>
    <truncated/>
    <difficult/>
    <bndbox>
      <xmin>770.4705882352941</xmin>
      <ymin>264.6470588235294</ymin>
      <xmax>1174.392156862745</xmax>
      <ymax>592.0980392156863</ymax>
    </bndbox>
  </object>
  <object>
    <name>ng</name>
    <pose/>
    <truncated/>
    <difficult/>
    <bndbox>
      <xmin>1433.2156862745098</xmin>
      <ymin>215.62745098039215</ymin>
      <xmax>1960.6666666666667</xmax>
      <ymax>648.9607843137255</ymax>
    </bndbox>
  </object>
  <object>
    <name>nye</name>
    <pose/>
    <truncated/>
    <difficult/>
    <bndbox>
      <xmin>2141.0588235294117</xmin>
      <ymin>150.921568627451</ymin>
      <xmax>2584.1960784313724</xmax>
      <ymax>696.0196078431372</ymax>
    </bndbox>
  </object>
</annotation>
