<annotation>
  <folder/>
  <filename>IMG_20200504_203338.jpg</filename>
  <database/>
  <annotation/>
  <image/>
  <size>
    <height>1046</height>
    <width>2279</width>
    <depth>3</depth>
  </size>
  <segmented/>
  <object>
    <name>lo</name>
    <pose/>
    <truncated/>
    <difficult/>
    <bndbox>
      <xmin>31.846153846153847</xmin>
      <ymin>248.07692307692304</ymin>
      <xmax>353.38461538461536</xmax>
      <ymax>411.1538461538462</ymax>
    </bndbox>
  </object>
  <object>
    <name>bi</name>
    <pose/>
    <truncated/>
    <difficult/>
    <bndbox>
      <xmin>508.7692307692308</xmin>
      <ymin>277.30769230769226</ymin>
      <xmax>882.6153846153846</xmax>
      <ymax>525.0</ymax>
    </bndbox>
  </object>
  <object>
    <name>mang</name>
    <pose/>
    <truncated/>
    <difficult/>
    <bndbox>
      <xmin>1045.6923076923076</xmin>
      <ymin>395.7692307692307</ymin>
      <xmax>1451.8461538461538</xmax>
      <ymax>614.2307692307692</ymax>
    </bndbox>
  </object>
  <object>
    <name>d</name>
    <pose/>
    <truncated/>
    <difficult/>
    <bndbox>
      <xmin>1624.1538461538462</xmin>
      <ymin>501.9230769230769</ymin>
      <xmax>2025.6923076923076</xmax>
      <ymax>708.0769230769231</ymax>
    </bndbox>
  </object>
</annotation>
