<annotation>
  <folder/>
  <filename>IMG_20200506_170657.jpg</filename>
  <database/>
  <annotation/>
  <image/>
  <size>
    <height>1546</height>
    <width>2490</width>
    <depth>3</depth>
  </size>
  <segmented/>
  <object>
    <name>jo</name>
    <pose/>
    <truncated/>
    <difficult/>
    <bndbox>
      <xmin>89.69491525423729</xmin>
      <ymin>12.508474576271187</ymin>
      <xmax>506.6440677966102</xmax>
      <ymax>222.67796610169492</ymax>
    </bndbox>
  </object>
  <object>
    <name>u</name>
    <pose/>
    <truncated/>
    <difficult/>
    <bndbox>
      <xmin>962.5762711864407</xmin>
      <ymin>61.66101694915254</ymin>
      <xmax>1228.677966101695</xmax>
      <ymax>258.271186440678</ymax>
    </bndbox>
  </object>
  <object>
    <name>jo</name>
    <pose/>
    <truncated/>
    <difficult/>
    <bndbox>
      <xmin>1508.3389830508474</xmin>
      <ymin>80.30508474576271</ymin>
      <xmax>1859.1864406779662</xmax>
      <ymax>265.0508474576271</ymax>
    </bndbox>
  </object>
  <object>
    <name>m</name>
    <pose/>
    <truncated/>
    <difficult/>
    <bndbox>
      <xmin>137.15254237288136</xmin>
      <ymin>720.9830508474577</ymin>
      <xmax>465.96610169491527</xmax>
      <ymax>905.7288135593221</ymax>
    </bndbox>
  </object>
  <object>
    <name>bo</name>
    <pose/>
    <truncated/>
    <difficult/>
    <bndbox>
      <xmin>952.406779661017</xmin>
      <ymin>743.0169491525425</ymin>
      <xmax>1264.271186440678</xmax>
      <ymax>954.8813559322034</ymax>
    </bndbox>
  </object>
  <object>
    <name>to</name>
    <pose/>
    <truncated/>
    <difficult/>
    <bndbox>
      <xmin>1720.2033898305085</xmin>
      <ymin>726.0677966101696</ymin>
      <xmax>1947.322033898305</xmax>
      <ymax>926.0677966101696</ymax>
    </bndbox>
  </object>
</annotation>
