<annotation>
  <folder/>
  <filename>IMG_20200522_172556.jpg</filename>
  <database/>
  <annotation/>
  <image/>
  <size>
    <height>1684</height>
    <width>2007</width>
    <depth>3</depth>
  </size>
  <segmented/>
  <object>
    <name>da</name>
    <pose/>
    <truncated/>
    <difficult/>
    <bndbox>
      <xmin>103.55555555555554</xmin>
      <ymin>28.74074074074074</ymin>
      <xmax>249.85185185185185</xmax>
      <ymax>221.33333333333331</ymax>
    </bndbox>
  </object>
  <object>
    <name>la</name>
    <pose/>
    <truncated/>
    <difficult/>
    <bndbox>
      <xmin>609.1111111111111</xmin>
      <ymin>84.29629629629629</ymin>
      <xmax>851.7037037037037</xmax>
      <ymax>221.33333333333331</ymax>
    </bndbox>
  </object>
  <object>
    <name>wa</name>
    <pose/>
    <truncated/>
    <difficult/>
    <bndbox>
      <xmin>1410.9629629629628</xmin>
      <ymin>84.29629629629629</ymin>
      <xmax>1710.962962962963</xmax>
      <ymax>226.88888888888889</ymax>
    </bndbox>
  </object>
  <object>
    <name>nga</name>
    <pose/>
    <truncated/>
    <difficult/>
    <bndbox>
      <xmin>47.99999999999994</xmin>
      <ymin>702.8148148148148</ymin>
      <xmax>229.4814814814814</xmax>
      <ymax>858.3703703703703</ymax>
    </bndbox>
  </object>
  <object>
    <name>pa</name>
    <pose/>
    <truncated/>
    <difficult/>
    <bndbox>
      <xmin>651.7037037037037</xmin>
      <ymin>734.2962962962962</ymin>
      <xmax>872.0740740740739</xmax>
      <ymax>867.6296296296296</ymax>
    </bndbox>
  </object>
  <object>
    <name>ra</name>
    <pose/>
    <truncated/>
    <difficult/>
    <bndbox>
      <xmin>1492.4444444444443</xmin>
      <ymin>732.4444444444443</ymin>
      <xmax>1648.0</xmax>
      <ymax>869.4814814814814</ymax>
    </bndbox>
  </object>
</annotation>
