<annotation>
  <folder/>
  <filename>IMG_E1037.jpg</filename>
  <database/>
  <annotation/>
  <image/>
  <size>
    <height>2981</height>
    <width>2040</width>
    <depth>3</depth>
  </size>
  <segmented/>
  <object>
    <name>la</name>
    <pose/>
    <truncated/>
    <difficult/>
    <bndbox>
      <xmin>190.0</xmin>
      <ymin>163.0</ymin>
      <xmax>700.0</xmax>
      <ymax>676.3333333333334</ymax>
    </bndbox>
  </object>
  <object>
    <name>na</name>
    <pose/>
    <truncated/>
    <difficult/>
    <bndbox>
      <xmin>860.0</xmin>
      <ymin>256.33333333333337</ymin>
      <xmax>1383.3333333333335</xmax>
      <ymax>733.0</ymax>
    </bndbox>
  </object>
  <object>
    <name>da</name>
    <pose/>
    <truncated/>
    <difficult/>
    <bndbox>
      <xmin>1513.3333333333335</xmin>
      <ymin>203.0</ymin>
      <xmax>2010.0</xmax>
      <ymax>796.3333333333334</ymax>
    </bndbox>
  </object>
  <object>
    <name>nya</name>
    <pose/>
    <truncated/>
    <difficult/>
    <bndbox>
      <xmin>136.66666666666674</xmin>
      <ymin>1549.6666666666667</ymin>
      <xmax>756.666666666667</xmax>
      <ymax>2106.3333333333335</ymax>
    </bndbox>
  </object>
  <object>
    <name>sa</name>
    <pose/>
    <truncated/>
    <difficult/>
    <bndbox>
      <xmin>933.3333333333335</xmin>
      <ymin>1643.0</ymin>
      <xmax>1363.3333333333335</xmax>
      <ymax>2199.666666666667</ymax>
    </bndbox>
  </object>
  <object>
    <name>ja</name>
    <pose/>
    <truncated/>
    <difficult/>
    <bndbox>
      <xmin>1506.666666666667</xmin>
      <ymin>1693.0</ymin>
      <xmax>2006.666666666667</xmax>
      <ymax>2239.666666666667</ymax>
    </bndbox>
  </object>
</annotation>
