<annotation>
  <folder/>
  <filename>IMG_E0714.jpg</filename>
  <database/>
  <annotation/>
  <image/>
  <size>
    <height>2938</height>
    <width>2286</width>
    <depth>3</depth>
  </size>
  <segmented/>
  <object>
    <name>ra</name>
    <pose/>
    <truncated/>
    <difficult/>
    <bndbox>
      <xmin>66.29032258064512</xmin>
      <ymin>106.80645161290323</ymin>
      <xmax>482.41935483870975</xmax>
      <ymax>451.9677419354839</ymax>
    </bndbox>
  </object>
  <object>
    <name>wa</name>
    <pose/>
    <truncated/>
    <difficult/>
    <bndbox>
      <xmin>717.9032258064517</xmin>
      <ymin>132.61290322580646</ymin>
      <xmax>1217.9032258064517</xmax>
      <ymax>451.9677419354839</ymax>
    </bndbox>
  </object>
  <object>
    <name>ba</name>
    <pose/>
    <truncated/>
    <difficult/>
    <bndbox>
      <xmin>1437.2580645161293</xmin>
      <ymin>113.25806451612902</ymin>
      <xmax>1985.6451612903224</xmax>
      <ymax>484.2258064516129</ymax>
    </bndbox>
  </object>
  <object>
    <name>ha</name>
    <pose/>
    <truncated/>
    <difficult/>
    <bndbox>
      <xmin>63.0645161290322</xmin>
      <ymin>1439.0645161290322</ymin>
      <xmax>511.45161290322585</xmax>
      <ymax>1874.5483870967741</ymax>
    </bndbox>
  </object>
  <object>
    <name>ya</name>
    <pose/>
    <truncated/>
    <difficult/>
    <bndbox>
      <xmin>856.6129032258063</xmin>
      <ymin>1542.2903225806451</ymin>
      <xmax>1398.5483870967741</xmax>
      <ymax>1868.0967741935483</ymax>
    </bndbox>
  </object>
  <object>
    <name>ma</name>
    <pose/>
    <truncated/>
    <difficult/>
    <bndbox>
      <xmin>1605.0</xmin>
      <ymin>1571.3225806451612</ymin>
      <xmax>2224.3548387096776</xmax>
      <ymax>1926.1612903225807</ymax>
    </bndbox>
  </object>
</annotation>
