<annotation>
  <folder/>
  <filename>IMG_20200506_144523.jpg</filename>
  <database/>
  <annotation/>
  <image/>
  <size>
    <height>1687</height>
    <width>2876</width>
    <depth>3</depth>
  </size>
  <segmented/>
  <object>
    <name>pi</name>
    <pose/>
    <truncated/>
    <difficult/>
    <bndbox>
      <xmin>226.61904761904762</xmin>
      <ymin>84.38095238095241</ymin>
      <xmax>893.2857142857143</xmax>
      <ymax>401.04761904761904</ymax>
    </bndbox>
  </object>
  <object>
    <name>n</name>
    <pose/>
    <truncated/>
    <difficult/>
    <bndbox>
      <xmin>1050.4285714285716</xmin>
      <ymin>96.28571428571428</ymin>
      <xmax>1602.8095238095239</xmax>
      <ymax>348.66666666666674</ymax>
    </bndbox>
  </object>
  <object>
    <name>n</name>
    <pose/>
    <truncated/>
    <difficult/>
    <bndbox>
      <xmin>1824.2380952380954</xmin>
      <ymin>117.71428571428572</ymin>
      <xmax>2002.8095238095239</xmax>
      <ymax>393.9047619047619</ymax>
    </bndbox>
  </object>
  <object>
    <name>ge</name>
    <pose/>
    <truncated/>
    <difficult/>
    <bndbox>
      <xmin>2257.5714285714284</xmin>
      <ymin>158.1904761904762</ymin>
      <xmax>2671.857142857143</xmax>
      <ymax>434.3809523809524</ymax>
    </bndbox>
  </object>
  <object>
    <name>r</name>
    <pose/>
    <truncated/>
    <difficult/>
    <bndbox>
      <xmin>219.47619047619048</xmin>
      <ymin>1029.6190476190477</ymin>
      <xmax>738.5238095238095</xmax>
      <ymax>1329.6190476190477</ymax>
    </bndbox>
  </object>
  <object>
    <name>bang</name>
    <pose/>
    <truncated/>
    <difficult/>
    <bndbox>
      <xmin>1124.2380952380952</xmin>
      <ymin>1060.5714285714287</ymin>
      <xmax>1471.857142857143</xmax>
      <ymax>1296.2857142857144</ymax>
    </bndbox>
  </object>
  <object>
    <name>nga</name>
    <pose/>
    <truncated/>
    <difficult/>
    <bndbox>
      <xmin>1831.3809523809525</xmin>
      <ymin>1122.4761904761906</ymin>
      <xmax>2098.0476190476193</xmax>
      <ymax>1398.6666666666667</ymax>
    </bndbox>
  </object>
  <object>
    <name>wo</name>
    <pose/>
    <truncated/>
    <difficult/>
    <bndbox>
      <xmin>2424.2380952380954</xmin>
      <ymin>1220.095238095238</ymin>
      <xmax>2812.3333333333335</xmax>
      <ymax>1458.1904761904761</ymax>
    </bndbox>
  </object>
</annotation>
