<annotation>
  <folder/>
  <filename>IMG_20200523_124625.jpg</filename>
  <database/>
  <annotation/>
  <image/>
  <size>
    <height>1366</height>
    <width>1760</width>
    <depth>3</depth>
  </size>
  <segmented/>
  <object>
    <name>da</name>
    <pose/>
    <truncated/>
    <difficult/>
    <bndbox>
      <xmin>26.402985074626827</xmin>
      <ymin>60.67164179104478</ymin>
      <xmax>302.5223880597015</xmax>
      <ymax>286.04477611940297</ymax>
    </bndbox>
  </object>
  <object>
    <name>ba</name>
    <pose/>
    <truncated/>
    <difficult/>
    <bndbox>
      <xmin>729.3880597014925</xmin>
      <ymin>114.40298507462686</ymin>
      <xmax>1007.0</xmax>
      <ymax>383.0597014925373</ymax>
    </bndbox>
  </object>
  <object>
    <name>nga</name>
    <pose/>
    <truncated/>
    <difficult/>
    <bndbox>
      <xmin>1480.134328358209</xmin>
      <ymin>172.61194029850745</ymin>
      <xmax>1699.5373134328356</xmax>
      <ymax>430.820895522388</ymax>
    </bndbox>
  </object>
  <object>
    <name>ta</name>
    <pose/>
    <truncated/>
    <difficult/>
    <bndbox>
      <xmin>32.37313432835816</xmin>
      <ymin>665.1492537313433</ymin>
      <xmax>262.22388059701484</xmax>
      <ymax>844.2537313432836</ymax>
    </bndbox>
  </object>
  <object>
    <name>nga</name>
    <pose/>
    <truncated/>
    <difficult/>
    <bndbox>
      <xmin>750.2835820895523</xmin>
      <ymin>708.4328358208954</ymin>
      <xmax>1035.3582089552237</xmax>
      <ymax>990.5223880597015</ymax>
    </bndbox>
  </object>
  <object>
    <name>na</name>
    <pose/>
    <truncated/>
    <difficult/>
    <bndbox>
      <xmin>1499.5373134328356</xmin>
      <ymin>860.6716417910447</ymin>
      <xmax>1756.2537313432836</xmax>
      <ymax>1078.5820895522388</ymax>
    </bndbox>
  </object>
</annotation>
