<annotation>
  <folder/>
  <filename>IMG_20200523_172328.jpg</filename>
  <database/>
  <annotation/>
  <image/>
  <size>
    <height>1503</height>
    <width>1156</width>
    <depth>3</depth>
  </size>
  <segmented/>
  <object>
    <name>ya</name>
    <pose/>
    <truncated/>
    <difficult/>
    <bndbox>
      <xmin>24.426229508196684</xmin>
      <ymin>40.90163934426229</ymin>
      <xmax>271.96721311475414</xmax>
      <ymax>267.1311475409836</ymax>
    </bndbox>
  </object>
  <object>
    <name>nya</name>
    <pose/>
    <truncated/>
    <difficult/>
    <bndbox>
      <xmin>347.37704918032796</xmin>
      <ymin>47.459016393442624</ymin>
      <xmax>590.0</xmax>
      <ymax>288.44262295081967</ymax>
    </bndbox>
  </object>
  <object>
    <name>ba</name>
    <pose/>
    <truncated/>
    <difficult/>
    <bndbox>
      <xmin>698.1967213114754</xmin>
      <ymin>93.36065573770492</ymin>
      <xmax>1032.6229508196723</xmax>
      <ymax>290.08196721311475</ymax>
    </bndbox>
  </object>
  <object>
    <name>la</name>
    <pose/>
    <truncated/>
    <difficult/>
    <bndbox>
      <xmin>6.393442622950829</xmin>
      <ymin>908.1147540983607</ymin>
      <xmax>245.73770491803282</xmax>
      <ymax>1111.393442622951</ymax>
    </bndbox>
  </object>
  <object>
    <name>wa</name>
    <pose/>
    <truncated/>
    <difficult/>
    <bndbox>
      <xmin>339.1803278688524</xmin>
      <ymin>888.4426229508197</ymin>
      <xmax>676.8852459016393</xmax>
      <ymax>1150.7377049180327</ymax>
    </bndbox>
  </object>
  <object>
    <name>ja</name>
    <pose/>
    <truncated/>
    <difficult/>
    <bndbox>
      <xmin>732.6229508196723</xmin>
      <ymin>929.4262295081968</ymin>
      <xmax>947.377049180328</xmax>
      <ymax>1121.2295081967213</ymax>
    </bndbox>
  </object>
</annotation>
