<annotation>
  <folder/>
  <filename>IMG_20200504_142650.jpg</filename>
  <database/>
  <annotation/>
  <image/>
  <size>
    <height>2724</height>
    <width>2828</width>
    <depth>3</depth>
  </size>
  <segmented/>
  <object>
    <name>re</name>
    <pose/>
    <truncated/>
    <difficult/>
    <bndbox>
      <xmin>20.23529411764696</xmin>
      <ymin>191.94117647058823</ymin>
      <xmax>487.88235294117635</xmax>
      <ymax>497.8235294117647</ymax>
    </bndbox>
  </object>
  <object>
    <name>yo</name>
    <pose/>
    <truncated/>
    <difficult/>
    <bndbox>
      <xmin>949.6470588235293</xmin>
      <ymin>318.4117647058823</ymin>
      <xmax>1567.2941176470586</xmax>
      <ymax>668.4117647058823</ymax>
    </bndbox>
  </object>
  <object>
    <name>mu</name>
    <pose/>
    <truncated/>
    <difficult/>
    <bndbox>
      <xmin>1990.8235294117644</xmin>
      <ymin>406.6470588235294</ymin>
      <xmax>2564.3529411764703</xmax>
      <ymax>733.1176470588234</ymax>
    </bndbox>
  </object>
  <object>
    <name>wo</name>
    <pose/>
    <truncated/>
    <difficult/>
    <bndbox>
      <xmin>37.882352941176464</xmin>
      <ymin>941.9411764705882</ymin>
      <xmax>461.4117647058822</xmax>
      <ymax>1206.6470588235293</ymax>
    </bndbox>
  </object>
  <object>
    <name>tang</name>
    <pose/>
    <truncated/>
    <difficult/>
    <bndbox>
      <xmin>1073.1764705882351</xmin>
      <ymin>1036.0588235294117</ymin>
      <xmax>1496.705882352941</xmax>
      <ymax>1350.764705882353</ymax>
    </bndbox>
  </object>
  <object>
    <name>nge</name>
    <pose/>
    <truncated/>
    <difficult/>
    <bndbox>
      <xmin>2099.6470588235293</xmin>
      <ymin>1133.1176470588234</ymin>
      <xmax>2520.235294117647</xmax>
      <ymax>1427.2352941176468</ymax>
    </bndbox>
  </object>
  <object>
    <name>ra</name>
    <pose/>
    <truncated/>
    <difficult/>
    <bndbox>
      <xmin>23.176470588235247</xmin>
      <ymin>1671.3529411764705</ymin>
      <xmax>602.5882352941176</xmax>
      <ymax>1938.9999999999998</ymax>
    </bndbox>
  </object>
  <object>
    <name>i</name>
    <pose/>
    <truncated/>
    <difficult/>
    <bndbox>
      <xmin>1152.5882352941176</xmin>
      <ymin>1721.3529411764705</ymin>
      <xmax>1643.7647058823527</xmax>
      <ymax>2053.705882352941</ymax>
    </bndbox>
  </object>
</annotation>
