<annotation>
  <folder/>
  <filename>IMG_E9318.jpg</filename>
  <database/>
  <annotation/>
  <image/>
  <size>
    <height>1192</height>
    <width>2765</width>
    <depth>3</depth>
  </size>
  <segmented/>
  <object>
    <name>ji</name>
    <pose/>
    <truncated/>
    <difficult/>
    <bndbox>
      <xmin>43.37735849056603</xmin>
      <ymin>39.52830188679246</ymin>
      <xmax>633.9433962264151</xmax>
      <ymax>411.2264150943396</ymax>
    </bndbox>
  </object>
  <object>
    <name>ta</name>
    <pose/>
    <truncated/>
    <difficult/>
    <bndbox>
      <xmin>760.3584905660377</xmin>
      <ymin>88.58490566037733</ymin>
      <xmax>1094.3207547169811</xmax>
      <ymax>428.2075471698113</ymax>
    </bndbox>
  </object>
  <object>
    <name>p</name>
    <pose/>
    <truncated/>
    <difficult/>
    <bndbox>
      <xmin>1230.1698113207547</xmin>
      <ymin>101.79245283018867</ymin>
      <xmax>1650.9245283018868</xmax>
      <ymax>435.754716981132</ymax>
    </bndbox>
  </object>
  <object>
    <name>ho</name>
    <pose/>
    <truncated/>
    <difficult/>
    <bndbox>
      <xmin>1730.1698113207547</xmin>
      <ymin>99.90566037735846</ymin>
      <xmax>2245.264150943396</xmax>
      <ymax>509.33962264150944</ymax>
    </bndbox>
  </object>
  <object>
    <name>n</name>
    <pose/>
    <truncated/>
    <difficult/>
    <bndbox>
      <xmin>2328.2830188679245</xmin>
      <ymin>171.60377358490564</ymin>
      <xmax>2760.3584905660377</xmax>
      <ymax>556.5094339622641</ymax>
    </bndbox>
  </object>
</annotation>
