<annotation>
  <folder/>
  <filename>IMG_E9268.jpg</filename>
  <database/>
  <annotation/>
  <image/>
  <size>
    <height>1235</height>
    <width>2895</width>
    <depth>3</depth>
  </size>
  <segmented/>
  <object>
    <name>li</name>
    <pose/>
    <truncated/>
    <difficult/>
    <bndbox>
      <xmin>16.52941176470588</xmin>
      <ymin>43.176470588235304</ymin>
      <xmax>608.6862745098039</xmax>
      <ymax>566.7058823529412</ymax>
    </bndbox>
  </object>
  <object>
    <name>n</name>
    <pose/>
    <truncated/>
    <difficult/>
    <bndbox>
      <xmin>698.8823529411765</xmin>
      <ymin>166.70588235294116</ymin>
      <xmax>1212.6078431372548</xmax>
      <ymax>556.9019607843137</ymax>
    </bndbox>
  </object>
  <object>
    <name>to</name>
    <pose/>
    <truncated/>
    <difficult/>
    <bndbox>
      <xmin>1277.313725490196</xmin>
      <ymin>121.60784313725492</ymin>
      <xmax>1757.7058823529412</xmax>
      <ymax>552.9803921568628</ymax>
    </bndbox>
  </object>
  <object>
    <name>ba</name>
    <pose/>
    <truncated/>
    <difficult/>
    <bndbox>
      <xmin>1865.549019607843</xmin>
      <ymin>186.31372549019608</ymin>
      <xmax>2261.627450980392</xmax>
      <ymax>549.0588235294117</ymax>
    </bndbox>
  </object>
  <object>
    <name>ru</name>
    <pose/>
    <truncated/>
    <difficult/>
    <bndbox>
      <xmin>2343.9803921568628</xmin>
      <ymin>176.50980392156862</ymin>
      <xmax>2747.901960784314</xmax>
      <ymax>574.5490196078431</ymax>
    </bndbox>
  </object>
</annotation>
