<annotation>
  <folder/>
  <filename>IMG_20200522_211115.jpg</filename>
  <database/>
  <annotation/>
  <image/>
  <size>
    <height>1882</height>
    <width>2800</width>
    <depth>3</depth>
  </size>
  <segmented/>
  <object>
    <name>na</name>
    <pose/>
    <truncated/>
    <difficult/>
    <bndbox>
      <xmin>232.73469387755102</xmin>
      <ymin>30.612244897959183</ymin>
      <xmax>547.0204081632653</xmax>
      <ymax>287.7551020408163</ymax>
    </bndbox>
  </object>
  <object>
    <name>ta</name>
    <pose/>
    <truncated/>
    <difficult/>
    <bndbox>
      <xmin>998.0408163265306</xmin>
      <ymin>75.51020408163265</ymin>
      <xmax>1277.6326530612246</xmax>
      <ymax>426.53061224489795</ymax>
    </bndbox>
  </object>
  <object>
    <name>sa</name>
    <pose/>
    <truncated/>
    <difficult/>
    <bndbox>
      <xmin>2008.2448979591836</xmin>
      <ymin>97.95918367346938</ymin>
      <xmax>2359.265306122449</xmax>
      <ymax>446.9387755102041</ymax>
    </bndbox>
  </object>
  <object>
    <name>pa</name>
    <pose/>
    <truncated/>
    <difficult/>
    <bndbox>
      <xmin>89.87755102040819</xmin>
      <ymin>1077.5510204081634</ymin>
      <xmax>622.530612244898</xmax>
      <ymax>1340.8163265306123</ymax>
    </bndbox>
  </object>
  <object>
    <name>ra</name>
    <pose/>
    <truncated/>
    <difficult/>
    <bndbox>
      <xmin>1100.0816326530612</xmin>
      <ymin>1124.4897959183675</ymin>
      <xmax>1475.591836734694</xmax>
      <ymax>1375.5102040816328</ymax>
    </bndbox>
  </object>
  <object>
    <name>nga</name>
    <pose/>
    <truncated/>
    <difficult/>
    <bndbox>
      <xmin>2110.285714285714</xmin>
      <ymin>1183.6734693877552</ymin>
      <xmax>2412.326530612245</xmax>
      <ymax>1459.1836734693877</ymax>
    </bndbox>
  </object>
</annotation>
