<annotation>
  <folder/>
  <filename>IMG_E0894.jpg</filename>
  <database/>
  <annotation/>
  <image/>
  <size>
    <height>949</height>
    <width>2947</width>
    <depth>3</depth>
  </size>
  <segmented/>
  <object>
    <name>ba</name>
    <pose/>
    <truncated/>
    <difficult/>
    <bndbox>
      <xmin>109.75471698113206</xmin>
      <ymin>75.69811320754712</ymin>
      <xmax>415.4150943396226</xmax>
      <ymax>328.5283018867924</ymax>
    </bndbox>
  </object>
  <object>
    <name>ha</name>
    <pose/>
    <truncated/>
    <difficult/>
    <bndbox>
      <xmin>577.6792452830189</xmin>
      <ymin>51.16981132075472</ymin>
      <xmax>905.9811320754717</xmax>
      <ymax>370.0377358490566</ymax>
    </bndbox>
  </object>
  <object>
    <name>wa</name>
    <pose/>
    <truncated/>
    <difficult/>
    <bndbox>
      <xmin>1085.2264150943395</xmin>
      <ymin>136.07547169811323</ymin>
      <xmax>1400.3207547169811</xmax>
      <ymax>328.5283018867924</ymax>
    </bndbox>
  </object>
  <object>
    <name>da</name>
    <pose/>
    <truncated/>
    <difficult/>
    <bndbox>
      <xmin>1556.9245283018868</xmin>
      <ymin>130.41509433962267</ymin>
      <xmax>1851.264150943396</xmax>
      <ymax>339.84905660377353</ymax>
    </bndbox>
  </object>
  <object>
    <name>ya</name>
    <pose/>
    <truncated/>
    <difficult/>
    <bndbox>
      <xmin>1975.7924528301885</xmin>
      <ymin>94.56603773584902</ymin>
      <xmax>2349.3773584905657</xmax>
      <ymax>360.60377358490564</ymax>
    </bndbox>
  </object>
  <object>
    <name>na</name>
    <pose/>
    <truncated/>
    <difficult/>
    <bndbox>
      <xmin>2521.0754716981132</xmin>
      <ymin>162.4905660377358</ymin>
      <xmax>2789.0</xmax>
      <ymax>383.2452830188679</ymax>
    </bndbox>
  </object>
</annotation>
