<annotation>
  <folder/>
  <filename>IMG_20200523_153732.jpg</filename>
  <database/>
  <annotation/>
  <image/>
  <size>
    <height>1399</height>
    <width>1258</width>
    <depth>3</depth>
  </size>
  <segmented/>
  <object>
    <name>sa</name>
    <pose/>
    <truncated/>
    <difficult/>
    <bndbox>
      <xmin>218.0</xmin>
      <ymin>14.0</ymin>
      <xmax>410.0</xmax>
      <ymax>132.0</ymax>
    </bndbox>
  </object>
  <object>
    <name>ta</name>
    <pose/>
    <truncated/>
    <difficult/>
    <bndbox>
      <xmin>654.0</xmin>
      <ymin>6.0</ymin>
      <xmax>892.0</xmax>
      <ymax>152.0</ymax>
    </bndbox>
  </object>
  <object>
    <name>nga</name>
    <pose/>
    <truncated/>
    <difficult/>
    <bndbox>
      <xmin>1002.0</xmin>
      <ymin>4.0</ymin>
      <xmax>1206.0</xmax>
      <ymax>206.0</ymax>
    </bndbox>
  </object>
  <object>
    <name>na</name>
    <pose/>
    <truncated/>
    <difficult/>
    <bndbox>
      <xmin>134.0</xmin>
      <ymin>652.0</ymin>
      <xmax>432.0</xmax>
      <ymax>906.0</ymax>
    </bndbox>
  </object>
  <object>
    <name>la</name>
    <pose/>
    <truncated/>
    <difficult/>
    <bndbox>
      <xmin>598.0</xmin>
      <ymin>642.0</ymin>
      <xmax>842.0</xmax>
      <ymax>892.0</ymax>
    </bndbox>
  </object>
  <object>
    <name>ba</name>
    <pose/>
    <truncated/>
    <difficult/>
    <bndbox>
      <xmin>928.0</xmin>
      <ymin>636.0</ymin>
      <xmax>1254.0</xmax>
      <ymax>880.0</ymax>
    </bndbox>
  </object>
</annotation>
