<annotation>
  <folder/>
  <filename>IMG_E1393.jpg</filename>
  <database/>
  <annotation/>
  <image/>
  <size>
    <height>2719</height>
    <width>2290</width>
    <depth>3</depth>
  </size>
  <segmented/>
  <object>
    <name>wa</name>
    <pose/>
    <truncated/>
    <difficult/>
    <bndbox>
      <xmin>25.93939393939388</xmin>
      <ymin>110.48484848484847</ymin>
      <xmax>601.6969696969695</xmax>
      <ymax>455.93939393939394</ymax>
    </bndbox>
  </object>
  <object>
    <name>ha</name>
    <pose/>
    <truncated/>
    <difficult/>
    <bndbox>
      <xmin>901.6969696969695</xmin>
      <ymin>110.48484848484847</ymin>
      <xmax>1416.8484848484845</xmax>
      <ymax>471.09090909090907</ymax>
    </bndbox>
  </object>
  <object>
    <name>na</name>
    <pose/>
    <truncated/>
    <difficult/>
    <bndbox>
      <xmin>1535.030303030303</xmin>
      <ymin>225.63636363636363</ymin>
      <xmax>1913.8181818181815</xmax>
      <ymax>571.090909090909</ymax>
    </bndbox>
  </object>
  <object>
    <name>ya</name>
    <pose/>
    <truncated/>
    <difficult/>
    <bndbox>
      <xmin>68.36363636363626</xmin>
      <ymin>1380.181818181818</ymin>
      <xmax>716.8484848484848</xmax>
      <ymax>1780.181818181818</ymax>
    </bndbox>
  </object>
  <object>
    <name>ba</name>
    <pose/>
    <truncated/>
    <difficult/>
    <bndbox>
      <xmin>1032.0</xmin>
      <ymin>1465.030303030303</ymin>
      <xmax>1574.4242424242425</xmax>
      <ymax>1828.6666666666665</ymax>
    </bndbox>
  </object>
  <object>
    <name>nya</name>
    <pose/>
    <truncated/>
    <difficult/>
    <bndbox>
      <xmin>1683.5151515151515</xmin>
      <ymin>1401.3939393939393</ymin>
      <xmax>2132.0</xmax>
      <ymax>1874.121212121212</ymax>
    </bndbox>
  </object>
</annotation>
