<annotation>
  <folder/>
  <filename>IMG_E9081.jpg</filename>
  <database/>
  <annotation/>
  <image/>
  <size>
    <height>1243</height>
    <width>3024</width>
    <depth>3</depth>
  </size>
  <segmented/>
  <object>
    <name>we</name>
    <pose/>
    <truncated/>
    <difficult/>
    <bndbox>
      <xmin>144.9387755102041</xmin>
      <ymin>54.71428571428572</ymin>
      <xmax>683.7142857142858</xmax>
      <ymax>469.0</ymax>
    </bndbox>
  </object>
  <object>
    <name>go</name>
    <pose/>
    <truncated/>
    <difficult/>
    <bndbox>
      <xmin>942.8979591836735</xmin>
      <ymin>144.51020408163265</ymin>
      <xmax>1583.7142857142858</xmax>
      <ymax>487.36734693877554</ymax>
    </bndbox>
  </object>
  <object>
    <name>u</name>
    <pose/>
    <truncated/>
    <difficult/>
    <bndbox>
      <xmin>1730.6530612244899</xmin>
      <ymin>107.77551020408163</ymin>
      <xmax>2193.918367346939</xmax>
      <ymax>495.53061224489795</ymax>
    </bndbox>
  </object>
  <object>
    <name>p</name>
    <pose/>
    <truncated/>
    <difficult/>
    <bndbox>
      <xmin>2381.673469387755</xmin>
      <ymin>148.5918367346939</ymin>
      <xmax>2918.408163265306</xmax>
      <ymax>520.0204081632653</ymax>
    </bndbox>
  </object>
</annotation>
