<annotation>
  <folder/>
  <filename>IMG_E9052.jpg</filename>
  <database/>
  <annotation/>
  <image/>
  <size>
    <height>1145</height>
    <width>3024</width>
    <depth>3</depth>
  </size>
  <segmented/>
  <object>
    <name>je</name>
    <pose/>
    <truncated/>
    <difficult/>
    <bndbox>
      <xmin>112.28571428571429</xmin>
      <ymin>42.448979591836746</ymin>
      <xmax>638.8163265306123</xmax>
      <ymax>422.0408163265306</ymax>
    </bndbox>
  </object>
  <object>
    <name>ro</name>
    <pose/>
    <truncated/>
    <difficult/>
    <bndbox>
      <xmin>922.4897959183673</xmin>
      <ymin>132.24489795918373</ymin>
      <xmax>1538.8163265306123</xmax>
      <ymax>577.1428571428571</ymax>
    </bndbox>
  </object>
  <object>
    <name>mi</name>
    <pose/>
    <truncated/>
    <difficult/>
    <bndbox>
      <xmin>1659.2244897959183</xmin>
      <ymin>171.0204081632653</ymin>
      <xmax>2261.265306122449</xmax>
      <ymax>540.4081632653061</ymax>
    </bndbox>
  </object>
  <object>
    <name>le</name>
    <pose/>
    <truncated/>
    <difficult/>
    <bndbox>
      <xmin>2402.081632653061</xmin>
      <ymin>105.71428571428572</ymin>
      <xmax>2842.8979591836737</xmax>
      <ymax>473.0612244897959</ymax>
    </bndbox>
  </object>
</annotation>
