<annotation>
  <folder/>
  <filename>IMG_E9642.jpg</filename>
  <database/>
  <annotation/>
  <image/>
  <size>
    <height>1434</height>
    <width>3024</width>
    <depth>3</depth>
  </size>
  <segmented/>
  <object>
    <name>gi</name>
    <pose/>
    <truncated/>
    <difficult/>
    <bndbox>
      <xmin>157.18367346938777</xmin>
      <ymin>80.32653061224488</ymin>
      <xmax>898.0</xmax>
      <ymax>592.5714285714286</ymax>
    </bndbox>
  </object>
  <object>
    <name>na</name>
    <pose/>
    <truncated/>
    <difficult/>
    <bndbox>
      <xmin>1034.734693877551</xmin>
      <ymin>170.12244897959187</ymin>
      <xmax>1432.6938775510205</xmax>
      <ymax>545.6326530612245</ymax>
    </bndbox>
  </object>
  <object>
    <name>ba</name>
    <pose/>
    <truncated/>
    <difficult/>
    <bndbox>
      <xmin>1600.0408163265306</xmin>
      <ymin>137.46938775510205</ymin>
      <xmax>2102.081632653061</xmax>
      <ymax>596.6530612244898</ymax>
    </bndbox>
  </object>
  <object>
    <name>lu</name>
    <pose/>
    <truncated/>
    <difficult/>
    <bndbox>
      <xmin>2281.673469387755</xmin>
      <ymin>145.63265306122452</ymin>
      <xmax>2828.612244897959</xmax>
      <ymax>602.7755102040817</ymax>
    </bndbox>
  </object>
</annotation>
