<annotation>
  <folder/>
  <filename>IMG_20200522_161659.jpg</filename>
  <database/>
  <annotation/>
  <image/>
  <size>
    <height>1909</height>
    <width>2522</width>
    <depth>3</depth>
  </size>
  <segmented/>
  <object>
    <name>ja</name>
    <pose/>
    <truncated/>
    <difficult/>
    <bndbox>
      <xmin>42.75</xmin>
      <ymin>73.16666666666667</ymin>
      <xmax>276.08333333333337</xmax>
      <ymax>244.0</ymax>
    </bndbox>
  </object>
  <object>
    <name>ba</name>
    <pose/>
    <truncated/>
    <difficult/>
    <bndbox>
      <xmin>1259.4166666666667</xmin>
      <ymin>44.0</ymin>
      <xmax>1521.9166666666667</xmax>
      <ymax>244.0</ymax>
    </bndbox>
  </object>
  <object>
    <name>a</name>
    <pose/>
    <truncated/>
    <difficult/>
    <bndbox>
      <xmin>2084.416666666667</xmin>
      <ymin>114.83333333333334</ymin>
      <xmax>2286.5</xmax>
      <ymax>308.58333333333337</ymax>
    </bndbox>
  </object>
  <object>
    <name>la</name>
    <pose/>
    <truncated/>
    <difficult/>
    <bndbox>
      <xmin>124.0</xmin>
      <ymin>950.25</ymin>
      <xmax>405.25</xmax>
      <ymax>1137.75</ymax>
    </bndbox>
  </object>
  <object>
    <name>wa</name>
    <pose/>
    <truncated/>
    <difficult/>
    <bndbox>
      <xmin>1392.75</xmin>
      <ymin>958.5833333333334</ymin>
      <xmax>1726.0833333333335</xmax>
      <ymax>1219.0</ymax>
    </bndbox>
  </object>
  <object>
    <name>ta</name>
    <pose/>
    <truncated/>
    <difficult/>
    <bndbox>
      <xmin>2117.75</xmin>
      <ymin>1050.25</ymin>
      <xmax>2417.75</xmax>
      <ymax>1310.6666666666667</ymax>
    </bndbox>
  </object>
</annotation>
