<annotation>
  <folder/>
  <filename>IMG_E8991.jpg</filename>
  <database/>
  <annotation/>
  <image/>
  <size>
    <height>1093</height>
    <width>2974</width>
    <depth>3</depth>
  </size>
  <segmented/>
  <object>
    <name>ge</name>
    <pose/>
    <truncated/>
    <difficult/>
    <bndbox>
      <xmin>68.91836734693878</xmin>
      <ymin>24.612244897959215</ymin>
      <xmax>536.265306122449</xmax>
      <ymax>322.57142857142856</ymax>
    </bndbox>
  </object>
  <object>
    <name>mo</name>
    <pose/>
    <truncated/>
    <difficult/>
    <bndbox>
      <xmin>856.6734693877551</xmin>
      <ymin>65.42857142857144</ymin>
      <xmax>1575.0408163265306</xmax>
      <ymax>420.53061224489795</ymax>
    </bndbox>
  </object>
  <object>
    <name>ta</name>
    <pose/>
    <truncated/>
    <difficult/>
    <bndbox>
      <xmin>1752.591836734694</xmin>
      <ymin>38.89795918367349</ymin>
      <xmax>2197.4897959183672</xmax>
      <ymax>430.7346938775511</ymax>
    </bndbox>
  </object>
  <object>
    <name>so</name>
    <pose/>
    <truncated/>
    <difficult/>
    <bndbox>
      <xmin>2321.979591836735</xmin>
      <ymin>45.0204081632653</ymin>
      <xmax>2879.122448979592</xmax>
      <ymax>512.3673469387755</ymax>
    </bndbox>
  </object>
</annotation>
