<annotation>
  <folder/>
  <filename>IMG_20200522_203529.jpg</filename>
  <database/>
  <annotation/>
  <image/>
  <size>
    <height>1800</height>
    <width>2768</width>
    <depth>3</depth>
  </size>
  <segmented/>
  <object>
    <name>pa</name>
    <pose/>
    <truncated/>
    <difficult/>
    <bndbox>
      <xmin>27.313725490196077</xmin>
      <ymin>203.84313725490196</ymin>
      <xmax>325.35294117647055</xmax>
      <ymax>399.921568627451</ymax>
    </bndbox>
  </object>
  <object>
    <name>ga</name>
    <pose/>
    <truncated/>
    <difficult/>
    <bndbox>
      <xmin>833.1960784313725</xmin>
      <ymin>160.70588235294116</ymin>
      <xmax>1217.5098039215686</xmax>
      <ymax>370.5098039215686</ymax>
    </bndbox>
  </object>
  <object>
    <name>nya</name>
    <pose/>
    <truncated/>
    <difficult/>
    <bndbox>
      <xmin>2088.098039215686</xmin>
      <ymin>68.54901960784314</ymin>
      <xmax>2356.725490196078</xmax>
      <ymax>329.3333333333333</ymax>
    </bndbox>
  </object>
  <object>
    <name>wa</name>
    <pose/>
    <truncated/>
    <difficult/>
    <bndbox>
      <xmin>58.68627450980392</xmin>
      <ymin>1105.8039215686274</ymin>
      <xmax>464.56862745098033</xmax>
      <ymax>1427.3725490196077</ymax>
    </bndbox>
  </object>
  <object>
    <name>ba</name>
    <pose/>
    <truncated/>
    <difficult/>
    <bndbox>
      <xmin>999.8627450980391</xmin>
      <ymin>1090.1176470588234</ymin>
      <xmax>1305.7450980392157</xmax>
      <ymax>1362.6666666666667</ymax>
    </bndbox>
  </object>
  <object>
    <name>da</name>
    <pose/>
    <truncated/>
    <difficult/>
    <bndbox>
      <xmin>2256.725490196078</xmin>
      <ymin>1076.392156862745</ymin>
      <xmax>2554.7647058823527</xmax>
      <ymax>1341.0980392156862</ymax>
    </bndbox>
  </object>
</annotation>
