<annotation>
  <folder/>
  <filename>IMG_20200504_203506.jpg</filename>
  <database/>
  <annotation/>
  <image/>
  <size>
    <height>873</height>
    <width>2132</width>
    <depth>3</depth>
  </size>
  <segmented/>
  <object>
    <name>d</name>
    <pose/>
    <truncated/>
    <difficult/>
    <bndbox>
      <xmin>2.594202898550723</xmin>
      <ymin>13.623188405797066</ymin>
      <xmax>370.7101449275362</xmax>
      <ymax>307.82608695652175</ymax>
    </bndbox>
  </object>
  <object>
    <name>ra</name>
    <pose/>
    <truncated/>
    <difficult/>
    <bndbox>
      <xmin>448.97101449275357</xmin>
      <ymin>93.33333333333331</ymin>
      <xmax>721.4347826086956</xmax>
      <ymax>294.78260869565213</ymax>
    </bndbox>
  </object>
  <object>
    <name>ma</name>
    <pose/>
    <truncated/>
    <difficult/>
    <bndbox>
      <xmin>964.9130434782608</xmin>
      <ymin>146.95652173913038</ymin>
      <xmax>1321.4347826086955</xmax>
      <ymax>335.36231884057963</ymax>
    </bndbox>
  </object>
  <object>
    <name>hi</name>
    <pose/>
    <truncated/>
    <difficult/>
    <bndbox>
      <xmin>1628.6811594202898</xmin>
      <ymin>245.50724637681157</ymin>
      <xmax>1937.3768115942028</xmax>
      <ymax>451.3043478260869</ymax>
    </bndbox>
  </object>
  <object>
    <name>a</name>
    <pose/>
    <truncated/>
    <difficult/>
    <bndbox>
      <xmin>15.63768115942029</xmin>
      <ymin>623.7681159420289</ymin>
      <xmax>209.8405797101449</xmax>
      <ymax>710.7246376811594</ymax>
    </bndbox>
  </object>
  <object>
    <name>n</name>
    <pose/>
    <truncated/>
    <difficult/>
    <bndbox>
      <xmin>498.24637681159413</xmin>
      <ymin>636.8115942028985</ymin>
      <xmax>944.623188405797</xmax>
      <ymax>797.6811594202898</ymax>
    </bndbox>
  </object>
</annotation>
