<annotation>
  <folder/>
  <filename>IMG_E0670.jpg</filename>
  <database/>
  <annotation/>
  <image/>
  <size>
    <height>2997</height>
    <width>2513</width>
    <depth>3</depth>
  </size>
  <segmented/>
  <object>
    <name>sa</name>
    <pose/>
    <truncated/>
    <difficult/>
    <bndbox>
      <xmin>10.666666666666742</xmin>
      <ymin>167.66666666666669</ymin>
      <xmax>504.0</xmax>
      <ymax>581.0</ymax>
    </bndbox>
  </object>
  <object>
    <name>nga</name>
    <pose/>
    <truncated/>
    <difficult/>
    <bndbox>
      <xmin>624.0</xmin>
      <ymin>141.0</ymin>
      <xmax>997.3333333333335</xmax>
      <ymax>554.3333333333334</ymax>
    </bndbox>
  </object>
  <object>
    <name>ha</name>
    <pose/>
    <truncated/>
    <difficult/>
    <bndbox>
      <xmin>1180.666666666667</xmin>
      <ymin>94.33333333333334</ymin>
      <xmax>1624.0</xmax>
      <ymax>551.0</ymax>
    </bndbox>
  </object>
  <object>
    <name>ba</name>
    <pose/>
    <truncated/>
    <difficult/>
    <bndbox>
      <xmin>1754.0</xmin>
      <ymin>134.33333333333334</ymin>
      <xmax>2284.0</xmax>
      <ymax>541.0</ymax>
    </bndbox>
  </object>
  <object>
    <name>la</name>
    <pose/>
    <truncated/>
    <difficult/>
    <bndbox>
      <xmin>70.66666666666674</xmin>
      <ymin>1711.0</ymin>
      <xmax>570.6666666666667</xmax>
      <ymax>2084.3333333333335</ymax>
    </bndbox>
  </object>
  <object>
    <name>pa</name>
    <pose/>
    <truncated/>
    <difficult/>
    <bndbox>
      <xmin>774.0</xmin>
      <ymin>1784.3333333333335</ymin>
      <xmax>1164.0</xmax>
      <ymax>2001.0</ymax>
    </bndbox>
  </object>
  <object>
    <name>ya</name>
    <pose/>
    <truncated/>
    <difficult/>
    <bndbox>
      <xmin>1317.3333333333335</xmin>
      <ymin>1707.6666666666667</ymin>
      <xmax>1864.0</xmax>
      <ymax>2004.3333333333335</ymax>
    </bndbox>
  </object>
  <object>
    <name>ta</name>
    <pose/>
    <truncated/>
    <difficult/>
    <bndbox>
      <xmin>1977.3333333333335</xmin>
      <ymin>1614.3333333333335</ymin>
      <xmax>2474.0</xmax>
      <ymax>2114.3333333333335</ymax>
    </bndbox>
  </object>
</annotation>
