<annotation>
  <folder/>
  <filename>IMG_E1396.jpg</filename>
  <database/>
  <annotation/>
  <image/>
  <size>
    <height>2823</height>
    <width>2689</width>
    <depth>3</depth>
  </size>
  <segmented/>
  <object>
    <name>nga</name>
    <pose/>
    <truncated/>
    <difficult/>
    <bndbox>
      <xmin>93.125</xmin>
      <ymin>120.0</ymin>
      <xmax>530.625</xmax>
      <ymax>557.5</ymax>
    </bndbox>
  </object>
  <object>
    <name>pa</name>
    <pose/>
    <truncated/>
    <difficult/>
    <bndbox>
      <xmin>699.375</xmin>
      <ymin>210.625</ymin>
      <xmax>1174.375</xmax>
      <ymax>413.75</ymax>
    </bndbox>
  </object>
  <object>
    <name>ma</name>
    <pose/>
    <truncated/>
    <difficult/>
    <bndbox>
      <xmin>1315.0</xmin>
      <ymin>148.125</ymin>
      <xmax>1946.25</xmax>
      <ymax>516.875</ymax>
    </bndbox>
  </object>
  <object>
    <name>na</name>
    <pose/>
    <truncated/>
    <difficult/>
    <bndbox>
      <xmin>2102.5</xmin>
      <ymin>263.75</ymin>
      <xmax>2568.125</xmax>
      <ymax>576.25</ymax>
    </bndbox>
  </object>
  <object>
    <name>nya</name>
    <pose/>
    <truncated/>
    <difficult/>
    <bndbox>
      <xmin>346.25</xmin>
      <ymin>1448.125</ymin>
      <xmax>811.875</xmax>
      <ymax>2032.5</ymax>
    </bndbox>
  </object>
  <object>
    <name>ra</name>
    <pose/>
    <truncated/>
    <difficult/>
    <bndbox>
      <xmin>1083.75</xmin>
      <ymin>1545.0</ymin>
      <xmax>1549.375</xmax>
      <ymax>2048.125</ymax>
    </bndbox>
  </object>
  <object>
    <name>ba</name>
    <pose/>
    <truncated/>
    <difficult/>
    <bndbox>
      <xmin>1665.0</xmin>
      <ymin>1548.125</ymin>
      <xmax>2227.5</xmax>
      <ymax>2038.75</ymax>
    </bndbox>
  </object>
</annotation>
