<annotation>
  <folder/>
  <filename>IMG_E0890.jpg</filename>
  <database/>
  <annotation/>
  <image/>
  <size>
    <height>2533</height>
    <width>2583</width>
    <depth>3</depth>
  </size>
  <segmented/>
  <object>
    <name>la</name>
    <pose/>
    <truncated/>
    <difficult/>
    <bndbox>
      <xmin>44.888888888888914</xmin>
      <ymin>60.0</ymin>
      <xmax>517.1111111111111</xmax>
      <ymax>376.6666666666667</ymax>
    </bndbox>
  </object>
  <object>
    <name>wa</name>
    <pose/>
    <truncated/>
    <difficult/>
    <bndbox>
      <xmin>678.2222222222222</xmin>
      <ymin>123.88888888888889</ymin>
      <xmax>1161.5555555555557</xmax>
      <ymax>412.77777777777777</ymax>
    </bndbox>
  </object>
  <object>
    <name>ba</name>
    <pose/>
    <truncated/>
    <difficult/>
    <bndbox>
      <xmin>1322.666666666667</xmin>
      <ymin>151.66666666666669</ymin>
      <xmax>1750.4444444444443</xmax>
      <ymax>468.33333333333337</ymax>
    </bndbox>
  </object>
  <object>
    <name>sa</name>
    <pose/>
    <truncated/>
    <difficult/>
    <bndbox>
      <xmin>1842.1111111111113</xmin>
      <ymin>85.0</ymin>
      <xmax>2228.222222222222</xmax>
      <ymax>540.5555555555555</ymax>
    </bndbox>
  </object>
  <object>
    <name>ta</name>
    <pose/>
    <truncated/>
    <difficult/>
    <bndbox>
      <xmin>86.55555555555554</xmin>
      <ymin>1307.2222222222222</ymin>
      <xmax>511.55555555555566</xmax>
      <ymax>1748.888888888889</ymax>
    </bndbox>
  </object>
  <object>
    <name>ma</name>
    <pose/>
    <truncated/>
    <difficult/>
    <bndbox>
      <xmin>692.1111111111111</xmin>
      <ymin>1410.0</ymin>
      <xmax>1283.7777777777778</xmax>
      <ymax>1782.2222222222224</ymax>
    </bndbox>
  </object>
  <object>
    <name>da</name>
    <pose/>
    <truncated/>
    <difficult/>
    <bndbox>
      <xmin>1511.5555555555557</xmin>
      <ymin>1412.7777777777778</ymin>
      <xmax>1914.3333333333335</xmax>
      <ymax>1776.6666666666667</ymax>
    </bndbox>
  </object>
  <object>
    <name>ya</name>
    <pose/>
    <truncated/>
    <difficult/>
    <bndbox>
      <xmin>2011.5555555555557</xmin>
      <ymin>1418.3333333333335</ymin>
      <xmax>2503.222222222222</xmax>
      <ymax>1823.888888888889</ymax>
    </bndbox>
  </object>
</annotation>
