<annotation>
  <folder/>
  <filename>IMG_20200523_173145.jpg</filename>
  <database/>
  <annotation/>
  <image/>
  <size>
    <height>1627</height>
    <width>1175</width>
    <depth>3</depth>
  </size>
  <segmented/>
  <object>
    <name>a</name>
    <pose/>
    <truncated/>
    <difficult/>
    <bndbox>
      <xmin>5.428571428571331</xmin>
      <ymin>154.28571428571428</ymin>
      <xmax>244.71428571428555</xmax>
      <ymax>398.9285714285714</ymax>
    </bndbox>
  </object>
  <object>
    <name>ja</name>
    <pose/>
    <truncated/>
    <difficult/>
    <bndbox>
      <xmin>401.85714285714266</xmin>
      <ymin>148.92857142857142</ymin>
      <xmax>628.6428571428571</xmax>
      <ymax>377.49999999999994</ymax>
    </bndbox>
  </object>
  <object>
    <name>wa</name>
    <pose/>
    <truncated/>
    <difficult/>
    <bndbox>
      <xmin>807.2142857142856</xmin>
      <ymin>145.35714285714283</ymin>
      <xmax>1076.8571428571427</xmax>
      <ymax>352.49999999999994</ymax>
    </bndbox>
  </object>
  <object>
    <name>sa</name>
    <pose/>
    <truncated/>
    <difficult/>
    <bndbox>
      <xmin>12.571428571428442</xmin>
      <ymin>1004.2857142857142</ymin>
      <xmax>241.1428571428571</xmax>
      <ymax>1297.142857142857</ymax>
    </bndbox>
  </object>
  <object>
    <name>nya</name>
    <pose/>
    <truncated/>
    <difficult/>
    <bndbox>
      <xmin>362.57142857142844</xmin>
      <ymin>1045.3571428571427</ymin>
      <xmax>637.5714285714284</xmax>
      <ymax>1311.4285714285713</ymax>
    </bndbox>
  </object>
  <object>
    <name>wa</name>
    <pose/>
    <truncated/>
    <difficult/>
    <bndbox>
      <xmin>807.2142857142856</xmin>
      <ymin>1066.7857142857142</ymin>
      <xmax>1017.9285714285713</xmax>
      <ymax>1302.4999999999998</ymax>
    </bndbox>
  </object>
</annotation>
