<annotation>
  <folder/>
  <filename>IMG_20200523_110812.jpg</filename>
  <database/>
  <annotation/>
  <image/>
  <size>
    <height>1833</height>
    <width>2352</width>
    <depth>3</depth>
  </size>
  <segmented/>
  <object>
    <name>ta</name>
    <pose/>
    <truncated/>
    <difficult/>
    <bndbox>
      <xmin>116.0</xmin>
      <ymin>68.0</ymin>
      <xmax>416.0</xmax>
      <ymax>320.0</ymax>
    </bndbox>
  </object>
  <object>
    <name>sa</name>
    <pose/>
    <truncated/>
    <difficult/>
    <bndbox>
      <xmin>798.0</xmin>
      <ymin>64.0</ymin>
      <xmax>1158.0</xmax>
      <ymax>368.0</ymax>
    </bndbox>
  </object>
  <object>
    <name>ra</name>
    <pose/>
    <truncated/>
    <difficult/>
    <bndbox>
      <xmin>1690.0</xmin>
      <ymin>132.0</ymin>
      <xmax>2008.0</xmax>
      <ymax>402.0</ymax>
    </bndbox>
  </object>
  <object>
    <name>ja</name>
    <pose/>
    <truncated/>
    <difficult/>
    <bndbox>
      <xmin>48.0</xmin>
      <ymin>1074.0</ymin>
      <xmax>422.0</xmax>
      <ymax>1412.0</ymax>
    </bndbox>
  </object>
  <object>
    <name>a</name>
    <pose/>
    <truncated/>
    <difficult/>
    <bndbox>
      <xmin>950.0</xmin>
      <ymin>1178.0</ymin>
      <xmax>1294.0</xmax>
      <ymax>1446.0</ymax>
    </bndbox>
  </object>
  <object>
    <name>ha</name>
    <pose/>
    <truncated/>
    <difficult/>
    <bndbox>
      <xmin>1714.0</xmin>
      <ymin>1178.0</ymin>
      <xmax>1986.0</xmax>
      <ymax>1440.0</ymax>
    </bndbox>
  </object>
</annotation>
