<annotation>
  <folder/>
  <filename>IMG_20200504_203104.jpg</filename>
  <database/>
  <annotation/>
  <image/>
  <size>
    <height>1214</height>
    <width>2156</width>
    <depth>3</depth>
  </size>
  <segmented/>
  <object>
    <name>so</name>
    <pose/>
    <truncated/>
    <difficult/>
    <bndbox>
      <xmin>78.17647058823529</xmin>
      <ymin>69.52941176470588</ymin>
      <xmax>364.94117647058823</xmax>
      <ymax>312.17647058823525</ymax>
    </bndbox>
  </object>
  <object>
    <name>nang</name>
    <pose/>
    <truncated/>
    <difficult/>
    <bndbox>
      <xmin>482.5882352941176</xmin>
      <ymin>148.94117647058823</ymin>
      <xmax>781.1176470588234</xmax>
      <ymax>326.88235294117646</ymax>
    </bndbox>
  </object>
  <object>
    <name>di</name>
    <pose/>
    <truncated/>
    <difficult/>
    <bndbox>
      <xmin>957.5882352941176</xmin>
      <ymin>145.99999999999997</ymin>
      <xmax>1288.470588235294</xmax>
      <ymax>373.9411764705882</ymax>
    </bndbox>
  </object>
  <object>
    <name>la</name>
    <pose/>
    <truncated/>
    <difficult/>
    <bndbox>
      <xmin>1510.5294117647059</xmin>
      <ymin>185.70588235294116</ymin>
      <xmax>1834.0588235294117</xmax>
      <ymax>391.5882352941176</ymax>
    </bndbox>
  </object>
  <object>
    <name>m</name>
    <pose/>
    <truncated/>
    <difficult/>
    <bndbox>
      <xmin>44.35294117647059</xmin>
      <ymin>571.0</ymin>
      <xmax>481.1176470588235</xmax>
      <ymax>818.0588235294117</ymax>
    </bndbox>
  </object>
  <object>
    <name>bu</name>
    <pose/>
    <truncated/>
    <difficult/>
    <bndbox>
      <xmin>681.1176470588235</xmin>
      <ymin>648.9411764705882</ymin>
      <xmax>966.4117647058823</xmax>
      <ymax>850.4117647058823</ymax>
    </bndbox>
  </object>
  <object>
    <name>ng</name>
    <pose/>
    <truncated/>
    <difficult/>
    <bndbox>
      <xmin>1132.5882352941176</xmin>
      <ymin>676.8823529411765</ymin>
      <xmax>1479.6470588235293</xmax>
      <ymax>946.0</ymax>
    </bndbox>
  </object>
  <object>
    <name>mu</name>
    <pose/>
    <truncated/>
    <difficult/>
    <bndbox>
      <xmin>1573.764705882353</xmin>
      <ymin>668.0588235294117</ymin>
      <xmax>1959.0588235294117</xmax>
      <ymax>947.4705882352941</ymax>
    </bndbox>
  </object>
</annotation>
