<annotation>
  <folder/>
  <filename>IMG_20200522_162554.jpg</filename>
  <database/>
  <annotation/>
  <image/>
  <size>
    <height>1414</height>
    <width>2482</width>
    <depth>3</depth>
  </size>
  <segmented/>
  <object>
    <name>da</name>
    <pose/>
    <truncated/>
    <difficult/>
    <bndbox>
      <xmin>84.47619047619048</xmin>
      <ymin>3.571428571428573</ymin>
      <xmax>347.968253968254</xmax>
      <ymax>162.3015873015873</ymax>
    </bndbox>
  </object>
  <object>
    <name>a</name>
    <pose/>
    <truncated/>
    <difficult/>
    <bndbox>
      <xmin>1203.5238095238094</xmin>
      <ymin>21.03174603174603</ymin>
      <xmax>1455.904761904762</xmax>
      <ymax>178.17460317460316</ymax>
    </bndbox>
  </object>
  <object>
    <name>ja</name>
    <pose/>
    <truncated/>
    <difficult/>
    <bndbox>
      <xmin>2090.8253968253966</xmin>
      <ymin>55.95238095238095</ymin>
      <xmax>2263.84126984127</xmax>
      <ymax>203.57142857142858</ymax>
    </bndbox>
  </object>
  <object>
    <name>la</name>
    <pose/>
    <truncated/>
    <difficult/>
    <bndbox>
      <xmin>73.36507936507937</xmin>
      <ymin>890.8730158730159</ymin>
      <xmax>286.06349206349205</xmax>
      <ymax>997.2222222222222</ymax>
    </bndbox>
  </object>
  <object>
    <name>ba</name>
    <pose/>
    <truncated/>
    <difficult/>
    <bndbox>
      <xmin>1268.6031746031747</xmin>
      <ymin>903.5714285714286</ymin>
      <xmax>1500.3492063492063</xmax>
      <ymax>1079.7619047619048</ymax>
    </bndbox>
  </object>
  <object>
    <name>ha</name>
    <pose/>
    <truncated/>
    <difficult/>
    <bndbox>
      <xmin>2100.3492063492063</xmin>
      <ymin>1003.5714285714287</ymin>
      <xmax>2355.904761904762</xmax>
      <ymax>1181.3492063492063</ymax>
    </bndbox>
  </object>
</annotation>
