<annotation>
  <folder/>
  <filename>IMG_E8749.jpg</filename>
  <database/>
  <annotation/>
  <image/>
  <size>
    <height>1231</height>
    <width>2934</width>
    <depth>3</depth>
  </size>
  <segmented/>
  <object>
    <name>bi</name>
    <pose/>
    <truncated/>
    <difficult/>
    <bndbox>
      <xmin>25.777777777777775</xmin>
      <ymin>75.07407407407408</ymin>
      <xmax>481.3333333333333</xmax>
      <ymax>391.74074074074065</ymax>
    </bndbox>
  </object>
  <object>
    <name>m</name>
    <pose/>
    <truncated/>
    <difficult/>
    <bndbox>
      <xmin>583.1851851851851</xmin>
      <ymin>97.29629629629625</ymin>
      <xmax>1149.8518518518517</xmax>
      <ymax>412.1111111111111</ymax>
    </bndbox>
  </object>
  <object>
    <name>bi</name>
    <pose/>
    <truncated/>
    <difficult/>
    <bndbox>
      <xmin>1279.4814814814813</xmin>
      <ymin>63.96296296296293</ymin>
      <xmax>1831.3333333333333</xmax>
      <ymax>499.14814814814815</ymax>
    </bndbox>
  </object>
  <object>
    <name>nga</name>
    <pose/>
    <truncated/>
    <difficult/>
    <bndbox>
      <xmin>1892.4444444444443</xmin>
      <ymin>69.51851851851848</ymin>
      <xmax>2279.4814814814813</xmax>
      <ymax>417.66666666666663</ymax>
    </bndbox>
  </object>
  <object>
    <name>n</name>
    <pose/>
    <truncated/>
    <difficult/>
    <bndbox>
      <xmin>2340.5925925925926</xmin>
      <ymin>32.48148148148147</ymin>
      <xmax>2846.148148148148</xmax>
      <ymax>428.7777777777777</ymax>
    </bndbox>
  </object>
</annotation>
