<annotation>
  <folder/>
  <filename>IMG_E1427.jpg</filename>
  <database/>
  <annotation/>
  <image/>
  <size>
    <height>2808</height>
    <width>2134</width>
    <depth>3</depth>
  </size>
  <segmented/>
  <object>
    <name>nya</name>
    <pose/>
    <truncated/>
    <difficult/>
    <bndbox>
      <xmin>92.375</xmin>
      <ymin>24.5</ymin>
      <xmax>570.5</xmax>
      <ymax>549.5</ymax>
    </bndbox>
  </object>
  <object>
    <name>na</name>
    <pose/>
    <truncated/>
    <difficult/>
    <bndbox>
      <xmin>645.5</xmin>
      <ymin>127.625</ymin>
      <xmax>1233.0</xmax>
      <ymax>508.875</ymax>
    </bndbox>
  </object>
  <object>
    <name>ba</name>
    <pose/>
    <truncated/>
    <difficult/>
    <bndbox>
      <xmin>1383.0</xmin>
      <ymin>149.5</ymin>
      <xmax>1901.75</xmax>
      <ymax>527.625</ymax>
    </bndbox>
  </object>
  <object>
    <name>ha</name>
    <pose/>
    <truncated/>
    <difficult/>
    <bndbox>
      <xmin>61.125</xmin>
      <ymin>1433.875</ymin>
      <xmax>711.125</xmax>
      <ymax>2021.375</ymax>
    </bndbox>
  </object>
  <object>
    <name>ma</name>
    <pose/>
    <truncated/>
    <difficult/>
    <bndbox>
      <xmin>942.375</xmin>
      <ymin>1558.875</ymin>
      <xmax>1608.0</xmax>
      <ymax>1990.125</ymax>
    </bndbox>
  </object>
  <object>
    <name>pa</name>
    <pose/>
    <truncated/>
    <difficult/>
    <bndbox>
      <xmin>1676.75</xmin>
      <ymin>1662.0</ymin>
      <xmax>2070.5</xmax>
      <ymax>1952.625</ymax>
    </bndbox>
  </object>
</annotation>
