<annotation>
  <folder/>
  <filename>IMG_E0920.jpg</filename>
  <database/>
  <annotation/>
  <image/>
  <size>
    <height>2823</height>
    <width>2317</width>
    <depth>3</depth>
  </size>
  <segmented/>
  <object>
    <name>ma</name>
    <pose/>
    <truncated/>
    <difficult/>
    <bndbox>
      <xmin>68.75</xmin>
      <ymin>54.375</ymin>
      <xmax>762.5</xmax>
      <ymax>482.5</ymax>
    </bndbox>
  </object>
  <object>
    <name>pa</name>
    <pose/>
    <truncated/>
    <difficult/>
    <bndbox>
      <xmin>959.375</xmin>
      <ymin>154.375</ymin>
      <xmax>1425.0</xmax>
      <ymax>357.5</ymax>
    </bndbox>
  </object>
  <object>
    <name>la</name>
    <pose/>
    <truncated/>
    <difficult/>
    <bndbox>
      <xmin>1656.25</xmin>
      <ymin>154.375</ymin>
      <xmax>2190.625</xmax>
      <ymax>473.125</ymax>
    </bndbox>
  </object>
  <object>
    <name>ya</name>
    <pose/>
    <truncated/>
    <difficult/>
    <bndbox>
      <xmin>171.875</xmin>
      <ymin>1535.625</ymin>
      <xmax>743.75</xmax>
      <ymax>1920.0</ymax>
    </bndbox>
  </object>
  <object>
    <name>na</name>
    <pose/>
    <truncated/>
    <difficult/>
    <bndbox>
      <xmin>1018.75</xmin>
      <ymin>1610.625</ymin>
      <xmax>1453.125</xmax>
      <ymax>2041.875</ymax>
    </bndbox>
  </object>
  <object>
    <name>ha</name>
    <pose/>
    <truncated/>
    <difficult/>
    <bndbox>
      <xmin>1668.75</xmin>
      <ymin>1566.875</ymin>
      <xmax>2231.25</xmax>
      <ymax>2095.0</ymax>
    </bndbox>
  </object>
</annotation>
