<annotation>
  <folder/>
  <filename>IMG_20200523_172529.jpg</filename>
  <database/>
  <annotation/>
  <image/>
  <size>
    <height>1333</height>
    <width>1070</width>
    <depth>3</depth>
  </size>
  <segmented/>
  <object>
    <name>wa</name>
    <pose/>
    <truncated/>
    <difficult/>
    <bndbox>
      <xmin>69.91304347826076</xmin>
      <ymin>51.623188405797094</ymin>
      <xmax>255.42028985507238</xmax>
      <ymax>312.4927536231884</ymax>
    </bndbox>
  </object>
  <object>
    <name>la</name>
    <pose/>
    <truncated/>
    <difficult/>
    <bndbox>
      <xmin>419.1884057971014</xmin>
      <ymin>95.10144927536231</ymin>
      <xmax>642.3768115942028</xmax>
      <ymax>300.89855072463763</ymax>
    </bndbox>
  </object>
  <object>
    <name>ha</name>
    <pose/>
    <truncated/>
    <difficult/>
    <bndbox>
      <xmin>795.9999999999998</xmin>
      <ymin>74.81159420289855</ymin>
      <xmax>990.2028985507245</xmax>
      <ymax>273.3623188405797</ymax>
    </bndbox>
  </object>
  <object>
    <name>ba</name>
    <pose/>
    <truncated/>
    <difficult/>
    <bndbox>
      <xmin>40.927536231884005</xmin>
      <ymin>692.2028985507246</ymin>
      <xmax>222.086956521739</xmax>
      <ymax>905.2463768115941</ymax>
    </bndbox>
  </object>
  <object>
    <name>ga</name>
    <pose/>
    <truncated/>
    <difficult/>
    <bndbox>
      <xmin>369.91304347826076</xmin>
      <ymin>726.9855072463768</ymin>
      <xmax>565.5652173913043</xmax>
      <ymax>908.1449275362318</ymax>
    </bndbox>
  </object>
  <object>
    <name>nga</name>
    <pose/>
    <truncated/>
    <difficult/>
    <bndbox>
      <xmin>749.623188405797</xmin>
      <ymin>721.1884057971014</ymin>
      <xmax>916.2898550724638</xmax>
      <ymax>915.391304347826</ymax>
    </bndbox>
  </object>
</annotation>
