<annotation>
  <folder/>
  <filename>IMG_E1553.jpg</filename>
  <database/>
  <annotation/>
  <image/>
  <size>
    <height>2981</height>
    <width>2350</width>
    <depth>3</depth>
  </size>
  <segmented/>
  <object>
    <name>pa</name>
    <pose/>
    <truncated/>
    <difficult/>
    <bndbox>
      <xmin>112.0</xmin>
      <ymin>136.33333333333334</ymin>
      <xmax>598.6666666666667</xmax>
      <ymax>353.0</ymax>
    </bndbox>
  </object>
  <object>
    <name>ta</name>
    <pose/>
    <truncated/>
    <difficult/>
    <bndbox>
      <xmin>798.666666666667</xmin>
      <ymin>76.33333333333334</ymin>
      <xmax>1368.666666666667</xmax>
      <ymax>649.6666666666667</ymax>
    </bndbox>
  </object>
  <object>
    <name>na</name>
    <pose/>
    <truncated/>
    <difficult/>
    <bndbox>
      <xmin>1515.3333333333335</xmin>
      <ymin>283.0</ymin>
      <xmax>2118.666666666667</xmax>
      <ymax>756.3333333333334</ymax>
    </bndbox>
  </object>
  <object>
    <name>ja</name>
    <pose/>
    <truncated/>
    <difficult/>
    <bndbox>
      <xmin>178.66666666666674</xmin>
      <ymin>1516.3333333333335</ymin>
      <xmax>858.666666666667</xmax>
      <ymax>2103.0</ymax>
    </bndbox>
  </object>
  <object>
    <name>ha</name>
    <pose/>
    <truncated/>
    <difficult/>
    <bndbox>
      <xmin>1012.0</xmin>
      <ymin>1593.0</ymin>
      <xmax>1558.666666666667</xmax>
      <ymax>2156.3333333333335</ymax>
    </bndbox>
  </object>
  <object>
    <name>ra</name>
    <pose/>
    <truncated/>
    <difficult/>
    <bndbox>
      <xmin>1718.666666666667</xmin>
      <ymin>1713.0</ymin>
      <xmax>2265.3333333333335</xmax>
      <ymax>2199.666666666667</ymax>
    </bndbox>
  </object>
</annotation>
