<annotation>
  <folder/>
  <filename>IMG_E0705.jpg</filename>
  <database/>
  <annotation/>
  <image/>
  <size>
    <height>2508</height>
    <width>2306</width>
    <depth>3</depth>
  </size>
  <segmented/>
  <object>
    <name>ra</name>
    <pose/>
    <truncated/>
    <difficult/>
    <bndbox>
      <xmin>61.44444444444457</xmin>
      <ymin>92.44444444444444</ymin>
      <xmax>442.0</xmax>
      <ymax>403.5555555555556</ymax>
    </bndbox>
  </object>
  <object>
    <name>nga</name>
    <pose/>
    <truncated/>
    <difficult/>
    <bndbox>
      <xmin>600.3333333333335</xmin>
      <ymin>114.66666666666669</ymin>
      <xmax>878.1111111111111</xmax>
      <ymax>392.44444444444446</ymax>
    </bndbox>
  </object>
  <object>
    <name>ha</name>
    <pose/>
    <truncated/>
    <difficult/>
    <bndbox>
      <xmin>1064.2222222222222</xmin>
      <ymin>89.66666666666667</ymin>
      <xmax>1533.666666666667</xmax>
      <ymax>539.6666666666667</ymax>
    </bndbox>
  </object>
  <object>
    <name>ba</name>
    <pose/>
    <truncated/>
    <difficult/>
    <bndbox>
      <xmin>1675.3333333333335</xmin>
      <ymin>173.0</ymin>
      <xmax>2080.888888888889</xmax>
      <ymax>528.5555555555555</ymax>
    </bndbox>
  </object>
  <object>
    <name>ta</name>
    <pose/>
    <truncated/>
    <difficult/>
    <bndbox>
      <xmin>72.55555555555566</xmin>
      <ymin>1300.7777777777778</ymin>
      <xmax>419.7777777777778</xmax>
      <ymax>1723.0</ymax>
    </bndbox>
  </object>
  <object>
    <name>ja</name>
    <pose/>
    <truncated/>
    <difficult/>
    <bndbox>
      <xmin>661.4444444444446</xmin>
      <ymin>1381.3333333333335</ymin>
      <xmax>1050.3333333333335</xmax>
      <ymax>1775.7777777777778</ymax>
    </bndbox>
  </object>
  <object>
    <name>a</name>
    <pose/>
    <truncated/>
    <difficult/>
    <bndbox>
      <xmin>1269.7777777777778</xmin>
      <ymin>1475.7777777777778</ymin>
      <xmax>1714.2222222222222</xmax>
      <ymax>1792.4444444444446</ymax>
    </bndbox>
  </object>
  <object>
    <name>da</name>
    <pose/>
    <truncated/>
    <difficult/>
    <bndbox>
      <xmin>1850.3333333333335</xmin>
      <ymin>1486.888888888889</ymin>
      <xmax>2230.888888888889</xmax>
      <ymax>1839.6666666666667</ymax>
    </bndbox>
  </object>
</annotation>
