<annotation>
  <folder/>
  <filename>IMG_E0922.jpg</filename>
  <database/>
  <annotation/>
  <image/>
  <size>
    <height>2582</height>
    <width>2586</width>
    <depth>3</depth>
  </size>
  <segmented/>
  <object>
    <name>pa</name>
    <pose/>
    <truncated/>
    <difficult/>
    <bndbox>
      <xmin>145.0</xmin>
      <ymin>164.42857142857142</ymin>
      <xmax>450.71428571428555</xmax>
      <ymax>332.99999999999994</ymax>
    </bndbox>
  </object>
  <object>
    <name>ra</name>
    <pose/>
    <truncated/>
    <difficult/>
    <bndbox>
      <xmin>613.5714285714284</xmin>
      <ymin>110.14285714285714</ymin>
      <xmax>1019.285714285714</xmax>
      <ymax>421.57142857142856</ymax>
    </bndbox>
  </object>
  <object>
    <name>sa</name>
    <pose/>
    <truncated/>
    <difficult/>
    <bndbox>
      <xmin>1239.2857142857142</xmin>
      <ymin>127.28571428571428</ymin>
      <xmax>1576.428571428571</xmax>
      <ymax>515.8571428571428</ymax>
    </bndbox>
  </object>
  <object>
    <name>ya</name>
    <pose/>
    <truncated/>
    <difficult/>
    <bndbox>
      <xmin>1710.7142857142853</xmin>
      <ymin>192.99999999999997</ymin>
      <xmax>2242.142857142857</xmax>
      <ymax>527.2857142857142</ymax>
    </bndbox>
  </object>
  <object>
    <name>nya</name>
    <pose/>
    <truncated/>
    <difficult/>
    <bndbox>
      <xmin>99.28571428571422</xmin>
      <ymin>1315.8571428571427</ymin>
      <xmax>579.2857142857142</xmax>
      <ymax>1741.5714285714284</ymax>
    </bndbox>
  </object>
  <object>
    <name>nga</name>
    <pose/>
    <truncated/>
    <difficult/>
    <bndbox>
      <xmin>750.7142857142856</xmin>
      <ymin>1427.2857142857142</ymin>
      <xmax>1064.9999999999998</xmax>
      <ymax>1815.8571428571427</ymax>
    </bndbox>
  </object>
  <object>
    <name>a</name>
    <pose/>
    <truncated/>
    <difficult/>
    <bndbox>
      <xmin>1327.8571428571427</xmin>
      <ymin>1484.4285714285713</ymin>
      <xmax>1870.7142857142853</xmax>
      <ymax>1724.4285714285713</ymax>
    </bndbox>
  </object>
  <object>
    <name>ba</name>
    <pose/>
    <truncated/>
    <difficult/>
    <bndbox>
      <xmin>2022.1428571428569</xmin>
      <ymin>1412.9999999999998</ymin>
      <xmax>2504.9999999999995</xmax>
      <ymax>1847.2857142857142</ymax>
    </bndbox>
  </object>
</annotation>
