<annotation>
  <folder/>
  <filename>IMG_E8761.jpg</filename>
  <database/>
  <annotation/>
  <image/>
  <size>
    <height>1286</height>
    <width>2554</width>
    <depth>3</depth>
  </size>
  <segmented/>
  <object>
    <name>pe</name>
    <pose/>
    <truncated/>
    <difficult/>
    <bndbox>
      <xmin>68.96774193548387</xmin>
      <ymin>73.87096774193549</ymin>
      <xmax>578.6451612903226</xmax>
      <ymax>504.51612903225805</ymax>
    </bndbox>
  </object>
  <object>
    <name>nu</name>
    <pose/>
    <truncated/>
    <difficult/>
    <bndbox>
      <xmin>696.3870967741935</xmin>
      <ymin>88.38709677419354</ymin>
      <xmax>1289.9354838709678</xmax>
      <ymax>560.9677419354839</ymax>
    </bndbox>
  </object>
  <object>
    <name>li</name>
    <pose/>
    <truncated/>
    <difficult/>
    <bndbox>
      <xmin>1398.0</xmin>
      <ymin>52.903225806451616</ymin>
      <xmax>1965.741935483871</xmax>
      <ymax>412.58064516129036</ymax>
    </bndbox>
  </object>
  <object>
    <name>s</name>
    <pose/>
    <truncated/>
    <difficult/>
    <bndbox>
      <xmin>2109.2903225806454</xmin>
      <ymin>49.67741935483872</ymin>
      <xmax>2536.7096774193546</xmax>
      <ymax>520.6451612903226</ymax>
    </bndbox>
  </object>
</annotation>
