<annotation>
  <folder/>
  <filename>IMG_E1195.jpg</filename>
  <database/>
  <annotation/>
  <image/>
  <size>
    <height>1141</height>
    <width>2849</width>
    <depth>3</depth>
  </size>
  <segmented/>
  <object>
    <name>ta</name>
    <pose/>
    <truncated/>
    <difficult/>
    <bndbox>
      <xmin>55.99999999999999</xmin>
      <ymin>26.545454545454504</ymin>
      <xmax>463.27272727272725</xmax>
      <ymax>393.81818181818176</ymax>
    </bndbox>
  </object>
  <object>
    <name>ba</name>
    <pose/>
    <truncated/>
    <difficult/>
    <bndbox>
      <xmin>590.5454545454545</xmin>
      <ymin>162.90909090909088</ymin>
      <xmax>992.3636363636363</xmax>
      <ymax>424.72727272727263</ymax>
    </bndbox>
  </object>
  <object>
    <name>ga</name>
    <pose/>
    <truncated/>
    <difficult/>
    <bndbox>
      <xmin>1099.6363636363635</xmin>
      <ymin>133.8181818181818</ymin>
      <xmax>1441.4545454545453</xmax>
      <ymax>412.0</ymax>
    </bndbox>
  </object>
  <object>
    <name>nga</name>
    <pose/>
    <truncated/>
    <difficult/>
    <bndbox>
      <xmin>1570.5454545454545</xmin>
      <ymin>99.27272727272725</ymin>
      <xmax>1865.090909090909</xmax>
      <ymax>426.5454545454545</ymax>
    </bndbox>
  </object>
  <object>
    <name>nya</name>
    <pose/>
    <truncated/>
    <difficult/>
    <bndbox>
      <xmin>1925.090909090909</xmin>
      <ymin>79.27272727272725</ymin>
      <xmax>2334.181818181818</xmax>
      <ymax>430.18181818181813</ymax>
    </bndbox>
  </object>
  <object>
    <name>ra</name>
    <pose/>
    <truncated/>
    <difficult/>
    <bndbox>
      <xmin>2425.090909090909</xmin>
      <ymin>151.99999999999994</ymin>
      <xmax>2759.6363636363635</xmax>
      <ymax>459.27272727272725</ymax>
    </bndbox>
  </object>
</annotation>
