<annotation>
  <folder/>
  <filename>IMG_20200523_120523.jpg</filename>
  <database/>
  <annotation/>
  <image/>
  <size>
    <height>1158</height>
    <width>1616</width>
    <depth>3</depth>
  </size>
  <segmented/>
  <object>
    <name>nga</name>
    <pose/>
    <truncated/>
    <difficult/>
    <bndbox>
      <xmin>32.98734177215189</xmin>
      <ymin>31.708860759493668</ymin>
      <xmax>241.84810126582278</xmax>
      <ymax>225.37974683544303</ymax>
    </bndbox>
  </object>
  <object>
    <name>nya</name>
    <pose/>
    <truncated/>
    <difficult/>
    <bndbox>
      <xmin>636.7848101265822</xmin>
      <ymin>67.15189873417721</ymin>
      <xmax>874.7594936708861</xmax>
      <ymax>245.63291139240505</ymax>
    </bndbox>
  </object>
  <object>
    <name>na</name>
    <pose/>
    <truncated/>
    <difficult/>
    <bndbox>
      <xmin>1379.8227848101264</xmin>
      <ymin>43.10126582278481</ymin>
      <xmax>1569.6962025316454</xmax>
      <ymax>264.62025316455697</ymax>
    </bndbox>
  </object>
  <object>
    <name>la</name>
    <pose/>
    <truncated/>
    <difficult/>
    <bndbox>
      <xmin>10.202531645569621</xmin>
      <ymin>649.4303797468355</ymin>
      <xmax>221.59493670886076</xmax>
      <ymax>777.2784810126582</ymax>
    </bndbox>
  </object>
  <object>
    <name>ga</name>
    <pose/>
    <truncated/>
    <difficult/>
    <bndbox>
      <xmin>614.0</xmin>
      <ymin>673.4810126582278</ymin>
      <xmax>854.506329113924</xmax>
      <ymax>791.2025316455696</ymax>
    </bndbox>
  </object>
  <object>
    <name>ha</name>
    <pose/>
    <truncated/>
    <difficult/>
    <bndbox>
      <xmin>1382.3544303797469</xmin>
      <ymin>619.0506329113924</ymin>
      <xmax>1597.5443037974683</xmax>
      <ymax>744.367088607595</ymax>
    </bndbox>
  </object>
</annotation>
