<annotation>
  <folder/>
  <filename>IMG_E1008.jpg</filename>
  <database/>
  <annotation/>
  <image/>
  <size>
    <height>2577</height>
    <width>2726</width>
    <depth>3</depth>
  </size>
  <segmented/>
  <object>
    <name>ya</name>
    <pose/>
    <truncated/>
    <difficult/>
    <bndbox>
      <xmin>69.42857142857133</xmin>
      <ymin>147.14285714285714</ymin>
      <xmax>649.4285714285713</xmax>
      <ymax>541.4285714285713</ymax>
    </bndbox>
  </object>
  <object>
    <name>ra</name>
    <pose/>
    <truncated/>
    <difficult/>
    <bndbox>
      <xmin>780.8571428571427</xmin>
      <ymin>158.57142857142856</ymin>
      <xmax>1312.2857142857142</xmax>
      <ymax>569.9999999999999</ymax>
    </bndbox>
  </object>
  <object>
    <name>la</name>
    <pose/>
    <truncated/>
    <difficult/>
    <bndbox>
      <xmin>1503.7142857142853</xmin>
      <ymin>175.7142857142857</ymin>
      <xmax>2026.5714285714284</xmax>
      <ymax>595.7142857142857</ymax>
    </bndbox>
  </object>
  <object>
    <name>da</name>
    <pose/>
    <truncated/>
    <difficult/>
    <bndbox>
      <xmin>2112.285714285714</xmin>
      <ymin>147.14285714285714</ymin>
      <xmax>2569.428571428571</xmax>
      <ymax>569.9999999999999</ymax>
    </bndbox>
  </object>
  <object>
    <name>ha</name>
    <pose/>
    <truncated/>
    <difficult/>
    <bndbox>
      <xmin>46.57142857142844</xmin>
      <ymin>1327.142857142857</ymin>
      <xmax>592.2857142857142</xmax>
      <ymax>1795.7142857142856</ymax>
    </bndbox>
  </object>
  <object>
    <name>pa</name>
    <pose/>
    <truncated/>
    <difficult/>
    <bndbox>
      <xmin>866.5714285714284</xmin>
      <ymin>1447.142857142857</ymin>
      <xmax>1392.2857142857142</xmax>
      <ymax>1778.5714285714284</ymax>
    </bndbox>
  </object>
  <object>
    <name>wa</name>
    <pose/>
    <truncated/>
    <difficult/>
    <bndbox>
      <xmin>1532.2857142857142</xmin>
      <ymin>1415.7142857142856</ymin>
      <xmax>2035.1428571428569</xmax>
      <ymax>1781.4285714285713</ymax>
    </bndbox>
  </object>
  <object>
    <name>nga</name>
    <pose/>
    <truncated/>
    <difficult/>
    <bndbox>
      <xmin>2215.142857142857</xmin>
      <ymin>1387.142857142857</ymin>
      <xmax>2640.8571428571427</xmax>
      <ymax>1812.8571428571427</ymax>
    </bndbox>
  </object>
</annotation>
