<annotation>
  <folder/>
  <filename>IMG_E1140.jpg</filename>
  <database/>
  <annotation/>
  <image/>
  <size>
    <height>2808</height>
    <width>2905</width>
    <depth>3</depth>
  </size>
  <segmented/>
  <object>
    <name>ga</name>
    <pose/>
    <truncated/>
    <difficult/>
    <bndbox>
      <xmin>68.875</xmin>
      <ymin>96.375</ymin>
      <xmax>618.875</xmax>
      <ymax>555.75</ymax>
    </bndbox>
  </object>
  <object>
    <name>sa</name>
    <pose/>
    <truncated/>
    <difficult/>
    <bndbox>
      <xmin>684.5</xmin>
      <ymin>33.875</ymin>
      <xmax>1206.375</xmax>
      <ymax>496.375</ymax>
    </bndbox>
  </object>
  <object>
    <name>ta</name>
    <pose/>
    <truncated/>
    <difficult/>
    <bndbox>
      <xmin>1325.125</xmin>
      <ymin>62.0</ymin>
      <xmax>1878.25</xmax>
      <ymax>590.125</ymax>
    </bndbox>
  </object>
  <object>
    <name>ma</name>
    <pose/>
    <truncated/>
    <difficult/>
    <bndbox>
      <xmin>1997.0</xmin>
      <ymin>21.375</ymin>
      <xmax>2597.0</xmax>
      <ymax>440.125</ymax>
    </bndbox>
  </object>
  <object>
    <name>ba</name>
    <pose/>
    <truncated/>
    <difficult/>
    <bndbox>
      <xmin>97.0</xmin>
      <ymin>1452.625</ymin>
      <xmax>668.875</xmax>
      <ymax>1974.5</ymax>
    </bndbox>
  </object>
  <object>
    <name>nga</name>
    <pose/>
    <truncated/>
    <difficult/>
    <bndbox>
      <xmin>887.625</xmin>
      <ymin>1502.625</ymin>
      <xmax>1372.0</xmax>
      <ymax>1983.875</ymax>
    </bndbox>
  </object>
  <object>
    <name>ra</name>
    <pose/>
    <truncated/>
    <difficult/>
    <bndbox>
      <xmin>1534.5</xmin>
      <ymin>1458.875</ymin>
      <xmax>2097.0</xmax>
      <ymax>1955.75</ymax>
    </bndbox>
  </object>
  <object>
    <name>ya</name>
    <pose/>
    <truncated/>
    <difficult/>
    <bndbox>
      <xmin>2253.25</xmin>
      <ymin>1537.0</ymin>
      <xmax>2818.875</xmax>
      <ymax>2093.25</ymax>
    </bndbox>
  </object>
</annotation>
