<annotation>
  <folder/>
  <filename>IMG_E0672.jpg</filename>
  <database/>
  <annotation/>
  <image/>
  <size>
    <height>2654</height>
    <width>2122</width>
    <depth>3</depth>
  </size>
  <segmented/>
  <object>
    <name>ha</name>
    <pose/>
    <truncated/>
    <difficult/>
    <bndbox>
      <xmin>105.82352941176464</xmin>
      <ymin>40.58823529411764</ymin>
      <xmax>611.705882352941</xmax>
      <ymax>428.8235294117647</ymax>
    </bndbox>
  </object>
  <object>
    <name>da</name>
    <pose/>
    <truncated/>
    <difficult/>
    <bndbox>
      <xmin>826.411764705882</xmin>
      <ymin>96.4705882352941</ymin>
      <xmax>1261.705882352941</xmax>
      <ymax>511.17647058823525</ymax>
    </bndbox>
  </object>
  <object>
    <name>la</name>
    <pose/>
    <truncated/>
    <difficult/>
    <bndbox>
      <xmin>1444.0588235294117</xmin>
      <ymin>143.52941176470588</ymin>
      <xmax>1982.2941176470586</xmax>
      <ymax>555.2941176470588</ymax>
    </bndbox>
  </object>
  <object>
    <name>ba</name>
    <pose/>
    <truncated/>
    <difficult/>
    <bndbox>
      <xmin>202.88235294117635</xmin>
      <ymin>1396.470588235294</ymin>
      <xmax>711.705882352941</xmax>
      <ymax>1819.9999999999998</ymax>
    </bndbox>
  </object>
  <object>
    <name>ma</name>
    <pose/>
    <truncated/>
    <difficult/>
    <bndbox>
      <xmin>888.1764705882351</xmin>
      <ymin>1461.1764705882351</ymin>
      <xmax>1517.5882352941176</xmax>
      <ymax>1896.470588235294</ymax>
    </bndbox>
  </object>
  <object>
    <name>pa</name>
    <pose/>
    <truncated/>
    <difficult/>
    <bndbox>
      <xmin>1694.0588235294117</xmin>
      <ymin>1605.2941176470588</ymin>
      <xmax>2102.882352941176</xmax>
      <ymax>1893.5294117647059</ymax>
    </bndbox>
  </object>
</annotation>
