<annotation>
  <folder/>
  <filename>IMG_20200522_212222.jpg</filename>
  <database/>
  <annotation/>
  <image/>
  <size>
    <height>2244</height>
    <width>2868</width>
    <depth>3</depth>
  </size>
  <segmented/>
  <object>
    <name>ga</name>
    <pose/>
    <truncated/>
    <difficult/>
    <bndbox>
      <xmin>36.51219512195121</xmin>
      <ymin>33.58536585365854</ymin>
      <xmax>295.04878048780483</xmax>
      <ymax>294.5609756097561</ymax>
    </bndbox>
  </object>
  <object>
    <name>na</name>
    <pose/>
    <truncated/>
    <difficult/>
    <bndbox>
      <xmin>973.0975609756097</xmin>
      <ymin>60.414634146341456</ymin>
      <xmax>1343.8292682926829</xmax>
      <ymax>406.7560975609756</ymax>
    </bndbox>
  </object>
  <object>
    <name>nga</name>
    <pose/>
    <truncated/>
    <difficult/>
    <bndbox>
      <xmin>2053.5853658536585</xmin>
      <ymin>79.92682926829268</ymin>
      <xmax>2417.0</xmax>
      <ymax>431.1463414634146</ymax>
    </bndbox>
  </object>
  <object>
    <name>sa</name>
    <pose/>
    <truncated/>
    <difficult/>
    <bndbox>
      <xmin>12.121951219512141</xmin>
      <ymin>1131.1463414634145</ymin>
      <xmax>356.0243902439024</xmax>
      <ymax>1450.6585365853657</ymax>
    </bndbox>
  </object>
  <object>
    <name>ta</name>
    <pose/>
    <truncated/>
    <difficult/>
    <bndbox>
      <xmin>1165.780487804878</xmin>
      <ymin>1221.390243902439</ymin>
      <xmax>1456.0243902439022</xmax>
      <ymax>1511.6341463414633</ymax>
    </bndbox>
  </object>
  <object>
    <name>da</name>
    <pose/>
    <truncated/>
    <difficult/>
    <bndbox>
      <xmin>2192.609756097561</xmin>
      <ymin>1172.6097560975609</ymin>
      <xmax>2556.0243902439024</xmax>
      <ymax>1562.8536585365853</ymax>
    </bndbox>
  </object>
</annotation>
