<annotation>
  <folder/>
  <filename>IMG_E0891.jpg</filename>
  <database/>
  <annotation/>
  <image/>
  <size>
    <height>2721</height>
    <width>2410</width>
    <depth>3</depth>
  </size>
  <segmented/>
  <object>
    <name>ta</name>
    <pose/>
    <truncated/>
    <difficult/>
    <bndbox>
      <xmin>114.93939393939377</xmin>
      <ymin>44.81818181818181</ymin>
      <xmax>511.90909090909076</xmax>
      <ymax>490.27272727272725</ymax>
    </bndbox>
  </object>
  <object>
    <name>la</name>
    <pose/>
    <truncated/>
    <difficult/>
    <bndbox>
      <xmin>733.121212121212</xmin>
      <ymin>135.72727272727272</ymin>
      <xmax>1190.6969696969695</xmax>
      <ymax>466.030303030303</ymax>
    </bndbox>
  </object>
  <object>
    <name>da</name>
    <pose/>
    <truncated/>
    <difficult/>
    <bndbox>
      <xmin>1366.4545454545455</xmin>
      <ymin>78.15151515151514</ymin>
      <xmax>1772.5151515151515</xmax>
      <ymax>499.3636363636364</ymax>
    </bndbox>
  </object>
  <object>
    <name>ba</name>
    <pose/>
    <truncated/>
    <difficult/>
    <bndbox>
      <xmin>1881.6060606060605</xmin>
      <ymin>202.39393939393938</ymin>
      <xmax>2387.6666666666665</xmax>
      <ymax>569.060606060606</ymax>
    </bndbox>
  </object>
  <object>
    <name>ja</name>
    <pose/>
    <truncated/>
    <difficult/>
    <bndbox>
      <xmin>199.78787878787875</xmin>
      <ymin>1520.5757575757575</ymin>
      <xmax>890.6969696969695</xmax>
      <ymax>1981.181818181818</ymax>
    </bndbox>
  </object>
  <object>
    <name>ra</name>
    <pose/>
    <truncated/>
    <difficult/>
    <bndbox>
      <xmin>1051.30303030303</xmin>
      <ymin>1656.9393939393938</ymin>
      <xmax>1505.8484848484845</xmax>
      <ymax>2041.7878787878785</ymax>
    </bndbox>
  </object>
  <object>
    <name>sa</name>
    <pose/>
    <truncated/>
    <difficult/>
    <bndbox>
      <xmin>1702.8181818181815</xmin>
      <ymin>1635.7272727272727</ymin>
      <xmax>2193.7272727272725</xmax>
      <ymax>2111.4848484848485</ymax>
    </bndbox>
  </object>
</annotation>
