<annotation>
  <folder/>
  <filename>IMG_E1807.jpg</filename>
  <database/>
  <annotation/>
  <image/>
  <size>
    <height>2796</height>
    <width>2511</width>
    <depth>3</depth>
  </size>
  <segmented/>
  <object>
    <name>ra</name>
    <pose/>
    <truncated/>
    <difficult/>
    <bndbox>
      <xmin>67.969696969697</xmin>
      <ymin>118.18181818181817</ymin>
      <xmax>752.8181818181818</xmax>
      <ymax>703.030303030303</ymax>
    </bndbox>
  </object>
  <object>
    <name>ha</name>
    <pose/>
    <truncated/>
    <difficult/>
    <bndbox>
      <xmin>974.030303030303</xmin>
      <ymin>130.30303030303028</ymin>
      <xmax>1652.8181818181815</xmax>
      <ymax>809.090909090909</ymax>
    </bndbox>
  </object>
  <object>
    <name>sa</name>
    <pose/>
    <truncated/>
    <difficult/>
    <bndbox>
      <xmin>1777.060606060606</xmin>
      <ymin>230.30303030303028</ymin>
      <xmax>2371.0</xmax>
      <ymax>900.0</ymax>
    </bndbox>
  </object>
  <object>
    <name>pa</name>
    <pose/>
    <truncated/>
    <difficult/>
    <bndbox>
      <xmin>252.81818181818176</xmin>
      <ymin>1678.7878787878788</ymin>
      <xmax>749.7878787878788</xmax>
      <ymax>2051.5151515151515</ymax>
    </bndbox>
  </object>
  <object>
    <name>ya</name>
    <pose/>
    <truncated/>
    <difficult/>
    <bndbox>
      <xmin>964.939393939394</xmin>
      <ymin>1627.2727272727273</ymin>
      <xmax>1601.30303030303</xmax>
      <ymax>2178.7878787878785</ymax>
    </bndbox>
  </object>
  <object>
    <name>ja</name>
    <pose/>
    <truncated/>
    <difficult/>
    <bndbox>
      <xmin>1804.333333333333</xmin>
      <ymin>1675.7575757575758</ymin>
      <xmax>2401.30303030303</xmax>
      <ymax>2193.939393939394</ymax>
    </bndbox>
  </object>
</annotation>
