<annotation>
  <folder/>
  <filename>IMG_E8826.jpg</filename>
  <database/>
  <annotation/>
  <image/>
  <size>
    <height>1204</height>
    <width>2930</width>
    <depth>3</depth>
  </size>
  <segmented/>
  <object>
    <name>wi</name>
    <pose/>
    <truncated/>
    <difficult/>
    <bndbox>
      <xmin>53.407407407407405</xmin>
      <ymin>221.33333333333331</ymin>
      <xmax>558.9629629629629</xmax>
      <ymax>521.3333333333333</ymax>
    </bndbox>
  </object>
  <object>
    <name>ji</name>
    <pose/>
    <truncated/>
    <difficult/>
    <bndbox>
      <xmin>840.4444444444443</xmin>
      <ymin>197.25925925925924</ymin>
      <xmax>1571.9259259259259</xmax>
      <ymax>597.2592592592592</ymax>
    </bndbox>
  </object>
  <object>
    <name>be</name>
    <pose/>
    <truncated/>
    <difficult/>
    <bndbox>
      <xmin>1712.6666666666665</xmin>
      <ymin>191.7037037037037</ymin>
      <xmax>2155.259259259259</xmax>
      <ymax>547.2592592592592</ymax>
    </bndbox>
  </object>
  <object>
    <name>lang</name>
    <pose/>
    <truncated/>
    <difficult/>
    <bndbox>
      <xmin>2320.074074074074</xmin>
      <ymin>136.1481481481481</ymin>
      <xmax>2857.111111111111</xmax>
      <ymax>465.7777777777777</ymax>
    </bndbox>
  </object>
</annotation>
