<annotation>
  <folder/>
  <filename>IMG_20200522_170225.jpg</filename>
  <database/>
  <annotation/>
  <image/>
  <size>
    <height>1650</height>
    <width>2932</width>
    <depth>3</depth>
  </size>
  <segmented/>
  <object>
    <name>ga</name>
    <pose/>
    <truncated/>
    <difficult/>
    <bndbox>
      <xmin>433.9433962264151</xmin>
      <ymin>56.88679245283018</ymin>
      <xmax>718.8490566037735</xmax>
      <ymax>315.377358490566</ymax>
    </bndbox>
  </object>
  <object>
    <name>ra</name>
    <pose/>
    <truncated/>
    <difficult/>
    <bndbox>
      <xmin>1622.6226415094338</xmin>
      <ymin>228.58490566037733</ymin>
      <xmax>1905.6415094339623</xmax>
      <ymax>447.45283018867923</ymax>
    </bndbox>
  </object>
  <object>
    <name>ta</name>
    <pose/>
    <truncated/>
    <difficult/>
    <bndbox>
      <xmin>2669.7924528301887</xmin>
      <ymin>358.77358490566036</ymin>
      <xmax>2862.2452830188677</xmax>
      <ymax>524.8113207547169</ymax>
    </bndbox>
  </object>
  <object>
    <name>pa</name>
    <pose/>
    <truncated/>
    <difficult/>
    <bndbox>
      <xmin>294.3207547169811</xmin>
      <ymin>1171.9811320754716</ymin>
      <xmax>656.5849056603773</xmax>
      <ymax>1313.4905660377358</ymax>
    </bndbox>
  </object>
  <object>
    <name>sa</name>
    <pose/>
    <truncated/>
    <difficult/>
    <bndbox>
      <xmin>1409.4150943396226</xmin>
      <ymin>1134.245283018868</ymin>
      <xmax>1624.509433962264</xmax>
      <ymax>1371.9811320754716</ymax>
    </bndbox>
  </object>
  <object>
    <name>ta</name>
    <pose/>
    <truncated/>
    <difficult/>
    <bndbox>
      <xmin>2756.5849056603774</xmin>
      <ymin>1260.6603773584905</ymin>
      <xmax>2888.66037735849</xmax>
      <ymax>1424.811320754717</ymax>
    </bndbox>
  </object>
</annotation>
