<annotation>
  <folder/>
  <filename>IMG_E1152.jpg</filename>
  <database/>
  <annotation/>
  <image/>
  <size>
    <height>2670</height>
    <width>2803</width>
    <depth>3</depth>
  </size>
  <segmented/>
  <object>
    <name>ya</name>
    <pose/>
    <truncated/>
    <difficult/>
    <bndbox>
      <xmin>42.941176470588175</xmin>
      <ymin>104.4705882352941</ymin>
      <xmax>566.4705882352939</xmax>
      <ymax>477.99999999999994</ymax>
    </bndbox>
  </object>
  <object>
    <name>la</name>
    <pose/>
    <truncated/>
    <difficult/>
    <bndbox>
      <xmin>719.4117647058822</xmin>
      <ymin>151.52941176470588</ymin>
      <xmax>1204.705882352941</xmax>
      <ymax>451.52941176470586</ymax>
    </bndbox>
  </object>
  <object>
    <name>nga</name>
    <pose/>
    <truncated/>
    <difficult/>
    <bndbox>
      <xmin>1410.5882352941176</xmin>
      <ymin>101.52941176470587</ymin>
      <xmax>1913.5294117647059</xmax>
      <ymax>548.5882352941176</ymax>
    </bndbox>
  </object>
  <object>
    <name>nya</name>
    <pose/>
    <truncated/>
    <difficult/>
    <bndbox>
      <xmin>2034.1176470588234</xmin>
      <ymin>66.23529411764706</ymin>
      <xmax>2539.9999999999995</xmax>
      <ymax>504.47058823529403</ymax>
    </bndbox>
  </object>
  <object>
    <name>ta</name>
    <pose/>
    <truncated/>
    <difficult/>
    <bndbox>
      <xmin>137.0588235294117</xmin>
      <ymin>1428.0</ymin>
      <xmax>628.2352941176468</xmax>
      <ymax>2004.470588235294</ymax>
    </bndbox>
  </object>
  <object>
    <name>ma</name>
    <pose/>
    <truncated/>
    <difficult/>
    <bndbox>
      <xmin>739.9999999999998</xmin>
      <ymin>1478.0</ymin>
      <xmax>1390.0</xmax>
      <ymax>1930.941176470588</ymax>
    </bndbox>
  </object>
  <object>
    <name>ga</name>
    <pose/>
    <truncated/>
    <difficult/>
    <bndbox>
      <xmin>1551.7647058823527</xmin>
      <ymin>1539.764705882353</ymin>
      <xmax>2166.4705882352937</xmax>
      <ymax>1992.705882352941</ymax>
    </bndbox>
  </object>
  <object>
    <name>ra</name>
    <pose/>
    <truncated/>
    <difficult/>
    <bndbox>
      <xmin>2292.941176470588</xmin>
      <ymin>1560.3529411764705</ymin>
      <xmax>2769.411764705882</xmax>
      <ymax>1925.0588235294117</ymax>
    </bndbox>
  </object>
</annotation>
