<annotation>
  <folder/>
  <filename>IMG_E0884.jpg</filename>
  <database/>
  <annotation/>
  <image/>
  <size>
    <height>1061</height>
    <width>2785</width>
    <depth>3</depth>
  </size>
  <segmented/>
  <object>
    <name>ra</name>
    <pose/>
    <truncated/>
    <difficult/>
    <bndbox>
      <xmin>9.428571428571427</xmin>
      <ymin>89.14285714285711</ymin>
      <xmax>305.85714285714283</xmax>
      <ymax>312.3571428571428</ymax>
    </bndbox>
  </object>
  <object>
    <name>ta</name>
    <pose/>
    <truncated/>
    <difficult/>
    <bndbox>
      <xmin>421.9285714285714</xmin>
      <ymin>98.07142857142856</ymin>
      <xmax>718.3571428571428</xmax>
      <ymax>374.8571428571428</ymax>
    </bndbox>
  </object>
  <object>
    <name>pa</name>
    <pose/>
    <truncated/>
    <difficult/>
    <bndbox>
      <xmin>773.7142857142857</xmin>
      <ymin>164.1428571428571</ymin>
      <xmax>1070.142857142857</xmax>
      <ymax>314.1428571428571</ymax>
    </bndbox>
  </object>
  <object>
    <name>na</name>
    <pose/>
    <truncated/>
    <difficult/>
    <bndbox>
      <xmin>1113.0</xmin>
      <ymin>174.85714285714283</ymin>
      <xmax>1375.4999999999998</xmax>
      <ymax>365.92857142857133</ymax>
    </bndbox>
  </object>
  <object>
    <name>a</name>
    <pose/>
    <truncated/>
    <difficult/>
    <bndbox>
      <xmin>1495.142857142857</xmin>
      <ymin>162.35714285714283</ymin>
      <xmax>1843.3571428571427</xmax>
      <ymax>373.07142857142856</ymax>
    </bndbox>
  </object>
  <object>
    <name>ra</name>
    <pose/>
    <truncated/>
    <difficult/>
    <bndbox>
      <xmin>1936.2142857142856</xmin>
      <ymin>119.49999999999994</ymin>
      <xmax>2257.642857142857</xmax>
      <ymax>410.57142857142856</ymax>
    </bndbox>
  </object>
  <object>
    <name>ja</name>
    <pose/>
    <truncated/>
    <difficult/>
    <bndbox>
      <xmin>2345.142857142857</xmin>
      <ymin>103.42857142857139</ymin>
      <xmax>2675.4999999999995</xmax>
      <ymax>419.4999999999999</ymax>
    </bndbox>
  </object>
</annotation>
