<annotation>
  <folder/>
  <filename>IMG_E1424.jpg</filename>
  <database/>
  <annotation/>
  <image/>
  <size>
    <height>2802</height>
    <width>2751</width>
    <depth>3</depth>
  </size>
  <segmented/>
  <object>
    <name>pa</name>
    <pose/>
    <truncated/>
    <difficult/>
    <bndbox>
      <xmin>113.875</xmin>
      <ymin>55.875</ymin>
      <xmax>632.625</xmax>
      <ymax>230.875</ymax>
    </bndbox>
  </object>
  <object>
    <name>ra</name>
    <pose/>
    <truncated/>
    <difficult/>
    <bndbox>
      <xmin>820.125</xmin>
      <ymin>12.125</ymin>
      <xmax>1460.75</xmax>
      <ymax>409.0</ymax>
    </bndbox>
  </object>
  <object>
    <name>la</name>
    <pose/>
    <truncated/>
    <difficult/>
    <bndbox>
      <xmin>1754.5</xmin>
      <ymin>52.75</ymin>
      <xmax>2407.625</xmax>
      <ymax>393.375</ymax>
    </bndbox>
  </object>
  <object>
    <name>ha</name>
    <pose/>
    <truncated/>
    <difficult/>
    <bndbox>
      <xmin>107.625</xmin>
      <ymin>1340.25</ymin>
      <xmax>695.125</xmax>
      <ymax>1924.625</ymax>
    </bndbox>
  </object>
  <object>
    <name>ta</name>
    <pose/>
    <truncated/>
    <difficult/>
    <bndbox>
      <xmin>1013.875</xmin>
      <ymin>1377.75</ymin>
      <xmax>1504.5</xmax>
      <ymax>2012.125</ymax>
    </bndbox>
  </object>
  <object>
    <name>sa</name>
    <pose/>
    <truncated/>
    <difficult/>
    <bndbox>
      <xmin>1938.875</xmin>
      <ymin>1443.375</ymin>
      <xmax>2510.75</xmax>
      <ymax>1996.5</ymax>
    </bndbox>
  </object>
</annotation>
