<annotation>
  <folder/>
  <filename>IMG_E1237.jpg</filename>
  <database/>
  <annotation/>
  <image/>
  <size>
    <height>3209</height>
    <width>2684</width>
    <depth>3</depth>
  </size>
  <segmented/>
  <object>
    <name>ta</name>
    <pose/>
    <truncated/>
    <difficult/>
    <bndbox>
      <xmin>88.57142857142844</xmin>
      <ymin>92.7142857142857</ymin>
      <xmax>842.1428571428569</xmax>
      <ymax>728.4285714285713</ymax>
    </bndbox>
  </object>
  <object>
    <name>la</name>
    <pose/>
    <truncated/>
    <difficult/>
    <bndbox>
      <xmin>945.7142857142853</xmin>
      <ymin>189.1428571428571</ymin>
      <xmax>1595.7142857142853</xmax>
      <ymax>678.4285714285713</ymax>
    </bndbox>
  </object>
  <object>
    <name>nya</name>
    <pose/>
    <truncated/>
    <difficult/>
    <bndbox>
      <xmin>1813.5714285714284</xmin>
      <ymin>203.42857142857142</ymin>
      <xmax>2474.2857142857138</xmax>
      <ymax>789.1428571428571</ymax>
    </bndbox>
  </object>
  <object>
    <name>ga</name>
    <pose/>
    <truncated/>
    <difficult/>
    <bndbox>
      <xmin>242.14285714285688</xmin>
      <ymin>1774.8571428571427</ymin>
      <xmax>1024.2857142857142</xmax>
      <ymax>2346.285714285714</ymax>
    </bndbox>
  </object>
  <object>
    <name>ba</name>
    <pose/>
    <truncated/>
    <difficult/>
    <bndbox>
      <xmin>1199.2857142857142</xmin>
      <ymin>1806.9999999999998</ymin>
      <xmax>1824.2857142857138</xmax>
      <ymax>2324.8571428571427</ymax>
    </bndbox>
  </object>
  <object>
    <name>da</name>
    <pose/>
    <truncated/>
    <difficult/>
    <bndbox>
      <xmin>1984.9999999999995</xmin>
      <ymin>1874.8571428571427</ymin>
      <xmax>2638.5714285714284</xmax>
      <ymax>2371.285714285714</ymax>
    </bndbox>
  </object>
</annotation>
