<annotation>
  <folder/>
  <filename>IMG_20200523_123205.jpg</filename>
  <database/>
  <annotation/>
  <image/>
  <size>
    <height>1123</height>
    <width>1648</width>
    <depth>3</depth>
  </size>
  <segmented/>
  <object>
    <name>na</name>
    <pose/>
    <truncated/>
    <difficult/>
    <bndbox>
      <xmin>39.17073170731706</xmin>
      <ymin>69.73170731707316</ymin>
      <xmax>248.92682926829264</xmax>
      <ymax>235.58536585365852</ymax>
    </bndbox>
  </object>
  <object>
    <name>nga</name>
    <pose/>
    <truncated/>
    <difficult/>
    <bndbox>
      <xmin>694.0487804878048</xmin>
      <ymin>66.07317073170731</ymin>
      <xmax>920.8780487804877</xmax>
      <ymax>235.58536585365852</ymax>
    </bndbox>
  </object>
  <object>
    <name>la</name>
    <pose/>
    <truncated/>
    <difficult/>
    <bndbox>
      <xmin>1367.2195121951218</xmin>
      <ymin>95.34146341463413</ymin>
      <xmax>1614.780487804878</xmax>
      <ymax>268.5121951219512</ymax>
    </bndbox>
  </object>
  <object>
    <name>nya</name>
    <pose/>
    <truncated/>
    <difficult/>
    <bndbox>
      <xmin>51.365853658536565</xmin>
      <ymin>547.780487804878</ymin>
      <xmax>278.1951219512195</xmax>
      <ymax>738.0243902439024</ymax>
    </bndbox>
  </object>
  <object>
    <name>pa</name>
    <pose/>
    <truncated/>
    <difficult/>
    <bndbox>
      <xmin>722.0975609756097</xmin>
      <ymin>594.1219512195122</ymin>
      <xmax>981.8536585365853</xmax>
      <ymax>795.3414634146341</ymax>
    </bndbox>
  </object>
  <object>
    <name>da</name>
    <pose/>
    <truncated/>
    <difficult/>
    <bndbox>
      <xmin>1412.341463414634</xmin>
      <ymin>516.0731707317073</ymin>
      <xmax>1624.5365853658536</xmax>
      <ymax>740.4634146341463</ymax>
    </bndbox>
  </object>
</annotation>
