<annotation>
  <folder/>
  <filename>IMG_E1035.jpg</filename>
  <database/>
  <annotation/>
  <image/>
  <size>
    <height>2605</height>
    <width>2131</width>
    <depth>3</depth>
  </size>
  <segmented/>
  <object>
    <name>ma</name>
    <pose/>
    <truncated/>
    <difficult/>
    <bndbox>
      <xmin>102.85714285714266</xmin>
      <ymin>49.71428571428571</ymin>
      <xmax>762.8571428571427</xmax>
      <ymax>446.85714285714283</ymax>
    </bndbox>
  </object>
  <object>
    <name>ta</name>
    <pose/>
    <truncated/>
    <difficult/>
    <bndbox>
      <xmin>851.4285714285713</xmin>
      <ymin>49.71428571428571</ymin>
      <xmax>1337.1428571428569</xmax>
      <ymax>512.5714285714286</ymax>
    </bndbox>
  </object>
  <object>
    <name>ya</name>
    <pose/>
    <truncated/>
    <difficult/>
    <bndbox>
      <xmin>1431.428571428571</xmin>
      <ymin>138.28571428571428</ymin>
      <xmax>2057.142857142857</xmax>
      <ymax>589.7142857142857</ymax>
    </bndbox>
  </object>
  <object>
    <name>la</name>
    <pose/>
    <truncated/>
    <difficult/>
    <bndbox>
      <xmin>211.42857142857133</xmin>
      <ymin>1355.4285714285713</ymin>
      <xmax>794.285714285714</xmax>
      <ymax>1821.1428571428569</ymax>
    </bndbox>
  </object>
  <object>
    <name>ga</name>
    <pose/>
    <truncated/>
    <difficult/>
    <bndbox>
      <xmin>968.5714285714284</xmin>
      <ymin>1378.2857142857142</ymin>
      <xmax>1488.5714285714284</xmax>
      <ymax>1826.8571428571427</ymax>
    </bndbox>
  </object>
  <object>
    <name>a</name>
    <pose/>
    <truncated/>
    <difficult/>
    <bndbox>
      <xmin>1571.428571428571</xmin>
      <ymin>1535.4285714285713</ymin>
      <xmax>2079.9999999999995</xmax>
      <ymax>1875.4285714285713</ymax>
    </bndbox>
  </object>
</annotation>
