<annotation>
  <folder/>
  <filename>IMG_E1752.jpg</filename>
  <database/>
  <annotation/>
  <image/>
  <size>
    <height>2768</height>
    <width>2330</width>
    <depth>3</depth>
  </size>
  <segmented/>
  <object>
    <name>nya</name>
    <pose/>
    <truncated/>
    <difficult/>
    <bndbox>
      <xmin>220.39393939393926</xmin>
      <ymin>110.24242424242424</ymin>
      <xmax>735.5454545454545</xmax>
      <ymax>504.18181818181813</ymax>
    </bndbox>
  </object>
  <object>
    <name>ma</name>
    <pose/>
    <truncated/>
    <difficult/>
    <bndbox>
      <xmin>829.4848484848485</xmin>
      <ymin>95.09090909090908</ymin>
      <xmax>1344.6363636363635</xmax>
      <ymax>540.5454545454545</ymax>
    </bndbox>
  </object>
  <object>
    <name>nga</name>
    <pose/>
    <truncated/>
    <difficult/>
    <bndbox>
      <xmin>1493.121212121212</xmin>
      <ymin>107.2121212121212</ymin>
      <xmax>1938.5757575757575</xmax>
      <ymax>558.7272727272727</ymax>
    </bndbox>
  </object>
  <object>
    <name>na</name>
    <pose/>
    <truncated/>
    <difficult/>
    <bndbox>
      <xmin>287.060606060606</xmin>
      <ymin>1482.969696969697</ymin>
      <xmax>808.2727272727273</xmax>
      <ymax>1931.4545454545453</ymax>
    </bndbox>
  </object>
  <object>
    <name>da</name>
    <pose/>
    <truncated/>
    <difficult/>
    <bndbox>
      <xmin>1053.7272727272725</xmin>
      <ymin>1507.2121212121212</ymin>
      <xmax>1523.4242424242425</xmax>
      <ymax>1919.3333333333333</ymax>
    </bndbox>
  </object>
  <object>
    <name>wa</name>
    <pose/>
    <truncated/>
    <difficult/>
    <bndbox>
      <xmin>1732.5151515151515</xmin>
      <ymin>1501.151515151515</ymin>
      <xmax>2226.4545454545455</xmax>
      <ymax>1892.060606060606</ymax>
    </bndbox>
  </object>
</annotation>
