<annotation>
  <folder/>
  <filename>IMG_E8979.jpg</filename>
  <database/>
  <annotation/>
  <image/>
  <size>
    <height>1084</height>
    <width>2939</width>
    <depth>3</depth>
  </size>
  <segmented/>
  <object>
    <name>ge</name>
    <pose/>
    <truncated/>
    <difficult/>
    <bndbox>
      <xmin>26.0</xmin>
      <ymin>70.0</ymin>
      <xmax>474.0</xmax>
      <ymax>450.0</ymax>
    </bndbox>
  </object>
  <object>
    <name>ja</name>
    <pose/>
    <truncated/>
    <difficult/>
    <bndbox>
      <xmin>668.0</xmin>
      <ymin>48.0</ymin>
      <xmax>1198.0</xmax>
      <ymax>528.0</ymax>
    </bndbox>
  </object>
  <object>
    <name>m</name>
    <pose/>
    <truncated/>
    <difficult/>
    <bndbox>
      <xmin>1236.0</xmin>
      <ymin>112.0</ymin>
      <xmax>1898.0</xmax>
      <ymax>500.0</ymax>
    </bndbox>
  </object>
  <object>
    <name>ba</name>
    <pose/>
    <truncated/>
    <difficult/>
    <bndbox>
      <xmin>1948.0</xmin>
      <ymin>132.0</ymin>
      <xmax>2410.0</xmax>
      <ymax>520.0</ymax>
    </bndbox>
  </object>
  <object>
    <name>h</name>
    <pose/>
    <truncated/>
    <difficult/>
    <bndbox>
      <xmin>2462.0</xmin>
      <ymin>72.0</ymin>
      <xmax>2900.0</xmax>
      <ymax>546.0</ymax>
    </bndbox>
  </object>
</annotation>
