<annotation>
  <folder/>
  <filename>IMG_E0739.jpg</filename>
  <database/>
  <annotation/>
  <image/>
  <size>
    <height>2728</height>
    <width>2795</width>
    <depth>3</depth>
  </size>
  <segmented/>
  <object>
    <name>ba</name>
    <pose/>
    <truncated/>
    <difficult/>
    <bndbox>
      <xmin>103.90909090909076</xmin>
      <ymin>111.45454545454544</ymin>
      <xmax>585.7272727272727</xmax>
      <ymax>469.030303030303</ymax>
    </bndbox>
  </object>
  <object>
    <name>ga</name>
    <pose/>
    <truncated/>
    <difficult/>
    <bndbox>
      <xmin>803.9090909090908</xmin>
      <ymin>108.42424242424241</ymin>
      <xmax>1191.7878787878785</xmax>
      <ymax>417.5151515151515</ymax>
    </bndbox>
  </object>
  <object>
    <name>na</name>
    <pose/>
    <truncated/>
    <difficult/>
    <bndbox>
      <xmin>1376.6363636363635</xmin>
      <ymin>117.5151515151515</ymin>
      <xmax>1794.8181818181815</xmax>
      <ymax>508.4242424242424</ymax>
    </bndbox>
  </object>
  <object>
    <name>pa</name>
    <pose/>
    <truncated/>
    <difficult/>
    <bndbox>
      <xmin>2146.333333333333</xmin>
      <ymin>144.78787878787878</ymin>
      <xmax>2506.939393939394</xmax>
      <ymax>323.57575757575756</ymax>
    </bndbox>
  </object>
  <object>
    <name>ra</name>
    <pose/>
    <truncated/>
    <difficult/>
    <bndbox>
      <xmin>116.030303030303</xmin>
      <ymin>1405.3939393939393</ymin>
      <xmax>576.6363636363635</xmax>
      <ymax>1762.969696969697</ymax>
    </bndbox>
  </object>
  <object>
    <name>sa</name>
    <pose/>
    <truncated/>
    <difficult/>
    <bndbox>
      <xmin>867.5454545454545</xmin>
      <ymin>1472.060606060606</ymin>
      <xmax>1279.6666666666665</xmax>
      <ymax>1881.151515151515</ymax>
    </bndbox>
  </object>
  <object>
    <name>ga</name>
    <pose/>
    <truncated/>
    <difficult/>
    <bndbox>
      <xmin>1585.7272727272725</xmin>
      <ymin>1541.7575757575758</ymin>
      <xmax>1994.8181818181815</xmax>
      <ymax>1923.5757575757575</ymax>
    </bndbox>
  </object>
  <object>
    <name>la</name>
    <pose/>
    <truncated/>
    <difficult/>
    <bndbox>
      <xmin>2216.030303030303</xmin>
      <ymin>1559.9393939393938</ymin>
      <xmax>2746.333333333333</xmax>
      <ymax>1911.4545454545453</ymax>
    </bndbox>
  </object>
</annotation>
