<annotation>
  <folder/>
  <filename>IMG_E8770.jpg</filename>
  <database/>
  <annotation/>
  <image/>
  <size>
    <height>2334</height>
    <width>1722</width>
    <depth>3</depth>
  </size>
  <segmented/>
  <object>
    <name>po</name>
    <pose/>
    <truncated/>
    <difficult/>
    <bndbox>
      <xmin>34.69230769230762</xmin>
      <ymin>85.38461538461539</ymin>
      <xmax>606.4871794871794</xmax>
      <ymax>367.4358974358974</ymax>
    </bndbox>
  </object>
  <object>
    <name>te</name>
    <pose/>
    <truncated/>
    <difficult/>
    <bndbox>
      <xmin>644.9487179487178</xmin>
      <ymin>28.97435897435897</ymin>
      <xmax>978.2820512820513</xmax>
      <ymax>349.48717948717945</ymax>
    </bndbox>
  </object>
  <object>
    <name>re</name>
    <pose/>
    <truncated/>
    <difficult/>
    <bndbox>
      <xmin>1116.7435897435898</xmin>
      <ymin>13.589743589743591</ymin>
      <xmax>1593.6666666666665</xmax>
      <ymax>395.64102564102564</ymax>
    </bndbox>
  </object>
  <object>
    <name>t</name>
    <pose/>
    <truncated/>
    <difficult/>
    <bndbox>
      <xmin>185.9743589743589</xmin>
      <ymin>1257.179487179487</ymin>
      <xmax>609.051282051282</xmax>
      <ymax>1608.4615384615383</ymax>
    </bndbox>
  </object>
  <object>
    <name>bi</name>
    <pose/>
    <truncated/>
    <difficult/>
    <bndbox>
      <xmin>727.0</xmin>
      <ymin>1244.3589743589744</ymin>
      <xmax>1270.5897435897436</xmax>
      <ymax>1641.7948717948718</ymax>
    </bndbox>
  </object>
  <object>
    <name>ru</name>
    <pose/>
    <truncated/>
    <difficult/>
    <bndbox>
      <xmin>1385.974358974359</xmin>
      <ymin>1303.3333333333333</ymin>
      <xmax>1691.102564102564</xmax>
      <ymax>1662.3076923076922</ymax>
    </bndbox>
  </object>
</annotation>
