<annotation>
  <folder/>
  <filename>IMG_20200522_215438.jpg</filename>
  <database/>
  <annotation/>
  <image/>
  <size>
    <height>1746</height>
    <width>2476</width>
    <depth>3</depth>
  </size>
  <segmented/>
  <object>
    <name>sa</name>
    <pose/>
    <truncated/>
    <difficult/>
    <bndbox>
      <xmin>161.61538461538458</xmin>
      <ymin>41.76923076923077</ymin>
      <xmax>455.8461538461538</xmax>
      <ymax>318.6923076923077</ymax>
    </bndbox>
  </object>
  <object>
    <name>ta</name>
    <pose/>
    <truncated/>
    <difficult/>
    <bndbox>
      <xmin>1000.0769230769231</xmin>
      <ymin>89.84615384615384</ymin>
      <xmax>1298.1538461538462</xmax>
      <ymax>409.07692307692304</ymax>
    </bndbox>
  </object>
  <object>
    <name>ra</name>
    <pose/>
    <truncated/>
    <difficult/>
    <bndbox>
      <xmin>1836.6153846153848</xmin>
      <ymin>43.69230769230769</ymin>
      <xmax>2180.846153846154</xmax>
      <ymax>372.53846153846155</ymax>
    </bndbox>
  </object>
  <object>
    <name>pa</name>
    <pose/>
    <truncated/>
    <difficult/>
    <bndbox>
      <xmin>102.0</xmin>
      <ymin>920.6153846153845</ymin>
      <xmax>492.38461538461536</xmax>
      <ymax>1147.5384615384614</ymax>
    </bndbox>
  </object>
  <object>
    <name>ga</name>
    <pose/>
    <truncated/>
    <difficult/>
    <bndbox>
      <xmin>1086.6153846153845</xmin>
      <ymin>1014.8461538461538</ymin>
      <xmax>1421.2307692307693</xmax>
      <ymax>1243.6923076923076</ymax>
    </bndbox>
  </object>
  <object>
    <name>ja</name>
    <pose/>
    <truncated/>
    <difficult/>
    <bndbox>
      <xmin>1844.3076923076924</xmin>
      <ymin>999.4615384615385</ymin>
      <xmax>2182.7692307692305</xmax>
      <ymax>1264.8461538461538</ymax>
    </bndbox>
  </object>
</annotation>
