<annotation>
  <folder/>
  <filename>IMG_E8992.jpg</filename>
  <database/>
  <annotation/>
  <image/>
  <size>
    <height>1324</height>
    <width>2899</width>
    <depth>3</depth>
  </size>
  <segmented/>
  <object>
    <name>le</name>
    <pose/>
    <truncated/>
    <difficult/>
    <bndbox>
      <xmin>57.745098039215684</xmin>
      <ymin>54.84313725490193</ymin>
      <xmax>508.72549019607845</xmax>
      <ymax>450.92156862745094</ymax>
    </bndbox>
  </object>
  <object>
    <name>u</name>
    <pose/>
    <truncated/>
    <difficult/>
    <bndbox>
      <xmin>577.3529411764706</xmin>
      <ymin>27.392156862745082</ymin>
      <xmax>1012.6470588235294</xmax>
      <ymax>388.17647058823525</ymax>
    </bndbox>
  </object>
  <object>
    <name>go</name>
    <pose/>
    <truncated/>
    <difficult/>
    <bndbox>
      <xmin>1096.9607843137255</xmin>
      <ymin>58.76470588235293</ymin>
      <xmax>1732.2549019607843</xmax>
      <ymax>464.6470588235294</ymax>
    </bndbox>
  </object>
  <object>
    <name>pi</name>
    <pose/>
    <truncated/>
    <difficult/>
    <bndbox>
      <xmin>1791.078431372549</xmin>
      <ymin>82.29411764705884</ymin>
      <xmax>2120.4901960784314</xmax>
      <ymax>354.843137254902</ymax>
    </bndbox>
  </object>
  <object>
    <name>t</name>
    <pose/>
    <truncated/>
    <difficult/>
    <bndbox>
      <xmin>2304.8039215686276</xmin>
      <ymin>88.1764705882353</ymin>
      <xmax>2787.156862745098</xmax>
      <ymax>405.82352941176464</ymax>
    </bndbox>
  </object>
</annotation>
