<annotation>
  <folder/>
  <filename>IMG_E8986.jpg</filename>
  <database/>
  <annotation/>
  <image/>
  <size>
    <height>914</height>
    <width>3024</width>
    <depth>3</depth>
  </size>
  <segmented/>
  <object>
    <name>ho</name>
    <pose/>
    <truncated/>
    <difficult/>
    <bndbox>
      <xmin>87.79591836734694</xmin>
      <ymin>34.61224489795916</ymin>
      <xmax>595.9591836734694</xmax>
      <ymax>395.8367346938776</ymax>
    </bndbox>
  </object>
  <object>
    <name>lo</name>
    <pose/>
    <truncated/>
    <difficult/>
    <bndbox>
      <xmin>638.8163265306123</xmin>
      <ymin>18.285714285714334</ymin>
      <xmax>1185.7551020408164</xmax>
      <ymax>404.0</ymax>
    </bndbox>
  </object>
  <object>
    <name>be</name>
    <pose/>
    <truncated/>
    <difficult/>
    <bndbox>
      <xmin>1253.1020408163265</xmin>
      <ymin>24.408163265306143</ymin>
      <xmax>1683.7142857142858</xmax>
      <ymax>501.9591836734694</ymax>
    </bndbox>
  </object>
  <object>
    <name>n</name>
    <pose/>
    <truncated/>
    <difficult/>
    <bndbox>
      <xmin>1671.4693877551022</xmin>
      <ymin>57.061224489795904</ymin>
      <xmax>2034.734693877551</xmax>
      <ymax>363.1836734693878</ymax>
    </bndbox>
  </object>
  <object>
    <name>to</name>
    <pose/>
    <truncated/>
    <difficult/>
    <bndbox>
      <xmin>2079.6326530612246</xmin>
      <ymin>22.36734693877554</ymin>
      <xmax>2530.6530612244896</xmax>
      <ymax>536.6530612244899</ymax>
    </bndbox>
  </object>
  <object>
    <name>s</name>
    <pose/>
    <truncated/>
    <difficult/>
    <bndbox>
      <xmin>2579.6326530612246</xmin>
      <ymin>18.285714285714334</ymin>
      <xmax>2989.8367346938776</xmax>
      <ymax>361.1428571428571</ymax>
    </bndbox>
  </object>
</annotation>
