<annotation>
  <folder/>
  <filename>IMG_E1340.jpg</filename>
  <database/>
  <annotation/>
  <image/>
  <size>
    <height>2627</height>
    <width>2841</width>
    <depth>3</depth>
  </size>
  <segmented/>
  <object>
    <name>nya</name>
    <pose/>
    <truncated/>
    <difficult/>
    <bndbox>
      <xmin>129.28571428571422</xmin>
      <ymin>60.71428571428571</ymin>
      <xmax>677.8571428571427</xmax>
      <ymax>586.4285714285713</ymax>
    </bndbox>
  </object>
  <object>
    <name>ra</name>
    <pose/>
    <truncated/>
    <difficult/>
    <bndbox>
      <xmin>846.4285714285713</xmin>
      <ymin>129.28571428571428</ymin>
      <xmax>1363.5714285714284</xmax>
      <ymax>600.7142857142857</ymax>
    </bndbox>
  </object>
  <object>
    <name>sa</name>
    <pose/>
    <truncated/>
    <difficult/>
    <bndbox>
      <xmin>1497.8571428571427</xmin>
      <ymin>157.85714285714283</ymin>
      <xmax>2017.8571428571427</xmax>
      <ymax>643.5714285714286</ymax>
    </bndbox>
  </object>
  <object>
    <name>wa</name>
    <pose/>
    <truncated/>
    <difficult/>
    <bndbox>
      <xmin>2186.428571428571</xmin>
      <ymin>209.28571428571428</ymin>
      <xmax>2674.9999999999995</xmax>
      <ymax>669.2857142857142</ymax>
    </bndbox>
  </object>
  <object>
    <name>ja</name>
    <pose/>
    <truncated/>
    <difficult/>
    <bndbox>
      <xmin>174.9999999999999</xmin>
      <ymin>1377.8571428571427</ymin>
      <xmax>754.9999999999998</xmax>
      <ymax>1912.1428571428569</ymax>
    </bndbox>
  </object>
  <object>
    <name>ha</name>
    <pose/>
    <truncated/>
    <difficult/>
    <bndbox>
      <xmin>854.9999999999998</xmin>
      <ymin>1529.2857142857142</ymin>
      <xmax>1383.5714285714284</xmax>
      <ymax>2023.5714285714284</ymax>
    </bndbox>
  </object>
  <object>
    <name>b</name>
    <pose/>
    <truncated/>
    <difficult/>
    <bndbox>
      <xmin>1523.5714285714284</xmin>
      <ymin>1457.8571428571427</ymin>
      <xmax>1997.8571428571427</xmax>
      <ymax>2009.285714285714</ymax>
    </bndbox>
  </object>
  <object>
    <name>nga</name>
    <pose/>
    <truncated/>
    <difficult/>
    <bndbox>
      <xmin>2294.9999999999995</xmin>
      <ymin>1532.1428571428569</ymin>
      <xmax>2703.5714285714284</xmax>
      <ymax>1952.1428571428569</ymax>
    </bndbox>
  </object>
</annotation>
