<annotation>
  <folder/>
  <filename>IMG_E8774.jpg</filename>
  <database/>
  <annotation/>
  <image/>
  <size>
    <height>1259</height>
    <width>2934</width>
    <depth>3</depth>
  </size>
  <segmented/>
  <object>
    <name>te</name>
    <pose/>
    <truncated/>
    <difficult/>
    <bndbox>
      <xmin>51.7037037037037</xmin>
      <ymin>26.111111111111086</ymin>
      <xmax>503.55555555555554</xmax>
      <ymax>529.8148148148148</ymax>
    </bndbox>
  </object>
  <object>
    <name>r</name>
    <pose/>
    <truncated/>
    <difficult/>
    <bndbox>
      <xmin>601.7037037037037</xmin>
      <ymin>90.92592592592592</ymin>
      <xmax>1179.4814814814813</xmax>
      <ymax>579.8148148148148</ymax>
    </bndbox>
  </object>
  <object>
    <name>se</name>
    <pose/>
    <truncated/>
    <difficult/>
    <bndbox>
      <xmin>1259.111111111111</xmin>
      <ymin>77.96296296296293</ymin>
      <xmax>1657.2592592592591</xmax>
      <ymax>539.074074074074</ymax>
    </bndbox>
  </object>
  <object>
    <name>di</name>
    <pose/>
    <truncated/>
    <difficult/>
    <bndbox>
      <xmin>1772.074074074074</xmin>
      <ymin>66.85185185185185</ymin>
      <xmax>2316.5185185185182</xmax>
      <ymax>535.3703703703703</ymax>
    </bndbox>
  </object>
  <object>
    <name>a</name>
    <pose/>
    <truncated/>
    <difficult/>
    <bndbox>
      <xmin>2407.259259259259</xmin>
      <ymin>83.51851851851848</ymin>
      <xmax>2846.148148148148</xmax>
      <ymax>489.074074074074</ymax>
    </bndbox>
  </object>
</annotation>
