<annotation>
  <folder/>
  <filename>IMG_E1197.jpg</filename>
  <database/>
  <annotation/>
  <image/>
  <size>
    <height>2714</height>
    <width>2535</width>
    <depth>3</depth>
  </size>
  <segmented/>
  <object>
    <name>a</name>
    <pose/>
    <truncated/>
    <difficult/>
    <bndbox>
      <xmin>164.82352941176464</xmin>
      <ymin>55.882352941176464</ymin>
      <xmax>682.4705882352939</xmax>
      <ymax>547.0588235294117</ymax>
    </bndbox>
  </object>
  <object>
    <name>ga</name>
    <pose/>
    <truncated/>
    <difficult/>
    <bndbox>
      <xmin>967.7647058823527</xmin>
      <ymin>144.1176470588235</ymin>
      <xmax>1535.411764705882</xmax>
      <ymax>532.3529411764705</ymax>
    </bndbox>
  </object>
  <object>
    <name>ha</name>
    <pose/>
    <truncated/>
    <difficult/>
    <bndbox>
      <xmin>1644.2352941176468</xmin>
      <ymin>120.58823529411764</ymin>
      <xmax>2288.3529411764703</xmax>
      <ymax>550.0</ymax>
    </bndbox>
  </object>
  <object>
    <name>sa</name>
    <pose/>
    <truncated/>
    <difficult/>
    <bndbox>
      <xmin>250.11764705882342</xmin>
      <ymin>1373.5294117647059</ymin>
      <xmax>864.8235294117646</xmax>
      <ymax>1944.1176470588234</ymax>
    </bndbox>
  </object>
  <object>
    <name>ja</name>
    <pose/>
    <truncated/>
    <difficult/>
    <bndbox>
      <xmin>1179.5294117647059</xmin>
      <ymin>1379.4117647058822</ymin>
      <xmax>1597.1764705882351</xmax>
      <ymax>1973.5294117647056</ymax>
    </bndbox>
  </object>
  <object>
    <name>la</name>
    <pose/>
    <truncated/>
    <difficult/>
    <bndbox>
      <xmin>1853.0588235294117</xmin>
      <ymin>1485.2941176470588</ymin>
      <xmax>2432.4705882352937</xmax>
      <ymax>1920.5882352941176</ymax>
    </bndbox>
  </object>
</annotation>
