<annotation>
  <folder/>
  <filename>IMG_20200523_152028.jpg</filename>
  <database/>
  <annotation/>
  <image/>
  <size>
    <height>1095</height>
    <width>1244</width>
    <depth>3</depth>
  </size>
  <segmented/>
  <object>
    <name>nga</name>
    <pose/>
    <truncated/>
    <difficult/>
    <bndbox>
      <xmin>199.625</xmin>
      <ymin>51.5625</ymin>
      <xmax>434.0</xmax>
      <ymax>253.125</ymax>
    </bndbox>
  </object>
  <object>
    <name>nya</name>
    <pose/>
    <truncated/>
    <difficult/>
    <bndbox>
      <xmin>569.9375</xmin>
      <ymin>60.9375</ymin>
      <xmax>796.5</xmax>
      <ymax>218.75</ymax>
    </bndbox>
  </object>
  <object>
    <name>sa</name>
    <pose/>
    <truncated/>
    <difficult/>
    <bndbox>
      <xmin>974.625</xmin>
      <ymin>64.0625</ymin>
      <xmax>1176.1875</xmax>
      <ymax>240.625</ymax>
    </bndbox>
  </object>
  <object>
    <name>na</name>
    <pose/>
    <truncated/>
    <difficult/>
    <bndbox>
      <xmin>116.8125</xmin>
      <ymin>646.875</ymin>
      <xmax>376.1875</xmax>
      <ymax>800.0</ymax>
    </bndbox>
  </object>
  <object>
    <name>wa</name>
    <pose/>
    <truncated/>
    <difficult/>
    <bndbox>
      <xmin>504.3125</xmin>
      <ymin>651.5625</ymin>
      <xmax>726.1875</xmax>
      <ymax>792.1875</ymax>
    </bndbox>
  </object>
  <object>
    <name>la</name>
    <pose/>
    <truncated/>
    <difficult/>
    <bndbox>
      <xmin>949.625</xmin>
      <ymin>650.0</ymin>
      <xmax>1159.0</xmax>
      <ymax>803.125</ymax>
    </bndbox>
  </object>
</annotation>
