<annotation>
  <folder/>
  <filename>IMG_E1020.jpg</filename>
  <database/>
  <annotation/>
  <image/>
  <size>
    <height>1079</height>
    <width>2711</width>
    <depth>3</depth>
  </size>
  <segmented/>
  <object>
    <name>ba</name>
    <pose/>
    <truncated/>
    <difficult/>
    <bndbox>
      <xmin>38.403508771929815</xmin>
      <ymin>96.66666666666663</ymin>
      <xmax>448.92982456140345</xmax>
      <ymax>351.0526315789473</ymax>
    </bndbox>
  </object>
  <object>
    <name>ja</name>
    <pose/>
    <truncated/>
    <difficult/>
    <bndbox>
      <xmin>513.8421052631578</xmin>
      <ymin>108.9473684210526</ymin>
      <xmax>887.5263157894735</xmax>
      <ymax>387.8947368421052</ymax>
    </bndbox>
  </object>
  <object>
    <name>nga</name>
    <pose/>
    <truncated/>
    <difficult/>
    <bndbox>
      <xmin>1001.5614035087717</xmin>
      <ymin>110.70175438596488</ymin>
      <xmax>1261.2105263157894</xmax>
      <ymax>401.9298245614034</ymax>
    </bndbox>
  </object>
  <object>
    <name>pa</name>
    <pose/>
    <truncated/>
    <difficult/>
    <bndbox>
      <xmin>1352.4385964912278</xmin>
      <ymin>173.85964912280696</ymin>
      <xmax>1664.7192982456138</xmax>
      <ymax>382.6315789473683</ymax>
    </bndbox>
  </object>
  <object>
    <name>ma</name>
    <pose/>
    <truncated/>
    <difficult/>
    <bndbox>
      <xmin>1712.0877192982455</xmin>
      <ymin>145.78947368421046</ymin>
      <xmax>2127.877192982456</xmax>
      <ymax>417.7192982456139</ymax>
    </bndbox>
  </object>
  <object>
    <name>nya</name>
    <pose/>
    <truncated/>
    <difficult/>
    <bndbox>
      <xmin>2226.1228070175434</xmin>
      <ymin>131.75438596491222</ymin>
      <xmax>2610.333333333333</xmax>
      <ymax>454.56140350877183</ymax>
    </bndbox>
  </object>
</annotation>
