<annotation>
  <folder/>
  <filename>IMG_E1356.jpg</filename>
  <database/>
  <annotation/>
  <image/>
  <size>
    <height>2924</height>
    <width>2604</width>
    <depth>3</depth>
  </size>
  <segmented/>
  <object>
    <name>pa</name>
    <pose/>
    <truncated/>
    <difficult/>
    <bndbox>
      <xmin>112.16129032258073</xmin>
      <ymin>141.74193548387098</ymin>
      <xmax>608.9354838709678</xmax>
      <ymax>496.58064516129036</ymax>
    </bndbox>
  </object>
  <object>
    <name>nga</name>
    <pose/>
    <truncated/>
    <difficult/>
    <bndbox>
      <xmin>792.8064516129032</xmin>
      <ymin>38.516129032258064</ymin>
      <xmax>1308.9354838709678</xmax>
      <ymax>477.2258064516129</ymax>
    </bndbox>
  </object>
  <object>
    <name>ha</name>
    <pose/>
    <truncated/>
    <difficult/>
    <bndbox>
      <xmin>1512.1612903225805</xmin>
      <ymin>106.25806451612902</ymin>
      <xmax>1957.3225806451615</xmax>
      <ymax>525.6129032258065</ymax>
    </bndbox>
  </object>
  <object>
    <name>da</name>
    <pose/>
    <truncated/>
    <difficult/>
    <bndbox>
      <xmin>2108.935483870968</xmin>
      <ymin>67.54838709677419</ymin>
      <xmax>2557.3225806451615</xmax>
      <ymax>567.5483870967741</ymax>
    </bndbox>
  </object>
  <object>
    <name>da</name>
    <pose/>
    <truncated/>
    <difficult/>
    <bndbox>
      <xmin>147.64516129032268</xmin>
      <ymin>1422.3870967741937</ymin>
      <xmax>712.1612903225807</xmax>
      <ymax>1867.5483870967741</ymax>
    </bndbox>
  </object>
  <object>
    <name>ya</name>
    <pose/>
    <truncated/>
    <difficult/>
    <bndbox>
      <xmin>950.8709677419356</xmin>
      <ymin>1451.4193548387098</ymin>
      <xmax>1496.032258064516</xmax>
      <ymax>1809.483870967742</ymax>
    </bndbox>
  </object>
  <object>
    <name>nya</name>
    <pose/>
    <truncated/>
    <difficult/>
    <bndbox>
      <xmin>1702.483870967742</xmin>
      <ymin>1315.9354838709678</ymin>
      <xmax>2208.935483870968</xmax>
      <ymax>1935.2903225806451</ymax>
    </bndbox>
  </object>
</annotation>
