<annotation>
  <folder/>
  <filename>IMG_20200504_200157.jpg</filename>
  <database/>
  <annotation/>
  <image/>
  <size>
    <height>1778</height>
    <width>2110</width>
    <depth>3</depth>
  </size>
  <segmented/>
  <object>
    <name>nang</name>
    <pose/>
    <truncated/>
    <difficult/>
    <bndbox>
      <xmin>109.76923076923077</xmin>
      <ymin>85.23076923076923</ymin>
      <xmax>432.8461538461538</xmax>
      <ymax>244.84615384615384</ymax>
    </bndbox>
  </object>
  <object>
    <name>pe</name>
    <pose/>
    <truncated/>
    <difficult/>
    <bndbox>
      <xmin>527.0769230769231</xmin>
      <ymin>91.0</ymin>
      <xmax>779.0</xmax>
      <ymax>200.6153846153846</ymax>
    </bndbox>
  </object>
  <object>
    <name>ro</name>
    <pose/>
    <truncated/>
    <difficult/>
    <bndbox>
      <xmin>967.4615384615383</xmin>
      <ymin>191.0</ymin>
      <xmax>1319.3846153846152</xmax>
      <ymax>321.7692307692308</ymax>
    </bndbox>
  </object>
  <object>
    <name>a</name>
    <pose/>
    <truncated/>
    <difficult/>
    <bndbox>
      <xmin>1415.5384615384614</xmin>
      <ymin>194.84615384615384</ymin>
      <xmax>1769.3846153846152</xmax>
      <ymax>316.0</ymax>
    </bndbox>
  </object>
  <object>
    <name>ho</name>
    <pose/>
    <truncated/>
    <difficult/>
    <bndbox>
      <xmin>61.69230769230768</xmin>
      <ymin>458.30769230769226</ymin>
      <xmax>402.0769230769231</xmax>
      <ymax>683.3076923076923</ymax>
    </bndbox>
  </object>
  <object>
    <name>to</name>
    <pose/>
    <truncated/>
    <difficult/>
    <bndbox>
      <xmin>584.7692307692307</xmin>
      <ymin>491.0</ymin>
      <xmax>852.0769230769231</xmax>
      <ymax>735.2307692307692</ymax>
    </bndbox>
  </object>
  <object>
    <name>ng</name>
    <pose/>
    <truncated/>
    <difficult/>
    <bndbox>
      <xmin>1071.3076923076922</xmin>
      <ymin>567.9230769230769</ymin>
      <xmax>1400.1538461538462</xmax>
      <ymax>794.8461538461538</ymax>
    </bndbox>
  </object>
  <object>
    <name>do</name>
    <pose/>
    <truncated/>
    <difficult/>
    <bndbox>
      <xmin>1567.4615384615383</xmin>
      <ymin>585.2307692307692</ymin>
      <xmax>1969.3846153846152</xmax>
      <ymax>862.1538461538461</ymax>
    </bndbox>
  </object>
  <object>
    <name>ho</name>
    <pose/>
    <truncated/>
    <difficult/>
    <bndbox>
      <xmin>29.0</xmin>
      <ymin>1006.3846153846154</ymin>
      <xmax>311.6923076923076</xmax>
      <ymax>1252.5384615384614</ymax>
    </bndbox>
  </object>
  <object>
    <name>lo</name>
    <pose/>
    <truncated/>
    <difficult/>
    <bndbox>
      <xmin>555.9230769230769</xmin>
      <ymin>1033.3076923076924</ymin>
      <xmax>980.9230769230769</xmax>
      <ymax>1258.3076923076924</ymax>
    </bndbox>
  </object>
  <object>
    <name>ng</name>
    <pose/>
    <truncated/>
    <difficult/>
    <bndbox>
      <xmin>1054.0</xmin>
      <ymin>1064.076923076923</ymin>
      <xmax>1475.1538461538462</xmax>
      <ymax>1308.3076923076922</ymax>
    </bndbox>
  </object>
  <object>
    <name>ro</name>
    <pose/>
    <truncated/>
    <difficult/>
    <bndbox>
      <xmin>1627.076923076923</xmin>
      <ymin>1167.923076923077</ymin>
      <xmax>2032.8461538461538</xmax>
      <ymax>1377.5384615384614</ymax>
    </bndbox>
  </object>
  <object>
    <name>ha</name>
    <pose/>
    <truncated/>
    <difficult/>
    <bndbox>
      <xmin>9.769230769230774</xmin>
      <ymin>1425.6153846153845</ymin>
      <xmax>213.61538461538464</xmax>
      <ymax>1627.5384615384614</ymax>
    </bndbox>
  </object>
  <object>
    <name>hu</name>
    <pose/>
    <truncated/>
    <difficult/>
    <bndbox>
      <xmin>594.3846153846154</xmin>
      <ymin>1500.6153846153845</ymin>
      <xmax>871.3076923076924</xmax>
      <ymax>1685.2307692307693</ymax>
    </bndbox>
  </object>
</annotation>
