<annotation>
  <folder/>
  <filename>IMG_E0658.jpg</filename>
  <database/>
  <annotation/>
  <image/>
  <size>
    <height>2884</height>
    <width>2438</width>
    <depth>3</depth>
  </size>
  <segmented/>
  <object>
    <name>la</name>
    <pose/>
    <truncated/>
    <difficult/>
    <bndbox>
      <xmin>44.375</xmin>
      <ymin>46.875</ymin>
      <xmax>510.0</xmax>
      <ymax>337.5</ymax>
    </bndbox>
  </object>
  <object>
    <name>ba</name>
    <pose/>
    <truncated/>
    <difficult/>
    <bndbox>
      <xmin>722.5</xmin>
      <ymin>75.0</ymin>
      <xmax>1169.375</xmax>
      <ymax>393.75</ymax>
    </bndbox>
  </object>
  <object>
    <name>na</name>
    <pose/>
    <truncated/>
    <difficult/>
    <bndbox>
      <xmin>1281.875</xmin>
      <ymin>143.75</ymin>
      <xmax>1660.0</xmax>
      <ymax>478.125</ymax>
    </bndbox>
  </object>
  <object>
    <name>ta</name>
    <pose/>
    <truncated/>
    <difficult/>
    <bndbox>
      <xmin>1878.75</xmin>
      <ymin>128.125</ymin>
      <xmax>2219.375</xmax>
      <ymax>543.75</ymax>
    </bndbox>
  </object>
  <object>
    <name>nya</name>
    <pose/>
    <truncated/>
    <difficult/>
    <bndbox>
      <xmin>144.375</xmin>
      <ymin>1409.375</ymin>
      <xmax>575.625</xmax>
      <ymax>1862.5</ymax>
    </bndbox>
  </object>
  <object>
    <name>sa</name>
    <pose/>
    <truncated/>
    <difficult/>
    <bndbox>
      <xmin>850.625</xmin>
      <ymin>1437.5</ymin>
      <xmax>1291.25</xmax>
      <ymax>1909.375</ymax>
    </bndbox>
  </object>
  <object>
    <name>ha</name>
    <pose/>
    <truncated/>
    <difficult/>
    <bndbox>
      <xmin>1475.625</xmin>
      <ymin>1450.0</ymin>
      <xmax>1866.25</xmax>
      <ymax>1918.75</ymax>
    </bndbox>
  </object>
  <object>
    <name>ja</name>
    <pose/>
    <truncated/>
    <difficult/>
    <bndbox>
      <xmin>1981.875</xmin>
      <ymin>1581.25</ymin>
      <xmax>2413.125</xmax>
      <ymax>2003.125</ymax>
    </bndbox>
  </object>
</annotation>
