<annotation>
  <folder/>
  <filename>IMG_E8987.jpg</filename>
  <database/>
  <annotation/>
  <image/>
  <size>
    <height>1196</height>
    <width>3024</width>
    <depth>3</depth>
  </size>
  <segmented/>
  <object>
    <name>hi</name>
    <pose/>
    <truncated/>
    <difficult/>
    <bndbox>
      <xmin>142.89795918367346</xmin>
      <ymin>98.0612244897959</ymin>
      <xmax>751.0612244897959</xmax>
      <ymax>526.6326530612245</ymax>
    </bndbox>
  </object>
  <object>
    <name>pe</name>
    <pose/>
    <truncated/>
    <difficult/>
    <bndbox>
      <xmin>802.0816326530612</xmin>
      <ymin>110.30612244897958</ymin>
      <xmax>1285.7551020408164</xmax>
      <ymax>455.20408163265313</ymax>
    </bndbox>
  </object>
  <object>
    <name>r</name>
    <pose/>
    <truncated/>
    <difficult/>
    <bndbox>
      <xmin>1355.142857142857</xmin>
      <ymin>81.73469387755102</ymin>
      <xmax>1830.6530612244899</xmax>
      <ymax>406.22448979591843</ymax>
    </bndbox>
  </object>
  <object>
    <name>to</name>
    <pose/>
    <truncated/>
    <difficult/>
    <bndbox>
      <xmin>1955.142857142857</xmin>
      <ymin>65.40816326530614</ymin>
      <xmax>2444.9387755102043</xmax>
      <ymax>496.0204081632653</ymax>
    </bndbox>
  </object>
  <object>
    <name>pi</name>
    <pose/>
    <truncated/>
    <difficult/>
    <bndbox>
      <xmin>2506.1632653061224</xmin>
      <ymin>77.65306122448982</ymin>
      <xmax>2940.857142857143</xmax>
      <ymax>661.3265306122449</ymax>
    </bndbox>
  </object>
</annotation>
