<annotation>
  <folder/>
  <filename>IMG_E9050.jpg</filename>
  <database/>
  <annotation/>
  <image/>
  <size>
    <height>1336</height>
    <width>3024</width>
    <depth>3</depth>
  </size>
  <segmented/>
  <object>
    <name>se</name>
    <pose/>
    <truncated/>
    <difficult/>
    <bndbox>
      <xmin>122.48979591836735</xmin>
      <ymin>45.612244897959215</ymin>
      <xmax>577.5918367346939</xmax>
      <ymax>476.22448979591843</ymax>
    </bndbox>
  </object>
  <object>
    <name>wi</name>
    <pose/>
    <truncated/>
    <difficult/>
    <bndbox>
      <xmin>804.1224489795918</xmin>
      <ymin>184.38775510204084</ymin>
      <xmax>1349.0204081632653</xmax>
      <ymax>478.26530612244903</ymax>
    </bndbox>
  </object>
  <object>
    <name>t</name>
    <pose/>
    <truncated/>
    <difficult/>
    <bndbox>
      <xmin>1626.5714285714287</xmin>
      <ymin>125.20408163265307</ymin>
      <xmax>2191.877551020408</xmax>
      <ymax>531.3265306122449</ymax>
    </bndbox>
  </object>
  <object>
    <name>h</name>
    <pose/>
    <truncated/>
    <difficult/>
    <bndbox>
      <xmin>2377.591836734694</xmin>
      <ymin>135.40816326530614</ymin>
      <xmax>2889.8367346938776</xmax>
      <ymax>600.7142857142858</ymax>
    </bndbox>
  </object>
</annotation>
