<annotation>
  <folder/>
  <filename>IMG_20200506_101330.jpg</filename>
  <database/>
  <annotation/>
  <image/>
  <size>
    <height>1732</height>
    <width>2978</width>
    <depth>3</depth>
  </size>
  <segmented/>
  <object>
    <name>d</name>
    <pose/>
    <truncated/>
    <difficult/>
    <bndbox>
      <xmin>223.9795918367347</xmin>
      <ymin>8.91836734693878</ymin>
      <xmax>768.8775510204082</xmax>
      <ymax>315.0408163265306</ymax>
    </bndbox>
  </object>
  <object>
    <name>g</name>
    <pose/>
    <truncated/>
    <difficult/>
    <bndbox>
      <xmin>1228.061224489796</xmin>
      <ymin>94.63265306122449</ymin>
      <xmax>1679.0816326530612</xmax>
      <ymax>359.9387755102041</ymax>
    </bndbox>
  </object>
  <object>
    <name>w</name>
    <pose/>
    <truncated/>
    <difficult/>
    <bndbox>
      <xmin>2079.081632653061</xmin>
      <ymin>161.9795918367347</ymin>
      <xmax>2528.061224489796</xmax>
      <ymax>421.16326530612247</ymax>
    </bndbox>
  </object>
  <object>
    <name>j</name>
    <pose/>
    <truncated/>
    <difficult/>
    <bndbox>
      <xmin>217.85714285714286</xmin>
      <ymin>1186.4693877551022</ymin>
      <xmax>687.2448979591837</xmax>
      <ymax>1394.6326530612246</ymax>
    </bndbox>
  </object>
  <object>
    <name>ny</name>
    <pose/>
    <truncated/>
    <difficult/>
    <bndbox>
      <xmin>1158.6734693877552</xmin>
      <ymin>1182.3877551020407</ymin>
      <xmax>1605.6122448979593</xmax>
      <ymax>1470.142857142857</ymax>
    </bndbox>
  </object>
  <object>
    <name>y</name>
    <pose/>
    <truncated/>
    <difficult/>
    <bndbox>
      <xmin>1993.3673469387757</xmin>
      <ymin>1125.2448979591836</ymin>
      <xmax>2632.1428571428573</xmax>
      <ymax>1417.0816326530612</ymax>
    </bndbox>
  </object>
</annotation>
