<annotation>
  <folder/>
  <filename>IMG_20200523_114527.jpg</filename>
  <database/>
  <annotation/>
  <image/>
  <size>
    <height>1912</height>
    <width>2862</width>
    <depth>3</depth>
  </size>
  <segmented/>
  <object>
    <name>sa</name>
    <pose/>
    <truncated/>
    <difficult/>
    <bndbox>
      <xmin>64.83333333333337</xmin>
      <ymin>28.333333333333336</ymin>
      <xmax>471.08333333333337</xmax>
      <ymax>353.33333333333337</ymax>
    </bndbox>
  </object>
  <object>
    <name>ra</name>
    <pose/>
    <truncated/>
    <difficult/>
    <bndbox>
      <xmin>1116.9166666666667</xmin>
      <ymin>15.833333333333336</ymin>
      <xmax>1604.4166666666667</xmax>
      <ymax>411.6666666666667</ymax>
    </bndbox>
  </object>
  <object>
    <name>sa</name>
    <pose/>
    <truncated/>
    <difficult/>
    <bndbox>
      <xmin>1966.916666666667</xmin>
      <ymin>59.58333333333334</ymin>
      <xmax>2394.0</xmax>
      <ymax>470.0</ymax>
    </bndbox>
  </object>
  <object>
    <name>ba</name>
    <pose/>
    <truncated/>
    <difficult/>
    <bndbox>
      <xmin>50.25</xmin>
      <ymin>1057.5</ymin>
      <xmax>391.91666666666674</xmax>
      <ymax>1342.9166666666667</ymax>
    </bndbox>
  </object>
  <object>
    <name>da</name>
    <pose/>
    <truncated/>
    <difficult/>
    <bndbox>
      <xmin>1060.6666666666667</xmin>
      <ymin>1067.9166666666667</ymin>
      <xmax>1414.8333333333335</xmax>
      <ymax>1353.3333333333335</ymax>
    </bndbox>
  </object>
  <object>
    <name>ha</name>
    <pose/>
    <truncated/>
    <difficult/>
    <bndbox>
      <xmin>1994.0</xmin>
      <ymin>1005.4166666666667</ymin>
      <xmax>2414.8333333333335</xmax>
      <ymax>1357.5</ymax>
    </bndbox>
  </object>
</annotation>
