<annotation>
  <folder/>
  <filename>IMG_E0927.jpg</filename>
  <database/>
  <annotation/>
  <image/>
  <size>
    <height>2894</height>
    <width>2267</width>
    <depth>3</depth>
  </size>
  <segmented/>
  <object>
    <name>nga</name>
    <pose/>
    <truncated/>
    <difficult/>
    <bndbox>
      <xmin>146.61290322580658</xmin>
      <ymin>117.06451612903226</ymin>
      <xmax>633.7096774193549</xmax>
      <ymax>571.9032258064516</ymax>
    </bndbox>
  </object>
  <object>
    <name>pa</name>
    <pose/>
    <truncated/>
    <difficult/>
    <bndbox>
      <xmin>795.0</xmin>
      <ymin>255.77419354838707</ymin>
      <xmax>1253.0645161290322</xmax>
      <ymax>468.6774193548387</ymax>
    </bndbox>
  </object>
  <object>
    <name>sa</name>
    <pose/>
    <truncated/>
    <difficult/>
    <bndbox>
      <xmin>1495.0</xmin>
      <ymin>133.19354838709677</ymin>
      <xmax>1933.7096774193546</xmax>
      <ymax>607.3870967741935</ymax>
    </bndbox>
  </object>
  <object>
    <name>wa</name>
    <pose/>
    <truncated/>
    <difficult/>
    <bndbox>
      <xmin>146.61290322580658</xmin>
      <ymin>1588.032258064516</ymin>
      <xmax>646.6129032258063</xmax>
      <ymax>1981.5806451612902</ymax>
    </bndbox>
  </object>
  <object>
    <name>ra</name>
    <pose/>
    <truncated/>
    <difficult/>
    <bndbox>
      <xmin>943.3870967741937</xmin>
      <ymin>1649.3225806451612</ymin>
      <xmax>1404.6774193548385</xmax>
      <ymax>2010.6129032258063</ymax>
    </bndbox>
  </object>
  <object>
    <name>ya</name>
    <pose/>
    <truncated/>
    <difficult/>
    <bndbox>
      <xmin>1614.3548387096776</xmin>
      <ymin>1604.1612903225807</ymin>
      <xmax>2162.741935483871</xmax>
      <ymax>2062.2258064516127</ymax>
    </bndbox>
  </object>
</annotation>
