<annotation>
  <folder/>
  <filename>IMG_E0707.jpg</filename>
  <database/>
  <annotation/>
  <image/>
  <size>
    <height>1370</height>
    <width>3816</width>
    <depth>3</depth>
  </size>
  <segmented/>
  <object>
    <name>la</name>
    <pose/>
    <truncated/>
    <difficult/>
    <bndbox>
      <xmin>35.34146341463414</xmin>
      <ymin>289.2682926829268</ymin>
      <xmax>469.48780487804873</xmax>
      <ymax>545.3658536585365</ymax>
    </bndbox>
  </object>
  <object>
    <name>da</name>
    <pose/>
    <truncated/>
    <difficult/>
    <bndbox>
      <xmin>701.1951219512194</xmin>
      <ymin>255.1219512195122</ymin>
      <xmax>1059.7317073170732</xmax>
      <ymax>564.8780487804877</ymax>
    </bndbox>
  </object>
  <object>
    <name>pa</name>
    <pose/>
    <truncated/>
    <difficult/>
    <bndbox>
      <xmin>1240.2195121951218</xmin>
      <ymin>320.97560975609747</ymin>
      <xmax>1596.3170731707316</xmax>
      <ymax>520.9756097560975</ymax>
    </bndbox>
  </object>
  <object>
    <name>ta</name>
    <pose/>
    <truncated/>
    <difficult/>
    <bndbox>
      <xmin>1791.4390243902437</xmin>
      <ymin>245.36585365853648</ymin>
      <xmax>2142.6585365853657</xmax>
      <ymax>572.1951219512194</ymax>
    </bndbox>
  </object>
  <object>
    <name>na</name>
    <pose/>
    <truncated/>
    <difficult/>
    <bndbox>
      <xmin>2467.048780487805</xmin>
      <ymin>350.2439024390243</ymin>
      <xmax>2867.048780487805</xmax>
      <ymax>630.7317073170732</ymax>
    </bndbox>
  </object>
  <object>
    <name>ja</name>
    <pose/>
    <truncated/>
    <difficult/>
    <bndbox>
      <xmin>3152.414634146341</xmin>
      <ymin>303.9024390243902</ymin>
      <xmax>3596.3170731707314</xmax>
      <ymax>647.8048780487804</ymax>
    </bndbox>
  </object>
</annotation>
