<annotation>
  <folder/>
  <filename>IMG_E1557.jpg</filename>
  <database/>
  <annotation/>
  <image/>
  <size>
    <height>2728</height>
    <width>2017</width>
    <depth>3</depth>
  </size>
  <segmented/>
  <object>
    <name>ta</name>
    <pose/>
    <truncated/>
    <difficult/>
    <bndbox>
      <xmin>8.848484848484759</xmin>
      <ymin>172.06060606060606</ymin>
      <xmax>463.39393939393926</xmax>
      <ymax>720.5454545454545</ymax>
    </bndbox>
  </object>
  <object>
    <name>wa</name>
    <pose/>
    <truncated/>
    <difficult/>
    <bndbox>
      <xmin>687.6363636363635</xmin>
      <ymin>262.96969696969694</ymin>
      <xmax>1296.7272727272725</xmax>
      <ymax>705.3939393939394</ymax>
    </bndbox>
  </object>
  <object>
    <name>sa</name>
    <pose/>
    <truncated/>
    <difficult/>
    <bndbox>
      <xmin>1460.363636363636</xmin>
      <ymin>205.39393939393938</ymin>
      <xmax>1927.030303030303</xmax>
      <ymax>784.1818181818181</ymax>
    </bndbox>
  </object>
  <object>
    <name>ja</name>
    <pose/>
    <truncated/>
    <difficult/>
    <bndbox>
      <xmin>248.24242424242425</xmin>
      <ymin>1659.9393939393938</ymin>
      <xmax>866.4242424242425</xmax>
      <ymax>2147.8181818181815</ymax>
    </bndbox>
  </object>
  <object>
    <name>ga</name>
    <pose/>
    <truncated/>
    <difficult/>
    <bndbox>
      <xmin>1020.969696969697</xmin>
      <ymin>1750.8484848484848</ymin>
      <xmax>1554.30303030303</xmax>
      <ymax>2099.333333333333</ymax>
    </bndbox>
  </object>
  <object>
    <name>na</name>
    <pose/>
    <truncated/>
    <difficult/>
    <bndbox>
      <xmin>1572.4848484848485</xmin>
      <ymin>1772.060606060606</ymin>
      <xmax>2016</xmax>
      <ymax>2051</ymax>
    </bndbox>
  </object>
</annotation>
