<annotation>
  <folder/>
  <filename>IMG_E1425.jpg</filename>
  <database/>
  <annotation/>
  <image/>
  <size>
    <height>2807</height>
    <width>2798</width>
    <depth>3</depth>
  </size>
  <segmented/>
  <object>
    <name>ma</name>
    <pose/>
    <truncated/>
    <difficult/>
    <bndbox>
      <xmin>65.0</xmin>
      <ymin>121.375</ymin>
      <xmax>708.75</xmax>
      <ymax>493.25</ymax>
    </bndbox>
  </object>
  <object>
    <name>ha</name>
    <pose/>
    <truncated/>
    <difficult/>
    <bndbox>
      <xmin>986.875</xmin>
      <ymin>77.625</ymin>
      <xmax>1561.875</xmax>
      <ymax>602.625</ymax>
    </bndbox>
  </object>
  <object>
    <name>nga</name>
    <pose/>
    <truncated/>
    <difficult/>
    <bndbox>
      <xmin>1743.125</xmin>
      <ymin>115.125</ymin>
      <xmax>2299.375</xmax>
      <ymax>574.5</ymax>
    </bndbox>
  </object>
  <object>
    <name>sa</name>
    <pose/>
    <truncated/>
    <difficult/>
    <bndbox>
      <xmin>255.625</xmin>
      <ymin>1499.5</ymin>
      <xmax>858.75</xmax>
      <ymax>2112.0</ymax>
    </bndbox>
  </object>
  <object>
    <name>ja</name>
    <pose/>
    <truncated/>
    <difficult/>
    <bndbox>
      <xmin>1133.75</xmin>
      <ymin>1555.75</ymin>
      <xmax>1893.125</xmax>
      <ymax>2027.625</ymax>
    </bndbox>
  </object>
  <object>
    <name>wa</name>
    <pose/>
    <truncated/>
    <difficult/>
    <bndbox>
      <xmin>2040.0</xmin>
      <ymin>1602.625</ymin>
      <xmax>2655.625</xmax>
      <ymax>1999.5</ymax>
    </bndbox>
  </object>
</annotation>
