<annotation>
  <folder/>
  <filename>IMG_E1169.jpg</filename>
  <database/>
  <annotation/>
  <image/>
  <size>
    <height>1027</height>
    <width>2888</width>
    <depth>3</depth>
  </size>
  <segmented/>
  <object>
    <name>sa</name>
    <pose/>
    <truncated/>
    <difficult/>
    <bndbox>
      <xmin>46.407407407407405</xmin>
      <ymin>164.55555555555554</ymin>
      <xmax>361.2222222222222</xmax>
      <ymax>496.03703703703695</ymax>
    </bndbox>
  </object>
  <object>
    <name>a</name>
    <pose/>
    <truncated/>
    <difficult/>
    <bndbox>
      <xmin>540.8518518518518</xmin>
      <ymin>205.2962962962963</ymin>
      <xmax>918.6296296296296</xmax>
      <ymax>514.5555555555555</ymax>
    </bndbox>
  </object>
  <object>
    <name>la</name>
    <pose/>
    <truncated/>
    <difficult/>
    <bndbox>
      <xmin>1087.148148148148</xmin>
      <ymin>192.33333333333326</ymin>
      <xmax>1485.2962962962963</xmax>
      <ymax>499.74074074074065</ymax>
    </bndbox>
  </object>
  <object>
    <name>ha</name>
    <pose/>
    <truncated/>
    <difficult/>
    <bndbox>
      <xmin>1574.185185185185</xmin>
      <ymin>196.03703703703695</ymin>
      <xmax>1950.111111111111</xmax>
      <ymax>440.4814814814814</ymax>
    </bndbox>
  </object>
  <object>
    <name>ma</name>
    <pose/>
    <truncated/>
    <difficult/>
    <bndbox>
      <xmin>2001.9629629629628</xmin>
      <ymin>179.37037037037032</ymin>
      <xmax>2383.4444444444443</xmax>
      <ymax>444.1851851851851</ymax>
    </bndbox>
  </object>
  <object>
    <name>ga</name>
    <pose/>
    <truncated/>
    <difficult/>
    <bndbox>
      <xmin>2481.5925925925926</xmin>
      <ymin>164.55555555555554</ymin>
      <xmax>2829.7407407407404</xmax>
      <ymax>442.33333333333326</ymax>
    </bndbox>
  </object>
</annotation>
