<annotation>
  <folder/>
  <filename>IMG_20200522_193036.jpg</filename>
  <database/>
  <annotation/>
  <image/>
  <size>
    <height>1279</height>
    <width>2218</width>
    <depth>3</depth>
  </size>
  <segmented/>
  <object>
    <name>nga</name>
    <pose/>
    <truncated/>
    <difficult/>
    <bndbox>
      <xmin>39.857142857142854</xmin>
      <ymin>5.285714285714285</ymin>
      <xmax>304.1428571428571</xmax>
      <ymax>188.1428571428571</ymax>
    </bndbox>
  </object>
  <object>
    <name>nya</name>
    <pose/>
    <truncated/>
    <difficult/>
    <bndbox>
      <xmin>988.4285714285713</xmin>
      <ymin>10.999999999999996</ymin>
      <xmax>1234.142857142857</xmax>
      <ymax>155.28571428571428</ymax>
    </bndbox>
  </object>
  <object>
    <name>nga</name>
    <pose/>
    <truncated/>
    <difficult/>
    <bndbox>
      <xmin>1958.4285714285713</xmin>
      <ymin>53.85714285714285</ymin>
      <xmax>2142.7142857142853</xmax>
      <ymax>213.85714285714283</ymax>
    </bndbox>
  </object>
  <object>
    <name>ya</name>
    <pose/>
    <truncated/>
    <difficult/>
    <bndbox>
      <xmin>12.714285714285712</xmin>
      <ymin>719.5714285714286</ymin>
      <xmax>248.4285714285714</xmax>
      <ymax>856.7142857142857</ymax>
    </bndbox>
  </object>
  <object>
    <name>wa</name>
    <pose/>
    <truncated/>
    <difficult/>
    <bndbox>
      <xmin>916.9999999999999</xmin>
      <ymin>726.7142857142857</ymin>
      <xmax>1215.5714285714284</xmax>
      <ymax>933.8571428571428</ymax>
    </bndbox>
  </object>
  <object>
    <name>ha</name>
    <pose/>
    <truncated/>
    <difficult/>
    <bndbox>
      <xmin>1916.9999999999998</xmin>
      <ymin>799.5714285714284</ymin>
      <xmax>2119.8571428571427</xmax>
      <ymax>980.9999999999999</ymax>
    </bndbox>
  </object>
</annotation>
