<annotation>
  <folder/>
  <filename>IMG_E1753.jpg</filename>
  <database/>
  <annotation/>
  <image/>
  <size>
    <height>3075</height>
    <width>2530</width>
    <depth>3</depth>
  </size>
  <segmented/>
  <object>
    <name>nga</name>
    <pose/>
    <truncated/>
    <difficult/>
    <bndbox>
      <xmin>72.0</xmin>
      <ymin>70.0</ymin>
      <xmax>568.6666666666667</xmax>
      <ymax>510.0</ymax>
    </bndbox>
  </object>
  <object>
    <name>na</name>
    <pose/>
    <truncated/>
    <difficult/>
    <bndbox>
      <xmin>768.666666666667</xmin>
      <ymin>210.0</ymin>
      <xmax>1328.666666666667</xmax>
      <ymax>593.3333333333334</ymax>
    </bndbox>
  </object>
  <object>
    <name>ya</name>
    <pose/>
    <truncated/>
    <difficult/>
    <bndbox>
      <xmin>1492.0</xmin>
      <ymin>210.0</ymin>
      <xmax>2142.0</xmax>
      <ymax>676.6666666666667</ymax>
    </bndbox>
  </object>
  <object>
    <name>la</name>
    <pose/>
    <truncated/>
    <difficult/>
    <bndbox>
      <xmin>68.66666666666674</xmin>
      <ymin>1600.0</ymin>
      <xmax>698.666666666667</xmax>
      <ymax>2023.3333333333335</ymax>
    </bndbox>
  </object>
  <object>
    <name>ba</name>
    <pose/>
    <truncated/>
    <difficult/>
    <bndbox>
      <xmin>898.666666666667</xmin>
      <ymin>1720.0</ymin>
      <xmax>1465.3333333333335</xmax>
      <ymax>2130.0</ymax>
    </bndbox>
  </object>
  <object>
    <name>ma</name>
    <pose/>
    <truncated/>
    <difficult/>
    <bndbox>
      <xmin>1638.666666666667</xmin>
      <ymin>1736.6666666666667</ymin>
      <xmax>2395.3333333333335</xmax>
      <ymax>2130.0</ymax>
    </bndbox>
  </object>
</annotation>
