<annotation>
  <folder/>
  <filename>IMG_20200523_165915.jpg</filename>
  <database/>
  <annotation/>
  <image/>
  <size>
    <height>1338</height>
    <width>1258</width>
    <depth>3</depth>
  </size>
  <segmented/>
  <object>
    <name>ja</name>
    <pose/>
    <truncated/>
    <difficult/>
    <bndbox>
      <xmin>12.235294117647072</xmin>
      <ymin>82.17647058823529</ymin>
      <xmax>312.23529411764696</xmax>
      <ymax>357.17647058823525</ymax>
    </bndbox>
  </object>
  <object>
    <name>ha</name>
    <pose/>
    <truncated/>
    <difficult/>
    <bndbox>
      <xmin>432.82352941176464</xmin>
      <ymin>90.99999999999999</ymin>
      <xmax>682.8235294117646</xmax>
      <ymax>332.17647058823525</ymax>
    </bndbox>
  </object>
  <object>
    <name>nga</name>
    <pose/>
    <truncated/>
    <difficult/>
    <bndbox>
      <xmin>834.2941176470588</xmin>
      <ymin>113.05882352941175</ymin>
      <xmax>1100.470588235294</xmax>
      <ymax>338.05882352941177</ymax>
    </bndbox>
  </object>
  <object>
    <name>ta</name>
    <pose/>
    <truncated/>
    <difficult/>
    <bndbox>
      <xmin>13.705882352941103</xmin>
      <ymin>689.5294117647059</ymin>
      <xmax>282.82352941176464</xmax>
      <ymax>908.6470588235294</ymax>
    </bndbox>
  </object>
  <object>
    <name>sa</name>
    <pose/>
    <truncated/>
    <difficult/>
    <bndbox>
      <xmin>350.47058823529403</xmin>
      <ymin>735.1176470588234</ymin>
      <xmax>626.9411764705881</xmax>
      <ymax>910.1176470588234</ymax>
    </bndbox>
  </object>
  <object>
    <name>pa</name>
    <pose/>
    <truncated/>
    <difficult/>
    <bndbox>
      <xmin>787.2352941176471</xmin>
      <ymin>689.5294117647059</ymin>
      <xmax>1066.6470588235293</xmax>
      <ymax>917.470588235294</ymax>
    </bndbox>
  </object>
</annotation>
