<annotation>
  <folder/>
  <filename>IMG_20200523_112948.jpg</filename>
  <database/>
  <annotation/>
  <image/>
  <size>
    <height>1822</height>
    <width>2734</width>
    <depth>3</depth>
  </size>
  <segmented/>
  <object>
    <name>ra</name>
    <pose/>
    <truncated/>
    <difficult/>
    <bndbox>
      <xmin>272.0</xmin>
      <ymin>66.88888888888889</ymin>
      <xmax>563.6666666666667</xmax>
      <ymax>289.11111111111114</ymax>
    </bndbox>
  </object>
  <object>
    <name>sa</name>
    <pose/>
    <truncated/>
    <difficult/>
    <bndbox>
      <xmin>1230.3333333333335</xmin>
      <ymin>75.22222222222223</ymin>
      <xmax>1405.3333333333335</xmax>
      <ymax>283.55555555555554</ymax>
    </bndbox>
  </object>
  <object>
    <name>ta</name>
    <pose/>
    <truncated/>
    <difficult/>
    <bndbox>
      <xmin>2158.1111111111113</xmin>
      <ymin>158.55555555555557</ymin>
      <xmax>2333.1111111111113</xmax>
      <ymax>364.11111111111114</ymax>
    </bndbox>
  </object>
  <object>
    <name>pa</name>
    <pose/>
    <truncated/>
    <difficult/>
    <bndbox>
      <xmin>227.55555555555554</xmin>
      <ymin>1255.7777777777778</ymin>
      <xmax>485.8888888888889</xmax>
      <ymax>1458.5555555555557</ymax>
    </bndbox>
  </object>
  <object>
    <name>wa</name>
    <pose/>
    <truncated/>
    <difficult/>
    <bndbox>
      <xmin>1124.7777777777778</xmin>
      <ymin>1291.888888888889</ymin>
      <xmax>1335.888888888889</xmax>
      <ymax>1472.4444444444446</ymax>
    </bndbox>
  </object>
  <object>
    <name>ha</name>
    <pose/>
    <truncated/>
    <difficult/>
    <bndbox>
      <xmin>1969.2222222222224</xmin>
      <ymin>1219.6666666666667</ymin>
      <xmax>2224.777777777778</xmax>
      <ymax>1433.5555555555557</ymax>
    </bndbox>
  </object>
</annotation>
