<annotation>
  <folder/>
  <filename>IMG_20200522_172424.jpg</filename>
  <database/>
  <annotation/>
  <image/>
  <size>
    <height>1362</height>
    <width>2696</width>
    <depth>3</depth>
  </size>
  <segmented/>
  <object>
    <name>ba</name>
    <pose/>
    <truncated/>
    <difficult/>
    <bndbox>
      <xmin>32.6551724137931</xmin>
      <ymin>20.48275862068965</ymin>
      <xmax>325.7586206896552</xmax>
      <ymax>234.27586206896552</ymax>
    </bndbox>
  </object>
  <object>
    <name>da</name>
    <pose/>
    <truncated/>
    <difficult/>
    <bndbox>
      <xmin>929.2068965517242</xmin>
      <ymin>41.17241379310346</ymin>
      <xmax>1096.448275862069</xmax>
      <ymax>206.68965517241384</ymax>
    </bndbox>
  </object>
  <object>
    <name>la</name>
    <pose/>
    <truncated/>
    <difficult/>
    <bndbox>
      <xmin>1930.9310344827588</xmin>
      <ymin>46.34482758620692</ymin>
      <xmax>2294.7241379310344</xmax>
      <ymax>246.34482758620692</ymax>
    </bndbox>
  </object>
  <object>
    <name>wa</name>
    <pose/>
    <truncated/>
    <difficult/>
    <bndbox>
      <xmin>37.827586206896555</xmin>
      <ymin>753.2413793103449</ymin>
      <xmax>339.55172413793105</xmax>
      <ymax>944.6206896551726</ymax>
    </bndbox>
  </object>
  <object>
    <name>ga</name>
    <pose/>
    <truncated/>
    <difficult/>
    <bndbox>
      <xmin>970.5862068965517</xmin>
      <ymin>746.344827586207</ymin>
      <xmax>1265.4137931034484</xmax>
      <ymax>956.689655172414</ymax>
    </bndbox>
  </object>
  <object>
    <name>na</name>
    <pose/>
    <truncated/>
    <difficult/>
    <bndbox>
      <xmin>1967.1379310344828</xmin>
      <ymin>753.2413793103449</ymin>
      <xmax>2279.206896551724</xmax>
      <ymax>984.2758620689656</ymax>
    </bndbox>
  </object>
</annotation>
