<annotation>
  <folder/>
  <filename>IMG_E8762.jpg</filename>
  <database/>
  <annotation/>
  <image/>
  <size>
    <height>1440</height>
    <width>2853</width>
    <depth>3</depth>
  </size>
  <segmented/>
  <object>
    <name>no</name>
    <pose/>
    <truncated/>
    <difficult/>
    <bndbox>
      <xmin>33.090909090909086</xmin>
      <ymin>85.54545454545453</ymin>
      <xmax>776.7272727272726</xmax>
      <ymax>625.5454545454545</ymax>
    </bndbox>
  </object>
  <object>
    <name>tu</name>
    <pose/>
    <truncated/>
    <difficult/>
    <bndbox>
      <xmin>907.6363636363635</xmin>
      <ymin>31.0</ymin>
      <xmax>1402.181818181818</xmax>
      <ymax>676.4545454545454</ymax>
    </bndbox>
  </object>
  <object>
    <name>le</name>
    <pose/>
    <truncated/>
    <difficult/>
    <bndbox>
      <xmin>1491.2727272727273</xmin>
      <ymin>58.27272727272725</ymin>
      <xmax>2144.0</xmax>
      <ymax>509.18181818181813</ymax>
    </bndbox>
  </object>
  <object>
    <name>n</name>
    <pose/>
    <truncated/>
    <difficult/>
    <bndbox>
      <xmin>2216.7272727272725</xmin>
      <ymin>74.63636363636363</ymin>
      <xmax>2852</xmax>
      <ymax>490</ymax>
    </bndbox>
  </object>
</annotation>
