<annotation>
  <folder/>
  <filename>IMG_20200504_203249.jpg</filename>
  <database/>
  <annotation/>
  <image/>
  <size>
    <height>1024</height>
    <width>2174</width>
    <depth>3</depth>
  </size>
  <segmented/>
  <object>
    <name>ja</name>
    <pose/>
    <truncated/>
    <difficult/>
    <bndbox>
      <xmin>45.99999999999999</xmin>
      <ymin>17.176470588235276</ymin>
      <xmax>301.88235294117646</xmax>
      <ymax>245.11764705882348</ymax>
    </bndbox>
  </object>
  <object>
    <name>la</name>
    <pose/>
    <truncated/>
    <difficult/>
    <bndbox>
      <xmin>434.235294117647</xmin>
      <ymin>105.41176470588232</ymin>
      <xmax>644.5294117647059</xmax>
      <ymax>198.0588235294117</ymax>
    </bndbox>
  </object>
  <object>
    <name>ng</name>
    <pose/>
    <truncated/>
    <difficult/>
    <bndbox>
      <xmin>778.3529411764705</xmin>
      <ymin>114.23529411764702</ymin>
      <xmax>1084.235294117647</xmax>
      <ymax>300.99999999999994</ymax>
    </bndbox>
  </object>
  <object>
    <name>ma</name>
    <pose/>
    <truncated/>
    <difficult/>
    <bndbox>
      <xmin>1246.0</xmin>
      <ymin>171.58823529411762</ymin>
      <xmax>1535.705882352941</xmax>
      <ymax>321.5882352941176</ymax>
    </bndbox>
  </object>
  <object>
    <name>ta</name>
    <pose/>
    <truncated/>
    <difficult/>
    <bndbox>
      <xmin>1638.6470588235293</xmin>
      <ymin>134.8235294117647</ymin>
      <xmax>1862.1764705882351</xmax>
      <ymax>336.2941176470588</ymax>
    </bndbox>
  </object>
  <object>
    <name>nga</name>
    <pose/>
    <truncated/>
    <difficult/>
    <bndbox>
      <xmin>3.352941176470588</xmin>
      <ymin>440.7058823529411</ymin>
      <xmax>247.4705882352941</xmax>
      <ymax>623.0588235294117</ymax>
    </bndbox>
  </object>
  <object>
    <name>ho</name>
    <pose/>
    <truncated/>
    <difficult/>
    <bndbox>
      <xmin>453.35294117647055</xmin>
      <ymin>517.1764705882352</ymin>
      <xmax>778.3529411764705</xmax>
      <ymax>699.5294117647059</ymax>
    </bndbox>
  </object>
  <object>
    <name>n</name>
    <pose/>
    <truncated/>
    <difficult/>
    <bndbox>
      <xmin>947.470588235294</xmin>
      <ymin>518.6470588235294</ymin>
      <xmax>1462.1764705882351</xmax>
      <ymax>758.3529411764705</ymax>
    </bndbox>
  </object>
</annotation>
