<annotation>
  <folder/>
  <filename>IMG_E1208.jpg</filename>
  <database/>
  <annotation/>
  <image/>
  <size>
    <height>2885</height>
    <width>2637</width>
    <depth>3</depth>
  </size>
  <segmented/>
  <object>
    <name>ya</name>
    <pose/>
    <truncated/>
    <difficult/>
    <bndbox>
      <xmin>67.8709677419356</xmin>
      <ymin>44.322580645161295</ymin>
      <xmax>809.8064516129032</xmax>
      <ymax>566.9032258064516</ymax>
    </bndbox>
  </object>
  <object>
    <name>ga</name>
    <pose/>
    <truncated/>
    <difficult/>
    <bndbox>
      <xmin>1006.5806451612902</xmin>
      <ymin>86.25806451612902</ymin>
      <xmax>1580.7741935483873</xmax>
      <ymax>531.4193548387096</ymax>
    </bndbox>
  </object>
  <object>
    <name>ma</name>
    <pose/>
    <truncated/>
    <difficult/>
    <bndbox>
      <xmin>1780.7741935483873</xmin>
      <ymin>131.41935483870967</ymin>
      <xmax>2574.3225806451615</xmax>
      <ymax>560.4516129032259</ymax>
    </bndbox>
  </object>
  <object>
    <name>ta</name>
    <pose/>
    <truncated/>
    <difficult/>
    <bndbox>
      <xmin>119.48387096774195</xmin>
      <ymin>1454.0</ymin>
      <xmax>732.3870967741937</xmax>
      <ymax>1937.8709677419356</ymax>
    </bndbox>
  </object>
  <object>
    <name>la</name>
    <pose/>
    <truncated/>
    <difficult/>
    <bndbox>
      <xmin>1087.2258064516127</xmin>
      <ymin>1544.3225806451612</ymin>
      <xmax>1738.8387096774195</xmax>
      <ymax>2018.516129032258</ymax>
    </bndbox>
  </object>
  <object>
    <name>ja</name>
    <pose/>
    <truncated/>
    <difficult/>
    <bndbox>
      <xmin>2006.5806451612902</xmin>
      <ymin>1518.516129032258</ymin>
      <xmax>2600.1290322580644</xmax>
      <ymax>1976.5806451612902</ymax>
    </bndbox>
  </object>
</annotation>
