<annotation>
  <folder/>
  <filename>IMG_20200505_102813.jpg</filename>
  <database/>
  <annotation/>
  <image/>
  <size>
    <height>1266</height>
    <width>1904</width>
    <depth>3</depth>
  </size>
  <segmented/>
  <object>
    <name>ngo</name>
    <pose/>
    <truncated/>
    <difficult/>
    <bndbox>
      <xmin>72.98630136986301</xmin>
      <ymin>69.34246575342466</ymin>
      <xmax>412.7123287671233</xmax>
      <ymax>287.1506849315069</ymax>
    </bndbox>
  </object>
  <object>
    <name>yi</name>
    <pose/>
    <truncated/>
    <difficult/>
    <bndbox>
      <xmin>589.4246575342465</xmin>
      <ymin>73.45205479452055</ymin>
      <xmax>937.3698630136987</xmax>
      <ymax>307.6986301369863</ymax>
    </bndbox>
  </object>
  <object>
    <name>ngang</name>
    <pose/>
    <truncated/>
    <difficult/>
    <bndbox>
      <xmin>1167.5068493150686</xmin>
      <ymin>69.34246575342466</ymin>
      <xmax>1360.6575342465753</xmax>
      <ymax>300.8493150684932</ymax>
    </bndbox>
  </object>
  <object>
    <name>pu</name>
    <pose/>
    <truncated/>
    <difficult/>
    <bndbox>
      <xmin>1582.5753424657535</xmin>
      <ymin>162.49315068493152</ymin>
      <xmax>1859.2876712328768</xmax>
      <ymax>384.4109589041096</ymax>
    </bndbox>
  </object>
  <object>
    <name>yu</name>
    <pose/>
    <truncated/>
    <difficult/>
    <bndbox>
      <xmin>68.87671232876713</xmin>
      <ymin>685.7808219178082</ymin>
      <xmax>431.8904109589041</xmax>
      <ymax>858.3835616438356</ymax>
    </bndbox>
  </object>
  <object>
    <name>nyang</name>
    <pose/>
    <truncated/>
    <difficult/>
    <bndbox>
      <xmin>593.5342465753425</xmin>
      <ymin>777.5616438356165</ymin>
      <xmax>834.6301369863014</xmax>
      <ymax>973.4520547945206</ymax>
    </bndbox>
  </object>
  <object>
    <name>wang</name>
    <pose/>
    <truncated/>
    <difficult/>
    <bndbox>
      <xmin>1163.3972602739727</xmin>
      <ymin>748.7945205479452</ymin>
      <xmax>1393.5342465753424</xmax>
      <ymax>955.6438356164384</ymax>
    </bndbox>
  </object>
</annotation>
