<annotation>
  <folder/>
  <filename>IMG_E1829.jpg</filename>
  <database/>
  <annotation/>
  <image/>
  <size>
    <height>2394</height>
    <width>1939</width>
    <depth>3</depth>
  </size>
  <segmented/>
  <object>
    <name>na</name>
    <pose/>
    <truncated/>
    <difficult/>
    <bndbox>
      <xmin>54.26315789473688</xmin>
      <ymin>54.05263157894737</ymin>
      <xmax>493.7368421052631</xmax>
      <ymax>485.63157894736844</ymax>
    </bndbox>
  </object>
  <object>
    <name>ta</name>
    <pose/>
    <truncated/>
    <difficult/>
    <bndbox>
      <xmin>625.3157894736842</xmin>
      <ymin>61.94736842105263</ymin>
      <xmax>1054.2631578947367</xmax>
      <ymax>559.3157894736842</ymax>
    </bndbox>
  </object>
  <object>
    <name>wa</name>
    <pose/>
    <truncated/>
    <difficult/>
    <bndbox>
      <xmin>1193.7368421052633</xmin>
      <ymin>90.89473684210526</ymin>
      <xmax>1656.8947368421054</xmax>
      <ymax>525.1052631578947</ymax>
    </bndbox>
  </object>
  <object>
    <name>da</name>
    <pose/>
    <truncated/>
    <difficult/>
    <bndbox>
      <xmin>251.63157894736833</xmin>
      <ymin>1343.5263157894738</ymin>
      <xmax>720.0526315789473</xmax>
      <ymax>1759.3157894736842</ymax>
    </bndbox>
  </object>
  <object>
    <name>ba</name>
    <pose/>
    <truncated/>
    <difficult/>
    <bndbox>
      <xmin>796.3684210526314</xmin>
      <ymin>1311.9473684210527</ymin>
      <xmax>1320.0526315789475</xmax>
      <ymax>1811.9473684210527</ymax>
    </bndbox>
  </object>
  <object>
    <name>ra</name>
    <pose/>
    <truncated/>
    <difficult/>
    <bndbox>
      <xmin>1409.5263157894738</xmin>
      <ymin>1325.1052631578948</ymin>
      <xmax>1820.0526315789475</xmax>
      <ymax>1798.7894736842104</ymax>
    </bndbox>
  </object>
</annotation>
