<annotation>
  <folder/>
  <filename>IMG_E9287.jpg</filename>
  <database/>
  <annotation/>
  <image/>
  <size>
    <height>1203</height>
    <width>2715</width>
    <depth>3</depth>
  </size>
  <segmented/>
  <object>
    <name>to</name>
    <pose/>
    <truncated/>
    <difficult/>
    <bndbox>
      <xmin>11.777777777777775</xmin>
      <ymin>14.777777777777771</ymin>
      <xmax>608.074074074074</xmax>
      <ymax>511.074074074074</ymax>
    </bndbox>
  </object>
  <object>
    <name>yo</name>
    <pose/>
    <truncated/>
    <difficult/>
    <bndbox>
      <xmin>778.4444444444443</xmin>
      <ymin>116.62962962962962</ymin>
      <xmax>1387.7037037037037</xmax>
      <ymax>566.6296296296296</ymax>
    </bndbox>
  </object>
  <object>
    <name>be</name>
    <pose/>
    <truncated/>
    <difficult/>
    <bndbox>
      <xmin>1578.4444444444443</xmin>
      <ymin>138.85185185185185</ymin>
      <xmax>2026.5925925925924</xmax>
      <ymax>544.4074074074074</ymax>
    </bndbox>
  </object>
  <object>
    <name>nyo</name>
    <pose/>
    <truncated/>
    <difficult/>
    <bndbox>
      <xmin>2109.9259259259256</xmin>
      <ymin>88.85185185185185</ymin>
      <xmax>2643.259259259259</xmax>
      <ymax>601.8148148148148</ymax>
    </bndbox>
  </object>
</annotation>
