<annotation>
  <folder/>
  <filename>IMG_E8763.jpg</filename>
  <database/>
  <annotation/>
  <image/>
  <size>
    <height>1018</height>
    <width>2988</width>
    <depth>3</depth>
  </size>
  <segmented/>
  <object>
    <name>nge</name>
    <pose/>
    <truncated/>
    <difficult/>
    <bndbox>
      <xmin>6.433962264150942</xmin>
      <ymin>35.547169811320714</ymin>
      <xmax>536.622641509434</xmax>
      <ymax>439.3207547169811</ymax>
    </bndbox>
  </object>
  <object>
    <name>ba</name>
    <pose/>
    <truncated/>
    <difficult/>
    <bndbox>
      <xmin>672.4716981132075</xmin>
      <ymin>33.660377358490564</ymin>
      <xmax>1093.2264150943395</xmax>
      <ymax>433.66037735849056</ymax>
    </bndbox>
  </object>
  <object>
    <name>lu</name>
    <pose/>
    <truncated/>
    <difficult/>
    <bndbox>
      <xmin>1223.4150943396226</xmin>
      <ymin>71.3962264150943</ymin>
      <xmax>1736.6226415094338</xmax>
      <ymax>433.66037735849056</ymax>
    </bndbox>
  </object>
  <object>
    <name>a</name>
    <pose/>
    <truncated/>
    <difficult/>
    <bndbox>
      <xmin>1819.6415094339623</xmin>
      <ymin>129.88679245283015</ymin>
      <xmax>2308.320754716981</xmax>
      <ymax>441.2075471698113</ymax>
    </bndbox>
  </object>
  <object>
    <name>si</name>
    <pose/>
    <truncated/>
    <difficult/>
    <bndbox>
      <xmin>2461.1509433962265</xmin>
      <ymin>67.62264150943395</ymin>
      <xmax>2949.830188679245</xmax>
      <ymax>477.0566037735848</ymax>
    </bndbox>
  </object>
</annotation>
