<annotation>
  <folder/>
  <filename>IMG_E9053.jpg</filename>
  <database/>
  <annotation/>
  <image/>
  <size>
    <height>1404</height>
    <width>2648</width>
    <depth>3</depth>
  </size>
  <segmented/>
  <object>
    <name>le</name>
    <pose/>
    <truncated/>
    <difficult/>
    <bndbox>
      <xmin>18.636363636363633</xmin>
      <ymin>82.09090909090907</ymin>
      <xmax>500.4545454545454</xmax>
      <ymax>443.9090909090909</ymax>
    </bndbox>
  </object>
  <object>
    <name>ba</name>
    <pose/>
    <truncated/>
    <difficult/>
    <bndbox>
      <xmin>625.9090909090909</xmin>
      <ymin>147.5454545454545</ymin>
      <xmax>1095.0</xmax>
      <ymax>476.6363636363636</ymax>
    </bndbox>
  </object>
  <object>
    <name>to</name>
    <pose/>
    <truncated/>
    <difficult/>
    <bndbox>
      <xmin>1235.0</xmin>
      <ymin>89.36363636363635</ymin>
      <xmax>1847.7272727272725</xmax>
      <ymax>553.0</ymax>
    </bndbox>
  </object>
  <object>
    <name>r</name>
    <pose/>
    <truncated/>
    <difficult/>
    <bndbox>
      <xmin>1933.181818181818</xmin>
      <ymin>109.36363636363632</ymin>
      <xmax>2549.5454545454545</xmax>
      <ymax>591.1818181818181</ymax>
    </bndbox>
  </object>
</annotation>
