<annotation>
  <folder/>
  <filename>IMG_20200523_181258.jpg</filename>
  <database/>
  <annotation/>
  <image/>
  <size>
    <height>1514</height>
    <width>996</width>
    <depth>3</depth>
  </size>
  <segmented/>
  <object>
    <name>ja</name>
    <pose/>
    <truncated/>
    <difficult/>
    <bndbox>
      <xmin>117.0</xmin>
      <ymin>96.17391304347825</ymin>
      <xmax>286.56521739130426</xmax>
      <ymax>230.95652173913044</ymax>
    </bndbox>
  </object>
  <object>
    <name>ga</name>
    <pose/>
    <truncated/>
    <difficult/>
    <bndbox>
      <xmin>425.695652173913</xmin>
      <ymin>113.56521739130434</ymin>
      <xmax>584.391304347826</xmax>
      <ymax>198.3478260869565</ymax>
    </bndbox>
  </object>
  <object>
    <name>ra</name>
    <pose/>
    <truncated/>
    <difficult/>
    <bndbox>
      <xmin>790.9130434782608</xmin>
      <ymin>78.78260869565217</ymin>
      <xmax>949.6086956521738</xmax>
      <ymax>198.3478260869565</ymax>
    </bndbox>
  </object>
  <object>
    <name>wa</name>
    <pose/>
    <truncated/>
    <difficult/>
    <bndbox>
      <xmin>86.56521739130437</xmin>
      <ymin>935.3043478260869</ymin>
      <xmax>227.86956521739125</xmax>
      <ymax>1070.086956521739</ymax>
    </bndbox>
  </object>
  <object>
    <name>la</name>
    <pose/>
    <truncated/>
    <difficult/>
    <bndbox>
      <xmin>399.60869565217376</xmin>
      <ymin>959.2173913043478</ymin>
      <xmax>517.0</xmax>
      <ymax>1039.6521739130435</ymax>
    </bndbox>
  </object>
  <object>
    <name>a</name>
    <pose/>
    <truncated/>
    <difficult/>
    <bndbox>
      <xmin>662.6521739130435</xmin>
      <ymin>933.1304347826086</ymin>
      <xmax>832.2173913043478</xmax>
      <ymax>1024.4347826086955</ymax>
    </bndbox>
  </object>
</annotation>
