<annotation>
  <folder/>
  <filename>IMG_20200523_173426.jpg</filename>
  <database/>
  <annotation/>
  <image/>
  <size>
    <height>1348</height>
    <width>1026</width>
    <depth>3</depth>
  </size>
  <segmented/>
  <object>
    <name>ha</name>
    <pose/>
    <truncated/>
    <difficult/>
    <bndbox>
      <xmin>119.76470588235293</xmin>
      <ymin>172.47058823529412</ymin>
      <xmax>390.3529411764705</xmax>
      <ymax>356.2941176470588</ymax>
    </bndbox>
  </object>
  <object>
    <name>ta</name>
    <pose/>
    <truncated/>
    <difficult/>
    <bndbox>
      <xmin>506.52941176470586</xmin>
      <ymin>171.0</ymin>
      <xmax>671.2352941176471</xmax>
      <ymax>343.05882352941177</ymax>
    </bndbox>
  </object>
  <object>
    <name>ra</name>
    <pose/>
    <truncated/>
    <difficult/>
    <bndbox>
      <xmin>752.1176470588234</xmin>
      <ymin>187.17647058823528</ymin>
      <xmax>972.705882352941</xmax>
      <ymax>357.7647058823529</ymax>
    </bndbox>
  </object>
  <object>
    <name>wa</name>
    <pose/>
    <truncated/>
    <difficult/>
    <bndbox>
      <xmin>159.47058823529403</xmin>
      <ymin>722.470588235294</ymin>
      <xmax>371.23529411764696</xmax>
      <ymax>943.0588235294117</ymax>
    </bndbox>
  </object>
  <object>
    <name>ya</name>
    <pose/>
    <truncated/>
    <difficult/>
    <bndbox>
      <xmin>510.94117647058806</xmin>
      <ymin>768.0588235294117</ymin>
      <xmax>769.7647058823529</xmax>
      <ymax>965.1176470588234</ymax>
    </bndbox>
  </object>
  <object>
    <name>nya</name>
    <pose/>
    <truncated/>
    <difficult/>
    <bndbox>
      <xmin>863.8823529411764</xmin>
      <ymin>740.1176470588234</ymin>
      <xmax>1013.8823529411764</xmax>
      <ymax>938.6470588235294</ymax>
    </bndbox>
  </object>
</annotation>
