<annotation>
  <folder/>
  <filename>IMG_E0936.jpg</filename>
  <database/>
  <annotation/>
  <image/>
  <size>
    <height>2478</height>
    <width>2759</width>
    <depth>3</depth>
  </size>
  <segmented/>
  <object>
    <name>la</name>
    <pose/>
    <truncated/>
    <difficult/>
    <bndbox>
      <xmin>15.16216216216219</xmin>
      <ymin>156.86486486486487</ymin>
      <xmax>477.3243243243244</xmax>
      <ymax>443.35135135135135</ymax>
    </bndbox>
  </object>
  <object>
    <name>ma</name>
    <pose/>
    <truncated/>
    <difficult/>
    <bndbox>
      <xmin>663.8108108108108</xmin>
      <ymin>81.1891891891892</ymin>
      <xmax>1258.4054054054054</xmax>
      <ymax>405.51351351351354</ymax>
    </bndbox>
  </object>
  <object>
    <name>na</name>
    <pose/>
    <truncated/>
    <difficult/>
    <bndbox>
      <xmin>1428.6756756756758</xmin>
      <ymin>119.02702702702703</ymin>
      <xmax>1866.5135135135138</xmax>
      <ymax>429.83783783783787</ymax>
    </bndbox>
  </object>
  <object>
    <name>ha</name>
    <pose/>
    <truncated/>
    <difficult/>
    <bndbox>
      <xmin>1993.5405405405404</xmin>
      <ymin>54.16216216216216</ymin>
      <xmax>2447.5945945945946</xmax>
      <ymax>446.05405405405406</ymax>
    </bndbox>
  </object>
  <object>
    <name>pa</name>
    <pose/>
    <truncated/>
    <difficult/>
    <bndbox>
      <xmin>171.91891891891896</xmin>
      <ymin>1294.7027027027027</ymin>
      <xmax>661.1081081081081</xmax>
      <ymax>1581.1891891891892</ymax>
    </bndbox>
  </object>
  <object>
    <name>ba</name>
    <pose/>
    <truncated/>
    <difficult/>
    <bndbox>
      <xmin>936.7837837837837</xmin>
      <ymin>1235.2432432432433</ymin>
      <xmax>1442.1891891891892</xmax>
      <ymax>1643.3513513513515</ymax>
    </bndbox>
  </object>
  <object>
    <name>ya</name>
    <pose/>
    <truncated/>
    <difficult/>
    <bndbox>
      <xmin>1571.9189189189187</xmin>
      <ymin>1264.972972972973</ymin>
      <xmax>2117.864864864865</xmax>
      <ymax>1659.5675675675675</ymax>
    </bndbox>
  </object>
  <object>
    <name>ga</name>
    <pose/>
    <truncated/>
    <difficult/>
    <bndbox>
      <xmin>2231.3783783783783</xmin>
      <ymin>1259.5675675675675</ymin>
      <xmax>2661.1081081081084</xmax>
      <ymax>1602.8108108108108</ymax>
    </bndbox>
  </object>
</annotation>
