<annotation>
  <folder/>
  <filename>IMG_E9319.jpg</filename>
  <database/>
  <annotation/>
  <image/>
  <size>
    <height>1119</height>
    <width>3024</width>
    <depth>3</depth>
  </size>
  <segmented/>
  <object>
    <name>jo</name>
    <pose/>
    <truncated/>
    <difficult/>
    <bndbox>
      <xmin>49.02040816326531</xmin>
      <ymin>17.20408163265307</ymin>
      <xmax>685.7551020408164</xmax>
      <ymax>366.1836734693877</ymax>
    </bndbox>
  </object>
  <object>
    <name>n</name>
    <pose/>
    <truncated/>
    <difficult/>
    <bndbox>
      <xmin>793.9183673469388</xmin>
      <ymin>74.34693877551024</ymin>
      <xmax>1265.3469387755101</xmax>
      <ymax>409.0408163265306</ymax>
    </bndbox>
  </object>
  <object>
    <name>y</name>
    <pose/>
    <truncated/>
    <difficult/>
    <bndbox>
      <xmin>1371.4693877551022</xmin>
      <ymin>100.87755102040819</ymin>
      <xmax>1893.9183673469388</xmax>
      <ymax>447.8163265306123</ymax>
    </bndbox>
  </object>
  <object>
    <name>su</name>
    <pose/>
    <truncated/>
    <difficult/>
    <bndbox>
      <xmin>2044.938775510204</xmin>
      <ymin>62.102040816326564</ymin>
      <xmax>2406.1632653061224</xmax>
      <ymax>411.0816326530612</ymax>
    </bndbox>
  </object>
  <object>
    <name>h</name>
    <pose/>
    <truncated/>
    <difficult/>
    <bndbox>
      <xmin>2508.204081632653</xmin>
      <ymin>82.51020408163265</ymin>
      <xmax>2900.0408163265306</xmax>
      <ymax>449.8571428571429</ymax>
    </bndbox>
  </object>
</annotation>
