<annotation>
  <folder/>
  <filename>IMG_E1344.jpg</filename>
  <database/>
  <annotation/>
  <image/>
  <size>
    <height>2663</height>
    <width>2846</width>
    <depth>3</depth>
  </size>
  <segmented/>
  <object>
    <name>nya</name>
    <pose/>
    <truncated/>
    <difficult/>
    <bndbox>
      <xmin>106.11764705882342</xmin>
      <ymin>60.29411764705881</ymin>
      <xmax>706.1176470588234</xmax>
      <ymax>616.1764705882352</ymax>
    </bndbox>
  </object>
  <object>
    <name>ja</name>
    <pose/>
    <truncated/>
    <difficult/>
    <bndbox>
      <xmin>844.3529411764705</xmin>
      <ymin>83.8235294117647</ymin>
      <xmax>1347.2941176470586</xmax>
      <ymax>639.7058823529411</ymax>
    </bndbox>
  </object>
  <object>
    <name>a</name>
    <pose/>
    <truncated/>
    <difficult/>
    <bndbox>
      <xmin>1482.5882352941176</xmin>
      <ymin>236.76470588235293</ymin>
      <xmax>2006.1176470588234</xmax>
      <ymax>595.5882352941176</ymax>
    </bndbox>
  </object>
  <object>
    <name>ha</name>
    <pose/>
    <truncated/>
    <difficult/>
    <bndbox>
      <xmin>2173.7647058823527</xmin>
      <ymin>125.0</ymin>
      <xmax>2714.941176470588</xmax>
      <ymax>716.1764705882352</ymax>
    </bndbox>
  </object>
  <object>
    <name>pa</name>
    <pose/>
    <truncated/>
    <difficult/>
    <bndbox>
      <xmin>209.0588235294117</xmin>
      <ymin>1545.5882352941176</ymin>
      <xmax>738.4705882352939</xmax>
      <ymax>2001.470588235294</ymax>
    </bndbox>
  </object>
  <object>
    <name>ra</name>
    <pose/>
    <truncated/>
    <difficult/>
    <bndbox>
      <xmin>894.3529411764705</xmin>
      <ymin>1522.0588235294117</ymin>
      <xmax>1429.6470588235293</xmax>
      <ymax>1945.5882352941176</ymax>
    </bndbox>
  </object>
  <object>
    <name>ya</name>
    <pose/>
    <truncated/>
    <difficult/>
    <bndbox>
      <xmin>1588.4705882352941</xmin>
      <ymin>1572.0588235294117</ymin>
      <xmax>2135.529411764706</xmax>
      <ymax>1895.5882352941176</ymax>
    </bndbox>
  </object>
  <object>
    <name>ga</name>
    <pose/>
    <truncated/>
    <difficult/>
    <bndbox>
      <xmin>2294.3529411764703</xmin>
      <ymin>1566.1764705882351</ymin>
      <xmax>2776.705882352941</xmax>
      <ymax>1942.6470588235293</ymax>
    </bndbox>
  </object>
</annotation>
