<annotation>
  <folder/>
  <filename>IMG_20200522_171313.jpg</filename>
  <database/>
  <annotation/>
  <image/>
  <size>
    <height>1628</height>
    <width>2762</width>
    <depth>3</depth>
  </size>
  <segmented/>
  <object>
    <name>pa</name>
    <pose/>
    <truncated/>
    <difficult/>
    <bndbox>
      <xmin>158.35714285714283</xmin>
      <ymin>139.99999999999997</ymin>
      <xmax>399.4285714285714</xmax>
      <ymax>261.4285714285714</ymax>
    </bndbox>
  </object>
  <object>
    <name>a</name>
    <pose/>
    <truncated/>
    <difficult/>
    <bndbox>
      <xmin>1229.7857142857142</xmin>
      <ymin>170.35714285714283</ymin>
      <xmax>1449.4285714285713</xmax>
      <ymax>345.35714285714283</ymax>
    </bndbox>
  </object>
  <object>
    <name>ha</name>
    <pose/>
    <truncated/>
    <difficult/>
    <bndbox>
      <xmin>2217.285714285714</xmin>
      <ymin>231.07142857142856</ymin>
      <xmax>2406.5714285714284</xmax>
      <ymax>388.21428571428567</ymax>
    </bndbox>
  </object>
  <object>
    <name>ba</name>
    <pose/>
    <truncated/>
    <difficult/>
    <bndbox>
      <xmin>29.785714285714278</xmin>
      <ymin>1186.4285714285713</ymin>
      <xmax>244.07142857142856</xmax>
      <ymax>1375.7142857142856</ymax>
    </bndbox>
  </object>
  <object>
    <name>da</name>
    <pose/>
    <truncated/>
    <difficult/>
    <bndbox>
      <xmin>1115.5</xmin>
      <ymin>1106.0714285714284</ymin>
      <xmax>1292.2857142857142</xmax>
      <ymax>1323.9285714285713</ymax>
    </bndbox>
  </object>
  <object>
    <name>la</name>
    <pose/>
    <truncated/>
    <difficult/>
    <bndbox>
      <xmin>2215.5</xmin>
      <ymin>1150.7142857142856</ymin>
      <xmax>2447.642857142857</xmax>
      <ymax>1329.2857142857142</ymax>
    </bndbox>
  </object>
</annotation>
