<annotation>
  <folder/>
  <filename>IMG_E1801.jpg</filename>
  <database/>
  <annotation/>
  <image/>
  <size>
    <height>3146</height>
    <width>2484</width>
    <depth>3</depth>
  </size>
  <segmented/>
  <object>
    <name>na</name>
    <pose/>
    <truncated/>
    <difficult/>
    <bndbox>
      <xmin>91.0689655172414</xmin>
      <ymin>109.58620689655173</ymin>
      <xmax>635.8965517241381</xmax>
      <ymax>661.3103448275863</ymax>
    </bndbox>
  </object>
  <object>
    <name>ga</name>
    <pose/>
    <truncated/>
    <difficult/>
    <bndbox>
      <xmin>822.1034482758623</xmin>
      <ymin>95.79310344827587</ymin>
      <xmax>1497.9655172413795</xmax>
      <ymax>706.1379310344828</ymax>
    </bndbox>
  </object>
  <object>
    <name>ha</name>
    <pose/>
    <truncated/>
    <difficult/>
    <bndbox>
      <xmin>1618.6551724137935</xmin>
      <ymin>78.55172413793105</ymin>
      <xmax>2304.8620689655177</xmax>
      <ymax>706.1379310344828</ymax>
    </bndbox>
  </object>
  <object>
    <name>ma</name>
    <pose/>
    <truncated/>
    <difficult/>
    <bndbox>
      <xmin>108.31034482758628</xmin>
      <ymin>1519.9310344827588</ymin>
      <xmax>756.5862068965521</xmax>
      <ymax>2075.1034482758623</ymax>
    </bndbox>
  </object>
  <object>
    <name>wa</name>
    <pose/>
    <truncated/>
    <difficult/>
    <bndbox>
      <xmin>970.3793103448279</xmin>
      <ymin>1571.6551724137933</ymin>
      <xmax>1622.1034482758623</xmax>
      <ymax>2213.034482758621</ymax>
    </bndbox>
  </object>
  <object>
    <name>ta</name>
    <pose/>
    <truncated/>
    <difficult/>
    <bndbox>
      <xmin>1766.931034482759</xmin>
      <ymin>1561.3103448275863</ymin>
      <xmax>2404.8620689655177</xmax>
      <ymax>2237.1724137931037</ymax>
    </bndbox>
  </object>
</annotation>
