<annotation>
  <folder/>
  <filename>IMG_E0649.jpg</filename>
  <database/>
  <annotation/>
  <image/>
  <size>
    <height>1301</height>
    <width>3647</width>
    <depth>3</depth>
  </size>
  <segmented/>
  <object>
    <name>nya</name>
    <pose/>
    <truncated/>
    <difficult/>
    <bndbox>
      <xmin>73.06976744186046</xmin>
      <ymin>17.534883720930225</ymin>
      <xmax>447.48837209302326</xmax>
      <ymax>394.2790697674419</ymax>
    </bndbox>
  </object>
  <object>
    <name>sa</name>
    <pose/>
    <truncated/>
    <difficult/>
    <bndbox>
      <xmin>738.1860465116279</xmin>
      <ymin>31.48837209302326</ymin>
      <xmax>1126.5581395348838</xmax>
      <ymax>491.95348837209303</ymax>
    </bndbox>
  </object>
  <object>
    <name>ja</name>
    <pose/>
    <truncated/>
    <difficult/>
    <bndbox>
      <xmin>1366.093023255814</xmin>
      <ymin>112.88372093023258</ymin>
      <xmax>1803.3023255813953</xmax>
      <ymax>480.3255813953489</ymax>
    </bndbox>
  </object>
  <object>
    <name>a</name>
    <pose/>
    <truncated/>
    <difficult/>
    <bndbox>
      <xmin>1952.139534883721</xmin>
      <ymin>126.83720930232562</ymin>
      <xmax>2431.2093023255816</xmax>
      <ymax>438.4651162790698</ymax>
    </bndbox>
  </object>
  <object>
    <name>na</name>
    <pose/>
    <truncated/>
    <difficult/>
    <bndbox>
      <xmin>2580.046511627907</xmin>
      <ymin>173.34883720930236</ymin>
      <xmax>3033.5348837209303</xmax>
      <ymax>457.06976744186045</ymax>
    </bndbox>
  </object>
  <object>
    <name>ga</name>
    <pose/>
    <truncated/>
    <difficult/>
    <bndbox>
      <xmin>3184.6976744186045</xmin>
      <ymin>150.09302325581393</ymin>
      <xmax>3561.4418604651164</xmax>
      <ymax>445.4418604651163</ymax>
    </bndbox>
  </object>
</annotation>
