<annotation>
  <folder/>
  <filename>IMG_E9308.jpg</filename>
  <database/>
  <annotation/>
  <image/>
  <size>
    <height>1257</height>
    <width>2976</width>
    <depth>3</depth>
  </size>
  <segmented/>
  <object>
    <name>he</name>
    <pose/>
    <truncated/>
    <difficult/>
    <bndbox>
      <xmin>71.95918367346938</xmin>
      <ymin>2.5306122448979522</ymin>
      <xmax>508.69387755102036</xmax>
      <ymax>392.32653061224494</ymax>
    </bndbox>
  </object>
  <object>
    <name>nya</name>
    <pose/>
    <truncated/>
    <difficult/>
    <bndbox>
      <xmin>627.0612244897959</xmin>
      <ymin>16.81632653061223</ymin>
      <xmax>1143.3877551020407</xmax>
      <ymax>547.4285714285714</ymax>
    </bndbox>
  </object>
  <object>
    <name>ngu</name>
    <pose/>
    <truncated/>
    <difficult/>
    <bndbox>
      <xmin>1267.8775510204082</xmin>
      <ymin>102.53061224489795</ymin>
      <xmax>1651.5510204081634</xmax>
      <ymax>551.5102040816327</ymax>
    </bndbox>
  </object>
  <object>
    <name>pe</name>
    <pose/>
    <truncated/>
    <difficult/>
    <bndbox>
      <xmin>1769.9183673469388</xmin>
      <ymin>78.0408163265306</ymin>
      <xmax>2169.918367346939</xmax>
      <ymax>465.795918367347</ymax>
    </bndbox>
  </object>
  <object>
    <name>do</name>
    <pose/>
    <truncated/>
    <difficult/>
    <bndbox>
      <xmin>2282.1632653061224</xmin>
      <ymin>98.44897959183675</ymin>
      <xmax>2759.714285714286</xmax>
      <ymax>482.1224489795918</ymax>
    </bndbox>
  </object>
</annotation>
