<annotation>
  <folder/>
  <filename>IMG_E0856.jpg</filename>
  <database/>
  <annotation/>
  <image/>
  <size>
    <height>2872</height>
    <width>2209</width>
    <depth>3</depth>
  </size>
  <segmented/>
  <object>
    <name>ta</name>
    <pose/>
    <truncated/>
    <difficult/>
    <bndbox>
      <xmin>64.75</xmin>
      <ymin>59.625</ymin>
      <xmax>530.375</xmax>
      <ymax>525.25</ymax>
    </bndbox>
  </object>
  <object>
    <name>ma</name>
    <pose/>
    <truncated/>
    <difficult/>
    <bndbox>
      <xmin>683.5</xmin>
      <ymin>115.875</ymin>
      <xmax>1396.0</xmax>
      <ymax>484.625</ymax>
    </bndbox>
  </object>
  <object>
    <name>ga</name>
    <pose/>
    <truncated/>
    <difficult/>
    <bndbox>
      <xmin>1546.0</xmin>
      <ymin>175.25</ymin>
      <xmax>1980.375</xmax>
      <ymax>490.875</ymax>
    </bndbox>
  </object>
  <object>
    <name>ba</name>
    <pose/>
    <truncated/>
    <difficult/>
    <bndbox>
      <xmin>183.5</xmin>
      <ymin>1484.625</ymin>
      <xmax>721.0</xmax>
      <ymax>1862.75</ymax>
    </bndbox>
  </object>
  <object>
    <name>la</name>
    <pose/>
    <truncated/>
    <difficult/>
    <bndbox>
      <xmin>967.875</xmin>
      <ymin>1590.875</ymin>
      <xmax>1464.75</xmax>
      <ymax>1965.875</ymax>
    </bndbox>
  </object>
  <object>
    <name>pa</name>
    <pose/>
    <truncated/>
    <difficult/>
    <bndbox>
      <xmin>1661.625</xmin>
      <ymin>1681.5</ymin>
      <xmax>2158.5</xmax>
      <ymax>1956.5</ymax>
    </bndbox>
  </object>
</annotation>
