<annotation>
  <folder/>
  <filename>IMG_20200523_151244.jpg</filename>
  <database/>
  <annotation/>
  <image/>
  <size>
    <height>1198</height>
    <width>1786</width>
    <depth>3</depth>
  </size>
  <segmented/>
  <object>
    <name>a</name>
    <pose/>
    <truncated/>
    <difficult/>
    <bndbox>
      <xmin>77.0344827586207</xmin>
      <ymin>21.586206896551726</ymin>
      <xmax>327.0344827586207</xmax>
      <ymax>204.34482758620692</ymax>
    </bndbox>
  </object>
  <object>
    <name>wa</name>
    <pose/>
    <truncated/>
    <difficult/>
    <bndbox>
      <xmin>663.2413793103449</xmin>
      <ymin>9.517241379310345</ymin>
      <xmax>1004.6206896551724</xmax>
      <ymax>218.13793103448276</ymax>
    </bndbox>
  </object>
  <object>
    <name>nya</name>
    <pose/>
    <truncated/>
    <difficult/>
    <bndbox>
      <xmin>1216.689655172414</xmin>
      <ymin>12.965517241379313</ymin>
      <xmax>1468.4137931034484</xmax>
      <ymax>219.86206896551727</ymax>
    </bndbox>
  </object>
  <object>
    <name>na</name>
    <pose/>
    <truncated/>
    <difficult/>
    <bndbox>
      <xmin>39.10344827586207</xmin>
      <ymin>675.0344827586207</ymin>
      <xmax>282.2068965517242</xmax>
      <ymax>862.9655172413794</ymax>
    </bndbox>
  </object>
  <object>
    <name>sa</name>
    <pose/>
    <truncated/>
    <difficult/>
    <bndbox>
      <xmin>687.3793103448277</xmin>
      <ymin>606.0689655172414</ymin>
      <xmax>885.6551724137931</xmax>
      <ymax>852.6206896551724</ymax>
    </bndbox>
  </object>
  <object>
    <name>ta</name>
    <pose/>
    <truncated/>
    <difficult/>
    <bndbox>
      <xmin>1337.3793103448277</xmin>
      <ymin>588.8275862068966</ymin>
      <xmax>1602.8965517241381</xmax>
      <ymax>875.0344827586207</ymax>
    </bndbox>
  </object>
</annotation>
