<annotation>
  <folder/>
  <filename>IMG_E8776.jpg</filename>
  <database/>
  <annotation/>
  <image/>
  <size>
    <height>2336</height>
    <width>1838</width>
    <depth>3</depth>
  </size>
  <segmented/>
  <object>
    <name>wang</name>
    <pose/>
    <truncated/>
    <difficult/>
    <bndbox>
      <xmin>97.8205128205127</xmin>
      <ymin>37.66666666666667</ymin>
      <xmax>485.0</xmax>
      <ymax>327.4102564102564</ymax>
    </bndbox>
  </object>
  <object>
    <name>so</name>
    <pose/>
    <truncated/>
    <difficult/>
    <bndbox>
      <xmin>774.7435897435896</xmin>
      <ymin>42.794871794871796</ymin>
      <xmax>1167.0512820512818</xmax>
      <ymax>396.64102564102564</ymax>
    </bndbox>
  </object>
  <object>
    <name>nyu</name>
    <pose/>
    <truncated/>
    <difficult/>
    <bndbox>
      <xmin>1354.230769230769</xmin>
      <ymin>55.61538461538461</ymin>
      <xmax>1746.5384615384614</xmax>
      <ymax>450.48717948717945</ymax>
    </bndbox>
  </object>
  <object>
    <name>u</name>
    <pose/>
    <truncated/>
    <difficult/>
    <bndbox>
      <xmin>79.87179487179492</xmin>
      <ymin>1394.076923076923</ymin>
      <xmax>520.8974358974358</xmax>
      <ymax>1809.4615384615383</ymax>
    </bndbox>
  </object>
  <object>
    <name>nya</name>
    <pose/>
    <truncated/>
    <difficult/>
    <bndbox>
      <xmin>772.1794871794871</xmin>
      <ymin>1422.2820512820513</ymin>
      <xmax>1197.8205128205127</xmax>
      <ymax>1842.7948717948718</ymax>
    </bndbox>
  </object>
</annotation>
