<annotation>
  <folder/>
  <filename>IMG_E1168.jpg</filename>
  <database/>
  <annotation/>
  <image/>
  <size>
    <height>3267</height>
    <width>2517</width>
    <depth>3</depth>
  </size>
  <segmented/>
  <object>
    <name>ya</name>
    <pose/>
    <truncated/>
    <difficult/>
    <bndbox>
      <xmin>141.28571428571422</xmin>
      <ymin>132.42857142857142</ymin>
      <xmax>794.8571428571427</xmax>
      <ymax>646.7142857142857</ymax>
    </bndbox>
  </object>
  <object>
    <name>ga</name>
    <pose/>
    <truncated/>
    <difficult/>
    <bndbox>
      <xmin>984.1428571428569</xmin>
      <ymin>132.42857142857142</ymin>
      <xmax>1530.5714285714284</xmax>
      <ymax>614.5714285714286</ymax>
    </bndbox>
  </object>
  <object>
    <name>ta</name>
    <pose/>
    <truncated/>
    <difficult/>
    <bndbox>
      <xmin>1762.7142857142853</xmin>
      <ymin>114.57142857142856</ymin>
      <xmax>2394.8571428571427</xmax>
      <ymax>668.1428571428571</ymax>
    </bndbox>
  </object>
  <object>
    <name>na</name>
    <pose/>
    <truncated/>
    <difficult/>
    <bndbox>
      <xmin>234.14285714285688</xmin>
      <ymin>1893.1428571428569</ymin>
      <xmax>887.7142857142853</xmax>
      <ymax>2364.5714285714284</ymax>
    </bndbox>
  </object>
  <object>
    <name>ma</name>
    <pose/>
    <truncated/>
    <difficult/>
    <bndbox>
      <xmin>1155.5714285714284</xmin>
      <ymin>1896.7142857142856</ymin>
      <xmax>1848.428571428571</xmax>
      <ymax>2428.8571428571427</ymax>
    </bndbox>
  </object>
  <object>
    <name>la</name>
    <pose/>
    <truncated/>
    <difficult/>
    <bndbox>
      <xmin>1994.8571428571427</xmin>
      <ymin>1950.285714285714</ymin>
      <xmax>2484.142857142857</xmax>
      <ymax>2418.142857142857</ymax>
    </bndbox>
  </object>
</annotation>
