<annotation>
  <folder/>
  <filename>IMG_E1432.jpg</filename>
  <database/>
  <annotation/>
  <image/>
  <size>
    <height>2871</height>
    <width>2620</width>
    <depth>3</depth>
  </size>
  <segmented/>
  <object>
    <name>ja</name>
    <pose/>
    <truncated/>
    <difficult/>
    <bndbox>
      <xmin>97.875</xmin>
      <ymin>156.5</ymin>
      <xmax>697.875</xmax>
      <ymax>590.875</ymax>
    </bndbox>
  </object>
  <object>
    <name>ga</name>
    <pose/>
    <truncated/>
    <difficult/>
    <bndbox>
      <xmin>976.0</xmin>
      <ymin>187.75</ymin>
      <xmax>1522.875</xmax>
      <ymax>522.125</ymax>
    </bndbox>
  </object>
  <object>
    <name>ba</name>
    <pose/>
    <truncated/>
    <difficult/>
    <bndbox>
      <xmin>1732.25</xmin>
      <ymin>228.375</ymin>
      <xmax>2232.25</xmax>
      <ymax>575.25</ymax>
    </bndbox>
  </object>
  <object>
    <name>pa</name>
    <pose/>
    <truncated/>
    <difficult/>
    <bndbox>
      <xmin>238.5</xmin>
      <ymin>1609.625</ymin>
      <xmax>713.5</xmax>
      <ymax>1812.75</ymax>
    </bndbox>
  </object>
  <object>
    <name>ra</name>
    <pose/>
    <truncated/>
    <difficult/>
    <bndbox>
      <xmin>1141.625</xmin>
      <ymin>1553.375</ymin>
      <xmax>1644.75</xmax>
      <ymax>1953.375</ymax>
    </bndbox>
  </object>
  <object>
    <name>a</name>
    <pose/>
    <truncated/>
    <difficult/>
    <bndbox>
      <xmin>1901.0</xmin>
      <ymin>1603.375</ymin>
      <xmax>2494.75</xmax>
      <ymax>1994.0</ymax>
    </bndbox>
  </object>
</annotation>
