<annotation>
  <folder/>
  <filename>IMG_E9085.jpg</filename>
  <database/>
  <annotation/>
  <image/>
  <size>
    <height>1456</height>
    <width>3024</width>
    <depth>3</depth>
  </size>
  <segmented/>
  <object>
    <name>s</name>
    <pose/>
    <truncated/>
    <difficult/>
    <bndbox>
      <xmin>61.26530612244898</xmin>
      <ymin>109.69387755102042</ymin>
      <xmax>675.5510204081633</xmax>
      <ymax>507.65306122448976</ymax>
    </bndbox>
  </object>
  <object>
    <name>ta</name>
    <pose/>
    <truncated/>
    <difficult/>
    <bndbox>
      <xmin>849.0204081632653</xmin>
      <ymin>52.551020408163254</ymin>
      <xmax>1273.5102040816328</xmax>
      <ymax>442.34693877551024</ymax>
    </bndbox>
  </object>
  <object>
    <name>r</name>
    <pose/>
    <truncated/>
    <difficult/>
    <bndbox>
      <xmin>1544.938775510204</xmin>
      <ymin>99.48979591836735</ymin>
      <xmax>2081.673469387755</xmax>
      <ymax>523.9795918367347</ymax>
    </bndbox>
  </object>
  <object>
    <name>y</name>
    <pose/>
    <truncated/>
    <difficult/>
    <bndbox>
      <xmin>2226.5714285714284</xmin>
      <ymin>91.32653061224488</ymin>
      <xmax>2881.673469387755</xmax>
      <ymax>542.3469387755102</ymax>
    </bndbox>
  </object>
</annotation>
