<annotation>
  <folder/>
  <filename>IMG_20200523_115955.jpg</filename>
  <database/>
  <annotation/>
  <image/>
  <size>
    <height>1288</height>
    <width>2052</width>
    <depth>3</depth>
  </size>
  <segmented/>
  <object>
    <name>ta</name>
    <pose/>
    <truncated/>
    <difficult/>
    <bndbox>
      <xmin>49.98591549295776</xmin>
      <ymin>27.802816901408455</ymin>
      <xmax>265.4788732394366</xmax>
      <ymax>264.42253521126764</ymax>
    </bndbox>
  </object>
  <object>
    <name>na</name>
    <pose/>
    <truncated/>
    <difficult/>
    <bndbox>
      <xmin>762.661971830986</xmin>
      <ymin>53.15492957746479</ymin>
      <xmax>1030.2676056338028</xmax>
      <ymax>255.97183098591552</ymax>
    </bndbox>
  </object>
  <object>
    <name>ra</name>
    <pose/>
    <truncated/>
    <difficult/>
    <bndbox>
      <xmin>1380.9718309859156</xmin>
      <ymin>86.95774647887325</ymin>
      <xmax>1659.8450704225354</xmax>
      <ymax>295.40845070422534</ymax>
    </bndbox>
  </object>
  <object>
    <name>a</name>
    <pose/>
    <truncated/>
    <difficult/>
    <bndbox>
      <xmin>14.774647887323951</xmin>
      <ymin>603.8591549295775</ymin>
      <xmax>206.32394366197184</xmax>
      <ymax>779.9154929577466</ymax>
    </bndbox>
  </object>
  <object>
    <name>nya</name>
    <pose/>
    <truncated/>
    <difficult/>
    <bndbox>
      <xmin>710.5492957746479</xmin>
      <ymin>610.9014084507043</ymin>
      <xmax>933.0845070422536</xmax>
      <ymax>808.0845070422536</ymax>
    </bndbox>
  </object>
  <object>
    <name>pa</name>
    <pose/>
    <truncated/>
    <difficult/>
    <bndbox>
      <xmin>1414.774647887324</xmin>
      <ymin>685.5492957746479</ymin>
      <xmax>1719.0</xmax>
      <ymax>884.1408450704225</ymax>
    </bndbox>
  </object>
</annotation>
