<annotation>
  <folder/>
  <filename>IMG_20200523_115015.jpg</filename>
  <database/>
  <annotation/>
  <image/>
  <size>
    <height>1784</height>
    <width>2896</width>
    <depth>3</depth>
  </size>
  <segmented/>
  <object>
    <name>ja</name>
    <pose/>
    <truncated/>
    <difficult/>
    <bndbox>
      <xmin>18.764705882352942</xmin>
      <ymin>40.94117647058823</ymin>
      <xmax>471.7058823529412</xmax>
      <ymax>384.078431372549</ymax>
    </bndbox>
  </object>
  <object>
    <name>ga</name>
    <pose/>
    <truncated/>
    <difficult/>
    <bndbox>
      <xmin>973.6666666666667</xmin>
      <ymin>99.76470588235294</ymin>
      <xmax>1407.0</xmax>
      <ymax>433.09803921568624</ymax>
    </bndbox>
  </object>
  <object>
    <name>nga</name>
    <pose/>
    <truncated/>
    <difficult/>
    <bndbox>
      <xmin>1885.4313725490197</xmin>
      <ymin>138.98039215686273</ymin>
      <xmax>2210.921568627451</xmax>
      <ymax>537.0196078431372</ymax>
    </bndbox>
  </object>
  <object>
    <name>wa</name>
    <pose/>
    <truncated/>
    <difficult/>
    <bndbox>
      <xmin>8.960784313725483</xmin>
      <ymin>1058.5882352941176</ymin>
      <xmax>459.9411764705882</xmax>
      <ymax>1431.1372549019607</ymax>
    </bndbox>
  </object>
  <object>
    <name>ba</name>
    <pose/>
    <truncated/>
    <difficult/>
    <bndbox>
      <xmin>926.6078431372549</xmin>
      <ymin>1237.0196078431372</ymin>
      <xmax>1287.392156862745</xmax>
      <ymax>1505.6470588235293</ymax>
    </bndbox>
  </object>
  <object>
    <name>ha</name>
    <pose/>
    <truncated/>
    <difficult/>
    <bndbox>
      <xmin>2040.3333333333335</xmin>
      <ymin>1080.1568627450981</ymin>
      <xmax>2444.254901960784</xmax>
      <ymax>1368.392156862745</ymax>
    </bndbox>
  </object>
</annotation>
