<annotation>
  <folder/>
  <filename>IMG_20200523_181931.jpg</filename>
  <database/>
  <annotation/>
  <image/>
  <size>
    <height>1500</height>
    <width>1228</width>
    <depth>3</depth>
  </size>
  <segmented/>
  <object>
    <name>nya</name>
    <pose/>
    <truncated/>
    <difficult/>
    <bndbox>
      <xmin>154.73913043478262</xmin>
      <ymin>145.69565217391303</ymin>
      <xmax>300.391304347826</xmax>
      <ymax>258.7391304347826</ymax>
    </bndbox>
  </object>
  <object>
    <name>sa</name>
    <pose/>
    <truncated/>
    <difficult/>
    <bndbox>
      <xmin>550.391304347826</xmin>
      <ymin>139.17391304347825</ymin>
      <xmax>678.6521739130435</xmax>
      <ymax>254.39130434782606</ymax>
    </bndbox>
  </object>
  <object>
    <name>ta</name>
    <pose/>
    <truncated/>
    <difficult/>
    <bndbox>
      <xmin>969.9565217391303</xmin>
      <ymin>158.7391304347826</ymin>
      <xmax>1065.6086956521738</xmax>
      <ymax>278.30434782608694</ymax>
    </bndbox>
  </object>
  <object>
    <name>ta</name>
    <pose/>
    <truncated/>
    <difficult/>
    <bndbox>
      <xmin>163.43478260869563</xmin>
      <ymin>800.0434782608695</ymin>
      <xmax>293.86956521739125</xmax>
      <ymax>923.9565217391304</ymax>
    </bndbox>
  </object>
  <object>
    <name>la</name>
    <pose/>
    <truncated/>
    <difficult/>
    <bndbox>
      <xmin>511.26086956521726</xmin>
      <ymin>834.8260869565217</ymin>
      <xmax>637.3478260869565</xmax>
      <ymax>917.4347826086956</ymax>
    </bndbox>
  </object>
  <object>
    <name>ja</name>
    <pose/>
    <truncated/>
    <difficult/>
    <bndbox>
      <xmin>841.695652173913</xmin>
      <ymin>817.4347826086956</ymin>
      <xmax>993.8695652173913</xmax>
      <ymax>919.6086956521739</ymax>
    </bndbox>
  </object>
</annotation>
