<annotation>
  <folder/>
  <filename>IMG_20200522_164911.jpg</filename>
  <database/>
  <annotation/>
  <image/>
  <size>
    <height>1730</height>
    <width>2826</width>
    <depth>3</depth>
  </size>
  <segmented/>
  <object>
    <name>nya</name>
    <pose/>
    <truncated/>
    <difficult/>
    <bndbox>
      <xmin>79.0566037735849</xmin>
      <ymin>123.30188679245282</ymin>
      <xmax>335.66037735849056</xmax>
      <ymax>313.8679245283019</ymax>
    </bndbox>
  </object>
  <object>
    <name>na</name>
    <pose/>
    <truncated/>
    <difficult/>
    <bndbox>
      <xmin>1326.2264150943395</xmin>
      <ymin>223.30188679245282</ymin>
      <xmax>1565.8490566037735</xmax>
      <ymax>396.88679245283015</ymax>
    </bndbox>
  </object>
  <object>
    <name>ta</name>
    <pose/>
    <truncated/>
    <difficult/>
    <bndbox>
      <xmin>2233.7735849056603</xmin>
      <ymin>264.811320754717</ymin>
      <xmax>2511.132075471698</xmax>
      <ymax>498.77358490566036</ymax>
    </bndbox>
  </object>
  <object>
    <name>la</name>
    <pose/>
    <truncated/>
    <difficult/>
    <bndbox>
      <xmin>105.47169811320754</xmin>
      <ymin>1028.9622641509434</ymin>
      <xmax>379.05660377358487</xmax>
      <ymax>1166.698113207547</ymax>
    </bndbox>
  </object>
  <object>
    <name>pa</name>
    <pose/>
    <truncated/>
    <difficult/>
    <bndbox>
      <xmin>1405.4716981132074</xmin>
      <ymin>1108.2075471698113</ymin>
      <xmax>1628.1132075471696</xmax>
      <ymax>1321.4150943396226</ymax>
    </bndbox>
  </object>
  <object>
    <name>na</name>
    <pose/>
    <truncated/>
    <difficult/>
    <bndbox>
      <xmin>2296.0377358490564</xmin>
      <ymin>1276.132075471698</ymin>
      <xmax>2526.2264150943397</xmax>
      <ymax>1451.6037735849056</ymax>
    </bndbox>
  </object>
</annotation>
