<annotation>
  <folder/>
  <filename>IMG_E1627.jpg</filename>
  <database/>
  <annotation/>
  <image/>
  <size>
    <height>3109</height>
    <width>2657</width>
    <depth>3</depth>
  </size>
  <segmented/>
  <object>
    <name>nya</name>
    <pose/>
    <truncated/>
    <difficult/>
    <bndbox>
      <xmin>111.55172413793116</xmin>
      <ymin>22.62068965517242</ymin>
      <xmax>646.0344827586209</xmax>
      <ymax>595.0344827586207</ymax>
    </bndbox>
  </object>
  <object>
    <name>sa</name>
    <pose/>
    <truncated/>
    <difficult/>
    <bndbox>
      <xmin>911.5517241379312</xmin>
      <ymin>15.724137931034484</ymin>
      <xmax>1525.344827586207</xmax>
      <ymax>722.6206896551724</ymax>
    </bndbox>
  </object>
  <object>
    <name>nga</name>
    <pose/>
    <truncated/>
    <difficult/>
    <bndbox>
      <xmin>1721.8965517241381</xmin>
      <ymin>167.44827586206898</ymin>
      <xmax>2301.206896551724</xmax>
      <ymax>757.1034482758621</ymax>
    </bndbox>
  </object>
  <object>
    <name>la</name>
    <pose/>
    <truncated/>
    <difficult/>
    <bndbox>
      <xmin>97.75862068965534</xmin>
      <ymin>1715.7241379310346</ymin>
      <xmax>756.3793103448279</xmax>
      <ymax>2129.5172413793107</ymax>
    </bndbox>
  </object>
  <object>
    <name>ja</name>
    <pose/>
    <truncated/>
    <difficult/>
    <bndbox>
      <xmin>1059.8275862068967</xmin>
      <ymin>1570.8965517241381</ymin>
      <xmax>1659.8275862068967</xmax>
      <ymax>2205.379310344828</ymax>
    </bndbox>
  </object>
  <object>
    <name>pa</name>
    <pose/>
    <truncated/>
    <difficult/>
    <bndbox>
      <xmin>1856.379310344828</xmin>
      <ymin>1750.2068965517242</ymin>
      <xmax>2394.3103448275865</xmax>
      <ymax>2008.8275862068967</ymax>
    </bndbox>
  </object>
</annotation>
