<annotation>
  <folder/>
  <filename>IMG_20200504_204452.jpg</filename>
  <database/>
  <annotation/>
  <image/>
  <size>
    <height>1238</height>
    <width>2246</width>
    <depth>3</depth>
  </size>
  <segmented/>
  <object>
    <name>t</name>
    <pose/>
    <truncated/>
    <difficult/>
    <bndbox>
      <xmin>62.0</xmin>
      <ymin>77.9230769230769</ymin>
      <xmax>294.3076923076923</xmax>
      <ymax>224.07692307692304</ymax>
    </bndbox>
  </object>
  <object>
    <name>hu</name>
    <pose/>
    <truncated/>
    <difficult/>
    <bndbox>
      <xmin>518.9230769230769</xmin>
      <ymin>59.46153846153845</ymin>
      <xmax>791.2307692307692</xmax>
      <ymax>302.53846153846155</ymax>
    </bndbox>
  </object>
  <object>
    <name>r</name>
    <pose/>
    <truncated/>
    <difficult/>
    <bndbox>
      <xmin>1075.8461538461538</xmin>
      <ymin>87.15384615384616</ymin>
      <xmax>1512.7692307692307</xmax>
      <ymax>264.07692307692304</ymax>
    </bndbox>
  </object>
  <object>
    <name>nge</name>
    <pose/>
    <truncated/>
    <difficult/>
    <bndbox>
      <xmin>1678.923076923077</xmin>
      <ymin>51.769230769230774</ymin>
      <xmax>1923.5384615384614</xmax>
      <ymax>313.3076923076923</ymax>
    </bndbox>
  </object>
  <object>
    <name>wa</name>
    <pose/>
    <truncated/>
    <difficult/>
    <bndbox>
      <xmin>49.69230769230769</xmin>
      <ymin>621.0</ymin>
      <xmax>325.07692307692304</xmax>
      <ymax>845.6153846153845</ymax>
    </bndbox>
  </object>
  <object>
    <name>ma</name>
    <pose/>
    <truncated/>
    <difficult/>
    <bndbox>
      <xmin>612.7692307692307</xmin>
      <ymin>630.2307692307692</ymin>
      <xmax>951.2307692307692</xmax>
      <ymax>834.8461538461538</ymax>
    </bndbox>
  </object>
  <object>
    <name>pi</name>
    <pose/>
    <truncated/>
    <difficult/>
    <bndbox>
      <xmin>1094.3076923076924</xmin>
      <ymin>687.1538461538461</ymin>
      <xmax>1589.6923076923076</xmax>
      <ymax>853.3076923076923</ymax>
    </bndbox>
  </object>
  <object>
    <name>nang</name>
    <pose/>
    <truncated/>
    <difficult/>
    <bndbox>
      <xmin>1717.3846153846152</xmin>
      <ymin>721.0</ymin>
      <xmax>1997.3846153846152</xmax>
      <ymax>921.0</ymax>
    </bndbox>
  </object>
</annotation>
