<annotation>
  <folder/>
  <filename>IMG_E1394.jpg</filename>
  <database/>
  <annotation/>
  <image/>
  <size>
    <height>1200</height>
    <width>2787</width>
    <depth>3</depth>
  </size>
  <segmented/>
  <object>
    <name>wa</name>
    <pose/>
    <truncated/>
    <difficult/>
    <bndbox>
      <xmin>115.0</xmin>
      <ymin>17.0</ymin>
      <xmax>455.0</xmax>
      <ymax>313.0</ymax>
    </bndbox>
  </object>
  <object>
    <name>pa</name>
    <pose/>
    <truncated/>
    <difficult/>
    <bndbox>
      <xmin>641.0</xmin>
      <ymin>125.0</ymin>
      <xmax>993.0</xmax>
      <ymax>249.0</ymax>
    </bndbox>
  </object>
  <object>
    <name>ha</name>
    <pose/>
    <truncated/>
    <difficult/>
    <bndbox>
      <xmin>1149.0</xmin>
      <ymin>85.0</ymin>
      <xmax>1509.0</xmax>
      <ymax>357.0</ymax>
    </bndbox>
  </object>
  <object>
    <name>nga</name>
    <pose/>
    <truncated/>
    <difficult/>
    <bndbox>
      <xmin>1543.0</xmin>
      <ymin>143.0</ymin>
      <xmax>1819.0</xmax>
      <ymax>409.0</ymax>
    </bndbox>
  </object>
  <object>
    <name>sa</name>
    <pose/>
    <truncated/>
    <difficult/>
    <bndbox>
      <xmin>1917.0</xmin>
      <ymin>131.0</ymin>
      <xmax>2277.0</xmax>
      <ymax>457.0</ymax>
    </bndbox>
  </object>
  <object>
    <name>nya</name>
    <pose/>
    <truncated/>
    <difficult/>
    <bndbox>
      <xmin>2445.0</xmin>
      <ymin>187.0</ymin>
      <xmax>2751.0</xmax>
      <ymax>533.0</ymax>
    </bndbox>
  </object>
</annotation>
