<annotation>
  <folder/>
  <filename>IMG_20200523_171556.jpg</filename>
  <database/>
  <annotation/>
  <image/>
  <size>
    <height>1409</height>
    <width>1370</width>
    <depth>3</depth>
  </size>
  <segmented/>
  <object>
    <name>pa</name>
    <pose/>
    <truncated/>
    <difficult/>
    <bndbox>
      <xmin>74.46153846153845</xmin>
      <ymin>176.53846153846152</ymin>
      <xmax>303.6923076923076</xmax>
      <ymax>396.53846153846155</ymax>
    </bndbox>
  </object>
  <object>
    <name>wa</name>
    <pose/>
    <truncated/>
    <difficult/>
    <bndbox>
      <xmin>552.9230769230769</xmin>
      <ymin>188.84615384615384</ymin>
      <xmax>791.3846153846152</xmax>
      <ymax>421.15384615384613</ymax>
    </bndbox>
  </object>
  <object>
    <name>ba</name>
    <pose/>
    <truncated/>
    <difficult/>
    <bndbox>
      <xmin>994.4615384615383</xmin>
      <ymin>215.0</ymin>
      <xmax>1243.6923076923076</xmax>
      <ymax>393.46153846153845</ymax>
    </bndbox>
  </object>
  <object>
    <name>ta</name>
    <pose/>
    <truncated/>
    <difficult/>
    <bndbox>
      <xmin>109.84615384615381</xmin>
      <ymin>727.3076923076923</ymin>
      <xmax>328.30769230769226</xmax>
      <ymax>939.6153846153845</ymax>
    </bndbox>
  </object>
  <object>
    <name>sa</name>
    <pose/>
    <truncated/>
    <difficult/>
    <bndbox>
      <xmin>560.6153846153845</xmin>
      <ymin>713.4615384615385</ymin>
      <xmax>811.3846153846152</xmax>
      <ymax>948.8461538461538</ymax>
    </bndbox>
  </object>
  <object>
    <name>ra</name>
    <pose/>
    <truncated/>
    <difficult/>
    <bndbox>
      <xmin>1026.7692307692307</xmin>
      <ymin>750.3846153846154</ymin>
      <xmax>1277.5384615384614</xmax>
      <ymax>965.7692307692307</ymax>
    </bndbox>
  </object>
</annotation>
