<annotation>
  <folder/>
  <filename>IMG_E1154.jpg</filename>
  <database/>
  <annotation/>
  <image/>
  <size>
    <height>1090</height>
    <width>2896</width>
    <depth>3</depth>
  </size>
  <segmented/>
  <object>
    <name>nga</name>
    <pose/>
    <truncated/>
    <difficult/>
    <bndbox>
      <xmin>89.29629629629629</xmin>
      <ymin>100.25925925925924</ymin>
      <xmax>428.18518518518516</xmax>
      <ymax>446.55555555555554</ymax>
    </bndbox>
  </object>
  <object>
    <name>ya</name>
    <pose/>
    <truncated/>
    <difficult/>
    <bndbox>
      <xmin>555.9629629629629</xmin>
      <ymin>170.62962962962962</ymin>
      <xmax>1002.2592592592592</xmax>
      <ymax>453.96296296296293</ymax>
    </bndbox>
  </object>
  <object>
    <name>nga</name>
    <pose/>
    <truncated/>
    <difficult/>
    <bndbox>
      <xmin>1091.148148148148</xmin>
      <ymin>146.55555555555554</ymin>
      <xmax>1467.074074074074</xmax>
      <ymax>491.0</ymax>
    </bndbox>
  </object>
  <object>
    <name>nya</name>
    <pose/>
    <truncated/>
    <difficult/>
    <bndbox>
      <xmin>1507.8148148148148</xmin>
      <ymin>126.18518518518516</ymin>
      <xmax>1870.7777777777776</xmax>
      <ymax>461.3703703703703</ymax>
    </bndbox>
  </object>
  <object>
    <name>sa</name>
    <pose/>
    <truncated/>
    <difficult/>
    <bndbox>
      <xmin>1926.3333333333333</xmin>
      <ymin>124.33333333333331</ymin>
      <xmax>2322.6296296296296</xmax>
      <ymax>561.3703703703703</ymax>
    </bndbox>
  </object>
  <object>
    <name>da</name>
    <pose/>
    <truncated/>
    <difficult/>
    <bndbox>
      <xmin>2463.37037037037</xmin>
      <ymin>174.33333333333331</ymin>
      <xmax>2746.7037037037035</xmax>
      <ymax>428.03703703703695</ymax>
    </bndbox>
  </object>
</annotation>
