<annotation>
  <folder/>
  <filename>IMG_E1436.jpg</filename>
  <database/>
  <annotation/>
  <image/>
  <size>
    <height>2644</height>
    <width>2328</width>
    <depth>3</depth>
  </size>
  <segmented/>
  <object>
    <name>ha</name>
    <pose/>
    <truncated/>
    <difficult/>
    <bndbox>
      <xmin>55.88235294117635</xmin>
      <ymin>35.58823529411764</ymin>
      <xmax>505.88235294117635</xmax>
      <ymax>482.6470588235294</ymax>
    </bndbox>
  </object>
  <object>
    <name>nga</name>
    <pose/>
    <truncated/>
    <difficult/>
    <bndbox>
      <xmin>805.8823529411764</xmin>
      <ymin>176.76470588235293</ymin>
      <xmax>1135.2941176470586</xmax>
      <ymax>582.6470588235294</ymax>
    </bndbox>
  </object>
  <object>
    <name>ta</name>
    <pose/>
    <truncated/>
    <difficult/>
    <bndbox>
      <xmin>1385.2941176470586</xmin>
      <ymin>170.88235294117646</ymin>
      <xmax>1941.1764705882351</xmax>
      <ymax>673.8235294117646</ymax>
    </bndbox>
  </object>
  <object>
    <name>ya</name>
    <pose/>
    <truncated/>
    <difficult/>
    <bndbox>
      <xmin>38.23529411764707</xmin>
      <ymin>1453.2352941176468</ymin>
      <xmax>520.5882352941176</xmax>
      <ymax>1829.705882352941</ymax>
    </bndbox>
  </object>
  <object>
    <name>wa</name>
    <pose/>
    <truncated/>
    <difficult/>
    <bndbox>
      <xmin>802.9411764705881</xmin>
      <ymin>1465.0</ymin>
      <xmax>1400.0</xmax>
      <ymax>1879.705882352941</ymax>
    </bndbox>
  </object>
  <object>
    <name>ma</name>
    <pose/>
    <truncated/>
    <difficult/>
    <bndbox>
      <xmin>1520.5882352941176</xmin>
      <ymin>1491.470588235294</ymin>
      <xmax>2205.882352941176</xmax>
      <ymax>1944.4117647058822</ymax>
    </bndbox>
  </object>
</annotation>
