<annotation>
  <folder/>
  <filename>IMG_20200523_151331.jpg</filename>
  <database/>
  <annotation/>
  <image/>
  <size>
    <height>896</height>
    <width>1568</width>
    <depth>3</depth>
  </size>
  <segmented/>
  <object>
    <name>ja</name>
    <pose/>
    <truncated/>
    <difficult/>
    <bndbox>
      <xmin>17.21212121212121</xmin>
      <ymin>15.484848484848484</ymin>
      <xmax>320.24242424242425</xmax>
      <ymax>165.48484848484847</ymax>
    </bndbox>
  </object>
  <object>
    <name>na</name>
    <pose/>
    <truncated/>
    <difficult/>
    <bndbox>
      <xmin>546.0</xmin>
      <ymin>27.606060606060595</ymin>
      <xmax>827.8181818181818</xmax>
      <ymax>162.45454545454544</ymax>
    </bndbox>
  </object>
  <object>
    <name>sa</name>
    <pose/>
    <truncated/>
    <difficult/>
    <bndbox>
      <xmin>1102.060606060606</xmin>
      <ymin>17.0</ymin>
      <xmax>1396.0</xmax>
      <ymax>176.09090909090907</ymax>
    </bndbox>
  </object>
  <object>
    <name>la</name>
    <pose/>
    <truncated/>
    <difficult/>
    <bndbox>
      <xmin>58.12121212121212</xmin>
      <ymin>473.060606060606</ymin>
      <xmax>274.78787878787875</xmax>
      <ymax>603.3636363636364</ymax>
    </bndbox>
  </object>
  <object>
    <name>ha</name>
    <pose/>
    <truncated/>
    <difficult/>
    <bndbox>
      <xmin>714.1818181818181</xmin>
      <ymin>463.969696969697</ymin>
      <xmax>876.3030303030303</xmax>
      <ymax>621.5454545454545</ymax>
    </bndbox>
  </object>
  <object>
    <name>ba</name>
    <pose/>
    <truncated/>
    <difficult/>
    <bndbox>
      <xmin>1155.090909090909</xmin>
      <ymin>380.6363636363636</ymin>
      <xmax>1418.7272727272727</xmax>
      <ymax>573.060606060606</ymax>
    </bndbox>
  </object>
</annotation>
