<annotation>
  <folder/>
  <filename>IMG_E0659.jpg</filename>
  <database/>
  <annotation/>
  <image/>
  <size>
    <height>1524</height>
    <width>3657</width>
    <depth>3</depth>
  </size>
  <segmented/>
  <object>
    <name>ha</name>
    <pose/>
    <truncated/>
    <difficult/>
    <bndbox>
      <xmin>75.74418604651163</xmin>
      <ymin>91.32558139534882</ymin>
      <xmax>510.6279069767442</xmax>
      <ymax>489.0</ymax>
    </bndbox>
  </object>
  <object>
    <name>ya</name>
    <pose/>
    <truncated/>
    <difficult/>
    <bndbox>
      <xmin>685.046511627907</xmin>
      <ymin>189.0</ymin>
      <xmax>1122.2558139534883</xmax>
      <ymax>514.5813953488372</ymax>
    </bndbox>
  </object>
  <object>
    <name>nga</name>
    <pose/>
    <truncated/>
    <difficult/>
    <bndbox>
      <xmin>1310.6279069767443</xmin>
      <ymin>168.06976744186045</ymin>
      <xmax>1645.5116279069769</xmax>
      <ymax>533.1860465116279</ymax>
    </bndbox>
  </object>
  <object>
    <name>la</name>
    <pose/>
    <truncated/>
    <difficult/>
    <bndbox>
      <xmin>1796.6744186046512</xmin>
      <ymin>230.8604651162791</ymin>
      <xmax>2247.8372093023254</xmax>
      <ymax>549.4651162790698</ymax>
    </bndbox>
  </object>
  <object>
    <name>ba</name>
    <pose/>
    <truncated/>
    <difficult/>
    <bndbox>
      <xmin>2424.5813953488373</xmin>
      <ymin>214.5813953488372</ymin>
      <xmax>2831.5581395348836</xmax>
      <ymax>568.0697674418604</ymax>
    </bndbox>
  </object>
  <object>
    <name>ta</name>
    <pose/>
    <truncated/>
    <difficult/>
    <bndbox>
      <xmin>3105.9767441860467</xmin>
      <ymin>291.3255813953489</ymin>
      <xmax>3436.2093023255816</xmax>
      <ymax>656.4418604651163</ymax>
    </bndbox>
  </object>
</annotation>
