<annotation>
  <folder/>
  <filename>IMG_20200522_173114.jpg</filename>
  <database/>
  <annotation/>
  <image/>
  <size>
    <height>1892</height>
    <width>2666</width>
    <depth>3</depth>
  </size>
  <segmented/>
  <object>
    <name>na</name>
    <pose/>
    <truncated/>
    <difficult/>
    <bndbox>
      <xmin>50.166666666666686</xmin>
      <ymin>66.25</ymin>
      <xmax>364.75</xmax>
      <ymax>282.9166666666667</ymax>
    </bndbox>
  </object>
  <object>
    <name>ba</name>
    <pose/>
    <truncated/>
    <difficult/>
    <bndbox>
      <xmin>900.1666666666667</xmin>
      <ymin>82.91666666666667</ymin>
      <xmax>1168.9166666666667</xmax>
      <ymax>268.33333333333337</ymax>
    </bndbox>
  </object>
  <object>
    <name>a</name>
    <pose/>
    <truncated/>
    <difficult/>
    <bndbox>
      <xmin>2035.5833333333335</xmin>
      <ymin>53.75</ymin>
      <xmax>2287.666666666667</xmax>
      <ymax>282.9166666666667</ymax>
    </bndbox>
  </object>
  <object>
    <name>ga</name>
    <pose/>
    <truncated/>
    <difficult/>
    <bndbox>
      <xmin>54.33333333333337</xmin>
      <ymin>951.6666666666667</ymin>
      <xmax>381.41666666666674</xmax>
      <ymax>1112.0833333333335</ymax>
    </bndbox>
  </object>
  <object>
    <name>sa</name>
    <pose/>
    <truncated/>
    <difficult/>
    <bndbox>
      <xmin>952.25</xmin>
      <ymin>941.25</ymin>
      <xmax>1183.5</xmax>
      <ymax>1201.6666666666667</ymax>
    </bndbox>
  </object>
  <object>
    <name>ta</name>
    <pose/>
    <truncated/>
    <difficult/>
    <bndbox>
      <xmin>1962.666666666667</xmin>
      <ymin>966.25</ymin>
      <xmax>2216.8333333333335</xmax>
      <ymax>1205.8333333333335</ymax>
    </bndbox>
  </object>
</annotation>
