<annotation>
  <folder/>
  <filename>IMG_20200523_150204.jpg</filename>
  <database/>
  <annotation/>
  <image/>
  <size>
    <height>1024</height>
    <width>1658</width>
    <depth>3</depth>
  </size>
  <segmented/>
  <object>
    <name>ga</name>
    <pose/>
    <truncated/>
    <difficult/>
    <bndbox>
      <xmin>73.87096774193549</xmin>
      <ymin>60.516129032258064</ymin>
      <xmax>315.80645161290323</xmax>
      <ymax>220.19354838709677</ymax>
    </bndbox>
  </object>
  <object>
    <name>ha</name>
    <pose/>
    <truncated/>
    <difficult/>
    <bndbox>
      <xmin>683.5483870967741</xmin>
      <ymin>44.38709677419355</ymin>
      <xmax>896.4516129032259</xmax>
      <ymax>247.61290322580646</ymax>
    </bndbox>
  </object>
  <object>
    <name>da</name>
    <pose/>
    <truncated/>
    <difficult/>
    <bndbox>
      <xmin>1169.032258064516</xmin>
      <ymin>60.516129032258064</ymin>
      <xmax>1431.9354838709678</xmax>
      <ymax>258.9032258064516</ymax>
    </bndbox>
  </object>
  <object>
    <name>wa</name>
    <pose/>
    <truncated/>
    <difficult/>
    <bndbox>
      <xmin>27.096774193548384</xmin>
      <ymin>476.64516129032256</ymin>
      <xmax>275.48387096774195</xmax>
      <ymax>691.1612903225806</ymax>
    </bndbox>
  </object>
  <object>
    <name>la</name>
    <pose/>
    <truncated/>
    <difficult/>
    <bndbox>
      <xmin>704.516129032258</xmin>
      <ymin>496.0</ymin>
      <xmax>935.1612903225806</xmax>
      <ymax>699.2258064516129</ymax>
    </bndbox>
  </object>
  <object>
    <name>ga</name>
    <pose/>
    <truncated/>
    <difficult/>
    <bndbox>
      <xmin>1254.516129032258</xmin>
      <ymin>500.8387096774194</ymin>
      <xmax>1433.5483870967741</xmax>
      <ymax>705.6774193548387</ymax>
    </bndbox>
  </object>
</annotation>
