<annotation>
  <folder/>
  <filename>IMG_E1034.jpg</filename>
  <database/>
  <annotation/>
  <image/>
  <size>
    <height>2696</height>
    <width>2568</width>
    <depth>3</depth>
  </size>
  <segmented/>
  <object>
    <name>a</name>
    <pose/>
    <truncated/>
    <difficult/>
    <bndbox>
      <xmin>43.58823529411757</xmin>
      <ymin>67.47058823529412</ymin>
      <xmax>567.1176470588234</xmax>
      <ymax>479.235294117647</ymax>
    </bndbox>
  </object>
  <object>
    <name>ba</name>
    <pose/>
    <truncated/>
    <difficult/>
    <bndbox>
      <xmin>678.8823529411764</xmin>
      <ymin>52.764705882352935</ymin>
      <xmax>1125.9411764705883</xmax>
      <ymax>511.58823529411757</ymax>
    </bndbox>
  </object>
  <object>
    <name>ra</name>
    <pose/>
    <truncated/>
    <difficult/>
    <bndbox>
      <xmin>1223.0</xmin>
      <ymin>196.88235294117646</ymin>
      <xmax>1799.4705882352937</xmax>
      <ymax>543.9411764705882</ymax>
    </bndbox>
  </object>
  <object>
    <name>da</name>
    <pose/>
    <truncated/>
    <difficult/>
    <bndbox>
      <xmin>1970.0588235294117</xmin>
      <ymin>120.41176470588235</ymin>
      <xmax>2449.4705882352937</xmax>
      <ymax>543.9411764705882</ymax>
    </bndbox>
  </object>
  <object>
    <name>ha</name>
    <pose/>
    <truncated/>
    <difficult/>
    <bndbox>
      <xmin>43.58823529411757</xmin>
      <ymin>1320.4117647058822</ymin>
      <xmax>473.0</xmax>
      <ymax>1761.5882352941176</ymax>
    </bndbox>
  </object>
  <object>
    <name>nga</name>
    <pose/>
    <truncated/>
    <difficult/>
    <bndbox>
      <xmin>828.8823529411764</xmin>
      <ymin>1311.5882352941176</ymin>
      <xmax>1323.0</xmax>
      <ymax>1946.8823529411764</ymax>
    </bndbox>
  </object>
  <object>
    <name>nya</name>
    <pose/>
    <truncated/>
    <difficult/>
    <bndbox>
      <xmin>1420.0588235294117</xmin>
      <ymin>1385.1176470588234</ymin>
      <xmax>1970.0588235294117</xmax>
      <ymax>1976.2941176470588</ymax>
    </bndbox>
  </object>
  <object>
    <name>ta</name>
    <pose/>
    <truncated/>
    <difficult/>
    <bndbox>
      <xmin>2087.705882352941</xmin>
      <ymin>1458.6470588235293</ymin>
      <xmax>2534.7647058823527</xmax>
      <ymax>1923.3529411764705</ymax>
    </bndbox>
  </object>
</annotation>
