<annotation>
  <folder/>
  <filename>IMG_E1631.jpg</filename>
  <database/>
  <annotation/>
  <image/>
  <size>
    <height>3723</height>
    <width>1424</width>
    <depth>3</depth>
  </size>
  <segmented/>
  <object>
    <name>a</name>
    <pose/>
    <truncated/>
    <difficult/>
    <bndbox>
      <xmin>87.16666666666697</xmin>
      <ymin>30.66666666666667</ymin>
      <xmax>770.5</xmax>
      <ymax>472.33333333333337</ymax>
    </bndbox>
  </object>
  <object>
    <name>ba</name>
    <pose/>
    <truncated/>
    <difficult/>
    <bndbox>
      <xmin>908.0</xmin>
      <ymin>72.33333333333334</ymin>
      <xmax>1408.0</xmax>
      <ymax>564.0</ymax>
    </bndbox>
  </object>
  <object>
    <name>d</name>
    <pose/>
    <truncated/>
    <difficult/>
    <bndbox>
      <xmin>91.33333333333348</xmin>
      <ymin>1222.3333333333335</ymin>
      <xmax>620.5</xmax>
      <ymax>1780.6666666666667</ymax>
    </bndbox>
  </object>
  <object>
    <name>na</name>
    <pose/>
    <truncated/>
    <difficult/>
    <bndbox>
      <xmin>724.666666666667</xmin>
      <ymin>1380.6666666666667</ymin>
      <xmax>1312.166666666667</xmax>
      <ymax>1884.8333333333335</ymax>
    </bndbox>
  </object>
  <object>
    <name>sa</name>
    <pose/>
    <truncated/>
    <difficult/>
    <bndbox>
      <xmin>24.66666666666697</xmin>
      <ymin>2580.666666666667</ymin>
      <xmax>712.166666666667</xmax>
      <ymax>3147.3333333333335</ymax>
    </bndbox>
  </object>
  <object>
    <name>pa</name>
    <pose/>
    <truncated/>
    <difficult/>
    <bndbox>
      <xmin>808.0</xmin>
      <ymin>2739.0</ymin>
      <xmax>1345.5</xmax>
      <ymax>3130.666666666667</ymax>
    </bndbox>
  </object>
</annotation>
