<annotation>
  <folder/>
  <filename>IMG_E0909.jpg</filename>
  <database/>
  <annotation/>
  <image/>
  <size>
    <height>1164</height>
    <width>2763</width>
    <depth>3</depth>
  </size>
  <segmented/>
  <object>
    <name>wa</name>
    <pose/>
    <truncated/>
    <difficult/>
    <bndbox>
      <xmin>93.07142857142856</xmin>
      <ymin>129.4285714285714</ymin>
      <xmax>425.21428571428567</xmax>
      <ymax>352.6428571428571</ymax>
    </bndbox>
  </object>
  <object>
    <name>ga</name>
    <pose/>
    <truncated/>
    <difficult/>
    <bndbox>
      <xmin>609.1428571428571</xmin>
      <ymin>154.4285714285714</ymin>
      <xmax>925.2142857142857</xmax>
      <ymax>379.42857142857133</ymax>
    </bndbox>
  </object>
  <object>
    <name>ta</name>
    <pose/>
    <truncated/>
    <difficult/>
    <bndbox>
      <xmin>1094.8571428571427</xmin>
      <ymin>157.99999999999994</ymin>
      <xmax>1382.3571428571427</xmax>
      <ymax>409.7857142857142</ymax>
    </bndbox>
  </object>
  <object>
    <name>ha</name>
    <pose/>
    <truncated/>
    <difficult/>
    <bndbox>
      <xmin>1568.0714285714284</xmin>
      <ymin>141.9285714285714</ymin>
      <xmax>1869.8571428571427</xmax>
      <ymax>431.21428571428567</ymax>
    </bndbox>
  </object>
  <object>
    <name>nga</name>
    <pose/>
    <truncated/>
    <difficult/>
    <bndbox>
      <xmin>2018.0714285714284</xmin>
      <ymin>140.1428571428571</ymin>
      <xmax>2278.785714285714</xmax>
      <ymax>402.6428571428571</ymax>
    </bndbox>
  </object>
  <object>
    <name>na</name>
    <pose/>
    <truncated/>
    <difficult/>
    <bndbox>
      <xmin>2355.5714285714284</xmin>
      <ymin>191.9285714285714</ymin>
      <xmax>2623.428571428571</xmax>
      <ymax>422.2857142857142</ymax>
    </bndbox>
  </object>
</annotation>
