<annotation>
  <folder/>
  <filename>IMG_E9250.jpg</filename>
  <database/>
  <annotation/>
  <image/>
  <size>
    <height>2919</height>
    <width>2815</width>
    <depth>3</depth>
  </size>
  <segmented/>
  <object>
    <name>mi</name>
    <pose/>
    <truncated/>
    <difficult/>
    <bndbox>
      <xmin>78.51612903225805</xmin>
      <ymin>24.967741935483872</ymin>
      <xmax>826.9032258064517</xmax>
      <ymax>447.5483870967742</ymax>
    </bndbox>
  </object>
  <object>
    <name>na</name>
    <pose/>
    <truncated/>
    <difficult/>
    <bndbox>
      <xmin>897.8709677419356</xmin>
      <ymin>63.677419354838705</ymin>
      <xmax>1465.6129032258063</xmax>
      <ymax>441.0967741935484</ymax>
    </bndbox>
  </object>
  <object>
    <name>ng</name>
    <pose/>
    <truncated/>
    <difficult/>
    <bndbox>
      <xmin>1501.0967741935483</xmin>
      <ymin>79.80645161290323</ymin>
      <xmax>1972.0645161290322</xmax>
      <ymax>473.35483870967744</ymax>
    </bndbox>
  </object>
  <object>
    <name>ga</name>
    <pose/>
    <truncated/>
    <difficult/>
    <bndbox>
      <xmin>2007.5483870967741</xmin>
      <ymin>63.677419354838705</ymin>
      <xmax>2446.2580645161293</xmax>
      <ymax>473.35483870967744</ymax>
    </bndbox>
  </object>
  <object>
    <name>ba</name>
    <pose/>
    <truncated/>
    <difficult/>
    <bndbox>
      <xmin>162.38709677419365</xmin>
      <ymin>1486.258064516129</ymin>
      <xmax>772.0645161290322</xmax>
      <ymax>1979.8064516129032</ymax>
    </bndbox>
  </object>
  <object>
    <name>u</name>
    <pose/>
    <truncated/>
    <difficult/>
    <bndbox>
      <xmin>975.2903225806451</xmin>
      <ymin>1492.7096774193549</ymin>
      <xmax>1520.4516129032259</xmax>
      <ymax>1992.7096774193549</ymax>
    </bndbox>
  </object>
  <object>
    <name>nyu</name>
    <pose/>
    <truncated/>
    <difficult/>
    <bndbox>
      <xmin>1626.9032258064517</xmin>
      <ymin>1518.516129032258</ymin>
      <xmax>2146.2580645161293</xmax>
      <ymax>1983.032258064516</ymax>
    </bndbox>
  </object>
  <object>
    <name>p</name>
    <pose/>
    <truncated/>
    <difficult/>
    <bndbox>
      <xmin>2278.516129032258</xmin>
      <ymin>1592.7096774193549</ymin>
      <xmax>2784.967741935484</xmax>
      <ymax>1979.8064516129032</ymax>
    </bndbox>
  </object>
</annotation>
