<annotation>
  <folder/>
  <filename>IMG_E9091.jpg</filename>
  <database/>
  <annotation/>
  <image/>
  <size>
    <height>1330</height>
    <width>2851</width>
    <depth>3</depth>
  </size>
  <segmented/>
  <object>
    <name>no</name>
    <pose/>
    <truncated/>
    <difficult/>
    <bndbox>
      <xmin>18.05882352941176</xmin>
      <ymin>69.60784313725492</ymin>
      <xmax>684.7254901960785</xmax>
      <ymax>479.4117647058823</ymax>
    </bndbox>
  </object>
  <object>
    <name>a</name>
    <pose/>
    <truncated/>
    <difficult/>
    <bndbox>
      <xmin>969.0392156862745</xmin>
      <ymin>136.27450980392155</ymin>
      <xmax>1416.0980392156862</xmax>
      <ymax>428.43137254901956</ymax>
    </bndbox>
  </object>
  <object>
    <name>i</name>
    <pose/>
    <truncated/>
    <difficult/>
    <bndbox>
      <xmin>1561.1960784313726</xmin>
      <ymin>79.41176470588232</ymin>
      <xmax>2002.3725490196077</xmax>
      <ymax>410.78431372549016</ymax>
    </bndbox>
  </object>
  <object>
    <name>r</name>
    <pose/>
    <truncated/>
    <difficult/>
    <bndbox>
      <xmin>2098.450980392157</xmin>
      <ymin>124.50980392156862</ymin>
      <xmax>2743.549019607843</xmax>
      <ymax>510.78431372549016</ymax>
    </bndbox>
  </object>
</annotation>
