<annotation>
  <folder/>
  <filename>IMG_E1784.jpg</filename>
  <database/>
  <annotation/>
  <image/>
  <size>
    <height>2782</height>
    <width>2204</width>
    <depth>3</depth>
  </size>
  <segmented/>
  <object>
    <name>ra</name>
    <pose/>
    <truncated/>
    <difficult/>
    <bndbox>
      <xmin>99.81818181818176</xmin>
      <ymin>120.27272727272727</ymin>
      <xmax>651.3333333333333</xmax>
      <ymax>577.8484848484849</ymax>
    </bndbox>
  </object>
  <object>
    <name>nya</name>
    <pose/>
    <truncated/>
    <difficult/>
    <bndbox>
      <xmin>914.969696969697</xmin>
      <ymin>208.15151515151513</ymin>
      <xmax>1539.212121212121</xmax>
      <ymax>714.2121212121211</ymax>
    </bndbox>
  </object>
  <object>
    <name>ta</name>
    <pose/>
    <truncated/>
    <difficult/>
    <bndbox>
      <xmin>1633.151515151515</xmin>
      <ymin>305.1212121212121</ymin>
      <xmax>2114.969696969697</xmax>
      <ymax>735.4242424242424</ymax>
    </bndbox>
  </object>
  <object>
    <name>ya</name>
    <pose/>
    <truncated/>
    <difficult/>
    <bndbox>
      <xmin>139.21212121212125</xmin>
      <ymin>1511.181818181818</ymin>
      <xmax>721.030303030303</xmax>
      <ymax>1980.8787878787878</ymax>
    </bndbox>
  </object>
  <object>
    <name>nga</name>
    <pose/>
    <truncated/>
    <difficult/>
    <bndbox>
      <xmin>945.272727272727</xmin>
      <ymin>1599.060606060606</ymin>
      <xmax>1366.4848484848485</xmax>
      <ymax>2056.6363636363635</ymax>
    </bndbox>
  </object>
  <object>
    <name>na</name>
    <pose/>
    <truncated/>
    <difficult/>
    <bndbox>
      <xmin>1572.5454545454545</xmin>
      <ymin>1602.090909090909</ymin>
      <xmax>2030.121212121212</xmax>
      <ymax>2032.3939393939393</ymax>
    </bndbox>
  </object>
</annotation>
