<annotation>
  <folder/>
  <filename>IMG_20200523_112744.jpg</filename>
  <database/>
  <annotation/>
  <image/>
  <size>
    <height>1992</height>
    <width>3014</width>
    <depth>3</depth>
  </size>
  <segmented/>
  <object>
    <name>ba</name>
    <pose/>
    <truncated/>
    <difficult/>
    <bndbox>
      <xmin>359.86956521739125</xmin>
      <ymin>64.73913043478261</ymin>
      <xmax>690.3043478260869</xmax>
      <ymax>306.04347826086956</ymax>
    </bndbox>
  </object>
  <object>
    <name>da</name>
    <pose/>
    <truncated/>
    <difficult/>
    <bndbox>
      <xmin>1225.086956521739</xmin>
      <ymin>58.21739130434783</ymin>
      <xmax>1555.5217391304348</xmax>
      <ymax>373.4347826086956</ymax>
    </bndbox>
  </object>
  <object>
    <name>ha</name>
    <pose/>
    <truncated/>
    <difficult/>
    <bndbox>
      <xmin>2142.478260869565</xmin>
      <ymin>45.17391304347826</ymin>
      <xmax>2477.2608695652175</xmax>
      <ymax>358.2173913043478</ymax>
    </bndbox>
  </object>
  <object>
    <name>sa</name>
    <pose/>
    <truncated/>
    <difficult/>
    <bndbox>
      <xmin>349.0</xmin>
      <ymin>1173.4347826086955</ymin>
      <xmax>655.5217391304348</xmax>
      <ymax>1499.5217391304348</ymax>
    </bndbox>
  </object>
  <object>
    <name>ta</name>
    <pose/>
    <truncated/>
    <difficult/>
    <bndbox>
      <xmin>1270.7391304347825</xmin>
      <ymin>1156.0434782608695</ymin>
      <xmax>1599.0</xmax>
      <ymax>1534.304347826087</ymax>
    </bndbox>
  </object>
  <object>
    <name>ra</name>
    <pose/>
    <truncated/>
    <difficult/>
    <bndbox>
      <xmin>2118.565217391304</xmin>
      <ymin>1125.6086956521738</ymin>
      <xmax>2472.9130434782605</xmax>
      <ymax>1434.304347826087</ymax>
    </bndbox>
  </object>
</annotation>
