<annotation>
  <folder/>
  <filename>IMG_E9079.jpg</filename>
  <database/>
  <annotation/>
  <image/>
  <size>
    <height>1191</height>
    <width>2946</width>
    <depth>3</depth>
  </size>
  <segmented/>
  <object>
    <name>s</name>
    <pose/>
    <truncated/>
    <difficult/>
    <bndbox>
      <xmin>37.0</xmin>
      <ymin>118.0</ymin>
      <xmax>519.0</xmax>
      <ymax>470.0</ymax>
    </bndbox>
  </object>
  <object>
    <name>t</name>
    <pose/>
    <truncated/>
    <difficult/>
    <bndbox>
      <xmin>617.0</xmin>
      <ymin>86.0</ymin>
      <xmax>1125.0</xmax>
      <ymax>500.0</ymax>
    </bndbox>
  </object>
  <object>
    <name>ro</name>
    <pose/>
    <truncated/>
    <difficult/>
    <bndbox>
      <xmin>1243.0</xmin>
      <ymin>130.0</ymin>
      <xmax>1795.0</xmax>
      <ymax>524.0</ymax>
    </bndbox>
  </object>
  <object>
    <name>nge</name>
    <pose/>
    <truncated/>
    <difficult/>
    <bndbox>
      <xmin>1837.0</xmin>
      <ymin>84.0</ymin>
      <xmax>2205.0</xmax>
      <ymax>440.0</ymax>
    </bndbox>
  </object>
  <object>
    <name>r</name>
    <pose/>
    <truncated/>
    <difficult/>
    <bndbox>
      <xmin>2315.0</xmin>
      <ymin>112.0</ymin>
      <xmax>2829.0</xmax>
      <ymax>412.0</ymax>
    </bndbox>
  </object>
</annotation>
