<annotation>
  <folder/>
  <filename>IMG_20200504_142530.jpg</filename>
  <database/>
  <annotation/>
  <image/>
  <size>
    <height>1957</height>
    <width>2742</width>
    <depth>3</depth>
  </size>
  <segmented/>
  <object>
    <name>to</name>
    <pose/>
    <truncated/>
    <difficult/>
    <bndbox>
      <xmin>71.72340425531911</xmin>
      <ymin>25.425531914893618</ymin>
      <xmax>414.2765957446808</xmax>
      <ymax>272.23404255319144</ymax>
    </bndbox>
  </object>
  <object>
    <name>i</name>
    <pose/>
    <truncated/>
    <difficult/>
    <bndbox>
      <xmin>807.8936170212766</xmin>
      <ymin>40.31914893617021</ymin>
      <xmax>1244.063829787234</xmax>
      <ymax>355.2127659574468</ymax>
    </bndbox>
  </object>
  <object>
    <name>s</name>
    <pose/>
    <truncated/>
    <difficult/>
    <bndbox>
      <xmin>1386.6170212765956</xmin>
      <ymin>91.38297872340425</ymin>
      <xmax>2007.8936170212764</xmax>
      <ymax>470.1063829787234</ymax>
    </bndbox>
  </object>
  <object>
    <name>do</name>
    <pose/>
    <truncated/>
    <difficult/>
    <bndbox>
      <xmin>12.14893617021275</xmin>
      <ymin>636.063829787234</ymin>
      <xmax>597.2553191489361</xmax>
      <ymax>1046.7021276595744</ymax>
    </bndbox>
  </object>
  <object>
    <name>ha</name>
    <pose/>
    <truncated/>
    <difficult/>
    <bndbox>
      <xmin>1054.7021276595744</xmin>
      <ymin>644.5744680851063</ymin>
      <xmax>1510.0212765957447</xmax>
      <ymax>1104.1489361702127</ymax>
    </bndbox>
  </object>
  <object>
    <name>ma</name>
    <pose/>
    <truncated/>
    <difficult/>
    <bndbox>
      <xmin>1852.5744680851062</xmin>
      <ymin>757.3404255319149</ymin>
      <xmax>2382.3617021276596</xmax>
      <ymax>1093.5106382978722</ymax>
    </bndbox>
  </object>
  <object>
    <name>go</name>
    <pose/>
    <truncated/>
    <difficult/>
    <bndbox>
      <xmin>67.46808510638294</xmin>
      <ymin>1387.127659574468</ymin>
      <xmax>531.2978723404254</xmax>
      <ymax>1650.9574468085104</ymax>
    </bndbox>
  </object>
  <object>
    <name>a</name>
    <pose/>
    <truncated/>
    <difficult/>
    <bndbox>
      <xmin>1035.5531914893616</xmin>
      <ymin>1478.6170212765956</ymin>
      <xmax>1522.787234042553</xmax>
      <ymax>1714.787234042553</ymax>
    </bndbox>
  </object>
  <object>
    <name>n</name>
    <pose/>
    <truncated/>
    <difficult/>
    <bndbox>
      <xmin>1865.3404255319147</xmin>
      <ymin>1506.2765957446807</ymin>
      <xmax>2441.936170212766</xmax>
      <ymax>1838.191489361702</ymax>
    </bndbox>
  </object>
</annotation>
