<annotation>
  <folder/>
  <filename>IMG_E1624.jpg</filename>
  <database/>
  <annotation/>
  <image/>
  <size>
    <height>3893</height>
    <width>1541</width>
    <depth>3</depth>
  </size>
  <segmented/>
  <object>
    <name>ra</name>
    <pose/>
    <truncated/>
    <difficult/>
    <bndbox>
      <xmin>44.6521739130435</xmin>
      <ymin>92.17391304347825</ymin>
      <xmax>553.3478260869565</xmax>
      <ymax>535.6521739130435</ymax>
    </bndbox>
  </object>
  <object>
    <name>ja</name>
    <pose/>
    <truncated/>
    <difficult/>
    <bndbox>
      <xmin>705.5217391304345</xmin>
      <ymin>44.347826086956516</ymin>
      <xmax>1405.5217391304345</xmax>
      <ymax>640.0</ymax>
    </bndbox>
  </object>
  <object>
    <name>ta</name>
    <pose/>
    <truncated/>
    <difficult/>
    <bndbox>
      <xmin>301.173913043478</xmin>
      <ymin>1392.1739130434783</ymin>
      <xmax>740.304347826087</xmax>
      <ymax>1957.391304347826</ymax>
    </bndbox>
  </object>
  <object>
    <name>wa</name>
    <pose/>
    <truncated/>
    <difficult/>
    <bndbox>
      <xmin>814.2173913043475</xmin>
      <ymin>1474.782608695652</ymin>
      <xmax>1414.2173913043475</xmax>
      <ymax>1922.6086956521738</ymax>
    </bndbox>
  </object>
  <object>
    <name>ma</name>
    <pose/>
    <truncated/>
    <difficult/>
    <bndbox>
      <xmin>253.3478260869565</xmin>
      <ymin>2718.2608695652175</ymin>
      <xmax>909.869565217391</xmax>
      <ymax>3209.565217391304</ymax>
    </bndbox>
  </object>
  <object>
    <name>ga</name>
    <pose/>
    <truncated/>
    <difficult/>
    <bndbox>
      <xmin>966.391304347826</xmin>
      <ymin>2805.2173913043475</ymin>
      <xmax>1444.6521739130435</xmax>
      <ymax>3209.565217391304</ymax>
    </bndbox>
  </object>
</annotation>
