<annotation>
  <folder/>
  <filename>IMG_E1156.jpg</filename>
  <database/>
  <annotation/>
  <image/>
  <size>
    <height>2964</height>
    <width>2627</width>
    <depth>3</depth>
  </size>
  <segmented/>
  <object>
    <name>ma</name>
    <pose/>
    <truncated/>
    <difficult/>
    <bndbox>
      <xmin>175.77419354838707</xmin>
      <ymin>19.806451612903228</ymin>
      <xmax>879.0</xmax>
      <ymax>490.7741935483871</ymax>
    </bndbox>
  </object>
  <object>
    <name>nga</name>
    <pose/>
    <truncated/>
    <difficult/>
    <bndbox>
      <xmin>1088.6774193548385</xmin>
      <ymin>152.06451612903226</ymin>
      <xmax>1595.1290322580644</xmax>
      <ymax>626.258064516129</ymax>
    </bndbox>
  </object>
  <object>
    <name>na</name>
    <pose/>
    <truncated/>
    <difficult/>
    <bndbox>
      <xmin>1711.2580645161293</xmin>
      <ymin>181.09677419354838</ymin>
      <xmax>2224.1612903225805</xmax>
      <ymax>610.1290322580645</ymax>
    </bndbox>
  </object>
  <object>
    <name>nya</name>
    <pose/>
    <truncated/>
    <difficult/>
    <bndbox>
      <xmin>379.0</xmin>
      <ymin>1526.258064516129</ymin>
      <xmax>1133.8387096774195</xmax>
      <ymax>2219.8064516129034</ymax>
    </bndbox>
  </object>
  <object>
    <name>wa</name>
    <pose/>
    <truncated/>
    <difficult/>
    <bndbox>
      <xmin>1304.8064516129034</xmin>
      <ymin>1761.741935483871</ymin>
      <xmax>1895.1290322580644</xmax>
      <ymax>2139.1612903225805</ymax>
    </bndbox>
  </object>
  <object>
    <name>ta</name>
    <pose/>
    <truncated/>
    <difficult/>
    <bndbox>
      <xmin>2001.5806451612902</xmin>
      <ymin>1690.774193548387</ymin>
      <xmax>2556.4193548387098</xmax>
      <ymax>2226.2580645161293</ymax>
    </bndbox>
  </object>
</annotation>
