<annotation>
  <folder/>
  <filename>IMG_E1183.jpg</filename>
  <database/>
  <annotation/>
  <image/>
  <size>
    <height>2561</height>
    <width>2628</width>
    <depth>3</depth>
  </size>
  <segmented/>
  <object>
    <name>na</name>
    <pose/>
    <truncated/>
    <difficult/>
    <bndbox>
      <xmin>61.55555555555554</xmin>
      <ymin>65.66666666666667</ymin>
      <xmax>533.7777777777778</xmax>
      <ymax>493.44444444444446</ymax>
    </bndbox>
  </object>
  <object>
    <name>ha</name>
    <pose/>
    <truncated/>
    <difficult/>
    <bndbox>
      <xmin>753.2222222222222</xmin>
      <ymin>93.44444444444444</ymin>
      <xmax>1178.2222222222224</xmax>
      <ymax>490.6666666666667</ymax>
    </bndbox>
  </object>
  <object>
    <name>ma</name>
    <pose/>
    <truncated/>
    <difficult/>
    <bndbox>
      <xmin>1361.5555555555557</xmin>
      <ymin>99.0</ymin>
      <xmax>1892.1111111111113</xmax>
      <ymax>546.2222222222223</ymax>
    </bndbox>
  </object>
  <object>
    <name>ba</name>
    <pose/>
    <truncated/>
    <difficult/>
    <bndbox>
      <xmin>2072.666666666667</xmin>
      <ymin>190.66666666666669</ymin>
      <xmax>2494.888888888889</xmax>
      <ymax>543.4444444444445</ymax>
    </bndbox>
  </object>
  <object>
    <name>pa</name>
    <pose/>
    <truncated/>
    <difficult/>
    <bndbox>
      <xmin>44.888888888888914</xmin>
      <ymin>1482.3333333333335</ymin>
      <xmax>486.55555555555566</xmax>
      <ymax>1771.2222222222224</ymax>
    </bndbox>
  </object>
  <object>
    <name>ja</name>
    <pose/>
    <truncated/>
    <difficult/>
    <bndbox>
      <xmin>736.5555555555557</xmin>
      <ymin>1404.5555555555557</ymin>
      <xmax>1339.3333333333335</xmax>
      <ymax>1893.4444444444446</ymax>
    </bndbox>
  </object>
  <object>
    <name>ya</name>
    <pose/>
    <truncated/>
    <difficult/>
    <bndbox>
      <xmin>1508.7777777777778</xmin>
      <ymin>1499.0</ymin>
      <xmax>1953.2222222222222</xmax>
      <ymax>1893.4444444444446</ymax>
    </bndbox>
  </object>
  <object>
    <name>nya</name>
    <pose/>
    <truncated/>
    <difficult/>
    <bndbox>
      <xmin>2119.888888888889</xmin>
      <ymin>1576.7777777777778</ymin>
      <xmax>2531.0</xmax>
      <ymax>2040.6666666666667</ymax>
    </bndbox>
  </object>
</annotation>
