<annotation>
  <folder/>
  <filename>IMG_E1585.jpg</filename>
  <database/>
  <annotation/>
  <image/>
  <size>
    <height>2593</height>
    <width>2419</width>
    <depth>3</depth>
  </size>
  <segmented/>
  <object>
    <name>ja</name>
    <pose/>
    <truncated/>
    <difficult/>
    <bndbox>
      <xmin>35.28571428571422</xmin>
      <ymin>49.428571428571416</ymin>
      <xmax>620.9999999999998</xmax>
      <ymax>509.42857142857133</ymax>
    </bndbox>
  </object>
  <object>
    <name>ha</name>
    <pose/>
    <truncated/>
    <difficult/>
    <bndbox>
      <xmin>749.5714285714284</xmin>
      <ymin>57.999999999999986</ymin>
      <xmax>1298.1428571428569</xmax>
      <ymax>572.2857142857142</ymax>
    </bndbox>
  </object>
  <object>
    <name>d</name>
    <pose/>
    <truncated/>
    <difficult/>
    <bndbox>
      <xmin>1512.428571428571</xmin>
      <ymin>115.14285714285714</ymin>
      <xmax>2040.9999999999995</xmax>
      <ymax>506.57142857142856</ymax>
    </bndbox>
  </object>
  <object>
    <name>a</name>
    <pose/>
    <truncated/>
    <difficult/>
    <bndbox>
      <xmin>163.85714285714266</xmin>
      <ymin>1517.9999999999998</ymin>
      <xmax>672.4285714285713</xmax>
      <ymax>1866.5714285714284</ymax>
    </bndbox>
  </object>
  <object>
    <name>sa</name>
    <pose/>
    <truncated/>
    <difficult/>
    <bndbox>
      <xmin>986.7142857142856</xmin>
      <ymin>1483.7142857142856</ymin>
      <xmax>1475.2857142857142</xmax>
      <ymax>1997.9999999999998</ymax>
    </bndbox>
  </object>
  <object>
    <name>wa</name>
    <pose/>
    <truncated/>
    <difficult/>
    <bndbox>
      <xmin>1718.1428571428569</xmin>
      <ymin>1506.5714285714284</ymin>
      <xmax>2218.142857142857</xmax>
      <ymax>1897.9999999999998</ymax>
    </bndbox>
  </object>
</annotation>
