<annotation>
  <folder/>
  <filename>IMG_E9640.jpg</filename>
  <database/>
  <annotation/>
  <image/>
  <size>
    <height>1027</height>
    <width>2787</width>
    <depth>3</depth>
  </size>
  <segmented/>
  <object>
    <name>sa</name>
    <pose/>
    <truncated/>
    <difficult/>
    <bndbox>
      <xmin>46.83018867924528</xmin>
      <ymin>2.8113207547169736</ymin>
      <xmax>343.05660377358487</xmax>
      <ymax>357.5283018867924</ymax>
    </bndbox>
  </object>
  <object>
    <name>wa</name>
    <pose/>
    <truncated/>
    <difficult/>
    <bndbox>
      <xmin>509.0943396226414</xmin>
      <ymin>55.641509433962256</ymin>
      <xmax>841.1698113207547</xmax>
      <ymax>344.3207547169811</ymax>
    </bndbox>
  </object>
  <object>
    <name>h</name>
    <pose/>
    <truncated/>
    <difficult/>
    <bndbox>
      <xmin>946.8301886792452</xmin>
      <ymin>72.62264150943395</ymin>
      <xmax>1395.8867924528302</xmax>
      <ymax>414.13207547169804</ymax>
    </bndbox>
  </object>
  <object>
    <name>lu</name>
    <pose/>
    <truncated/>
    <difficult/>
    <bndbox>
      <xmin>1429.8490566037735</xmin>
      <ymin>87.71698113207543</ymin>
      <xmax>1788.3396226415093</xmax>
      <ymax>397.15094339622635</ymax>
    </bndbox>
  </object>
  <object>
    <name>n</name>
    <pose/>
    <truncated/>
    <difficult/>
    <bndbox>
      <xmin>1875.132075471698</xmin>
      <ymin>125.45283018867923</ymin>
      <xmax>2250.6037735849054</xmax>
      <ymax>453.754716981132</ymax>
    </bndbox>
  </object>
  <object>
    <name>to</name>
    <pose/>
    <truncated/>
    <difficult/>
    <bndbox>
      <xmin>2363.8113207547167</xmin>
      <ymin>89.60377358490564</ymin>
      <xmax>2780.7924528301887</xmax>
      <ymax>463.18867924528297</ymax>
    </bndbox>
  </object>
</annotation>
