<annotation>
  <folder/>
  <filename>IMG_E1220.jpg</filename>
  <database/>
  <annotation/>
  <image/>
  <size>
    <height>1184</height>
    <width>2911</width>
    <depth>3</depth>
  </size>
  <segmented/>
  <object>
    <name>sa</name>
    <pose/>
    <truncated/>
    <difficult/>
    <bndbox>
      <xmin>22.22222222222222</xmin>
      <ymin>108.37037037037032</ymin>
      <xmax>477.77777777777777</xmax>
      <ymax>452.8148148148148</ymax>
    </bndbox>
  </object>
  <object>
    <name>ba</name>
    <pose/>
    <truncated/>
    <difficult/>
    <bndbox>
      <xmin>600.0</xmin>
      <ymin>141.7037037037037</ymin>
      <xmax>1046.2962962962963</xmax>
      <ymax>460.2222222222222</ymax>
    </bndbox>
  </object>
  <object>
    <name>na</name>
    <pose/>
    <truncated/>
    <difficult/>
    <bndbox>
      <xmin>1170.3703703703702</xmin>
      <ymin>204.66666666666663</ymin>
      <xmax>1522.2222222222222</xmax>
      <ymax>430.5925925925925</ymax>
    </bndbox>
  </object>
  <object>
    <name>pa</name>
    <pose/>
    <truncated/>
    <difficult/>
    <bndbox>
      <xmin>1607.4074074074074</xmin>
      <ymin>245.4074074074074</ymin>
      <xmax>1885.185185185185</xmax>
      <ymax>436.14814814814815</ymax>
    </bndbox>
  </object>
  <object>
    <name>a</name>
    <pose/>
    <truncated/>
    <difficult/>
    <bndbox>
      <xmin>1940.7407407407406</xmin>
      <ymin>197.25925925925924</ymin>
      <xmax>2427.777777777778</xmax>
      <ymax>484.2962962962962</ymax>
    </bndbox>
  </object>
  <object>
    <name>ba</name>
    <pose/>
    <truncated/>
    <difficult/>
    <bndbox>
      <xmin>2483.333333333333</xmin>
      <ymin>197.25925925925924</ymin>
      <xmax>2848.148148148148</xmax>
      <ymax>447.25925925925924</ymax>
    </bndbox>
  </object>
</annotation>
