<annotation>
  <folder/>
  <filename>IMG_20200522_155104.jpg</filename>
  <database/>
  <annotation/>
  <image/>
  <size>
    <height>1942</height>
    <width>2806</width>
    <depth>3</depth>
  </size>
  <segmented/>
  <object>
    <name>ya</name>
    <pose/>
    <truncated/>
    <difficult/>
    <bndbox>
      <xmin>56.531914893617</xmin>
      <ymin>113.40425531914893</ymin>
      <xmax>328.8723404255319</xmax>
      <ymax>309.1489361702127</ymax>
    </bndbox>
  </object>
  <object>
    <name>ga</name>
    <pose/>
    <truncated/>
    <difficult/>
    <bndbox>
      <xmin>1043.7659574468084</xmin>
      <ymin>175.1063829787234</ymin>
      <xmax>1360.787234042553</xmax>
      <ymax>392.12765957446805</ymax>
    </bndbox>
  </object>
  <object>
    <name>na</name>
    <pose/>
    <truncated/>
    <difficult/>
    <bndbox>
      <xmin>2073.553191489362</xmin>
      <ymin>181.48936170212764</ymin>
      <xmax>2473.5531914893613</xmax>
      <ymax>413.4042553191489</ymax>
    </bndbox>
  </object>
  <object>
    <name>pa</name>
    <pose/>
    <truncated/>
    <difficult/>
    <bndbox>
      <xmin>71.42553191489361</xmin>
      <ymin>1072.9787234042553</ymin>
      <xmax>354.4042553191489</xmax>
      <ymax>1272.9787234042553</ymax>
    </bndbox>
  </object>
  <object>
    <name>ra</name>
    <pose/>
    <truncated/>
    <difficult/>
    <bndbox>
      <xmin>1090.5744680851062</xmin>
      <ymin>1138.9361702127658</ymin>
      <xmax>1484.191489361702</xmax>
      <ymax>1381.4893617021276</ymax>
    </bndbox>
  </object>
  <object>
    <name>la</name>
    <pose/>
    <truncated/>
    <difficult/>
    <bndbox>
      <xmin>2145.8936170212764</xmin>
      <ymin>1143.191489361702</ymin>
      <xmax>2418.234042553191</xmax>
      <ymax>1334.6808510638298</ymax>
    </bndbox>
  </object>
</annotation>
