<annotation>
  <folder/>
  <filename>IMG_E1036.jpg</filename>
  <database/>
  <annotation/>
  <image/>
  <size>
    <height>2457</height>
    <width>2641</width>
    <depth>3</depth>
  </size>
  <segmented/>
  <object>
    <name>pa</name>
    <pose/>
    <truncated/>
    <difficult/>
    <bndbox>
      <xmin>113.21621621621625</xmin>
      <ymin>87.4054054054054</ymin>
      <xmax>597.0</xmax>
      <ymax>484.7027027027027</ymax>
    </bndbox>
  </object>
  <object>
    <name>na</name>
    <pose/>
    <truncated/>
    <difficult/>
    <bndbox>
      <xmin>645.6486486486488</xmin>
      <ymin>141.45945945945945</ymin>
      <xmax>1156.4594594594596</xmax>
      <ymax>476.5945945945946</ymax>
    </bndbox>
  </object>
  <object>
    <name>la</name>
    <pose/>
    <truncated/>
    <difficult/>
    <bndbox>
      <xmin>1288.891891891892</xmin>
      <ymin>211.72972972972974</ymin>
      <xmax>1786.1891891891892</xmax>
      <ymax>509.0270270270271</ymax>
    </bndbox>
  </object>
  <object>
    <name>ja</name>
    <pose/>
    <truncated/>
    <difficult/>
    <bndbox>
      <xmin>1899.702702702703</xmin>
      <ymin>114.43243243243242</ymin>
      <xmax>2410.5135135135138</xmax>
      <ymax>538.7567567567568</ymax>
    </bndbox>
  </object>
  <object>
    <name>nga</name>
    <pose/>
    <truncated/>
    <difficult/>
    <bndbox>
      <xmin>172.67567567567573</xmin>
      <ymin>1187.4054054054054</ymin>
      <xmax>561.8648648648648</xmax>
      <ymax>1587.4054054054054</ymax>
    </bndbox>
  </object>
  <object>
    <name>ha</name>
    <pose/>
    <truncated/>
    <difficult/>
    <bndbox>
      <xmin>707.8108108108108</xmin>
      <ymin>1206.3243243243244</ymin>
      <xmax>1253.7567567567567</xmax>
      <ymax>1665.7837837837837</ymax>
    </bndbox>
  </object>
  <object>
    <name>sa</name>
    <pose/>
    <truncated/>
    <difficult/>
    <bndbox>
      <xmin>1486.1891891891892</xmin>
      <ymin>1257.6756756756756</ymin>
      <xmax>1902.4054054054054</xmax>
      <ymax>1663.081081081081</ymax>
    </bndbox>
  </object>
  <object>
    <name>ya</name>
    <pose/>
    <truncated/>
    <difficult/>
    <bndbox>
      <xmin>2078.0810810810813</xmin>
      <ymin>1298.2162162162163</ymin>
      <xmax>2529.4324324324325</xmax>
      <ymax>1617.1351351351352</ymax>
    </bndbox>
  </object>
</annotation>
