<annotation>
  <folder/>
  <filename>IMG_20200504_202754.jpg</filename>
  <database/>
  <annotation/>
  <image/>
  <size>
    <height>1656</height>
    <width>2150</width>
    <depth>3</depth>
  </size>
  <segmented/>
  <object>
    <name>da</name>
    <pose/>
    <truncated/>
    <difficult/>
    <bndbox>
      <xmin>100.99999999999994</xmin>
      <ymin>62.85714285714285</ymin>
      <xmax>302.7857142857142</xmax>
      <ymax>205.7142857142857</ymax>
    </bndbox>
  </object>
  <object>
    <name>lang</name>
    <pose/>
    <truncated/>
    <difficult/>
    <bndbox>
      <xmin>590.2857142857142</xmin>
      <ymin>80.71428571428571</ymin>
      <xmax>888.5</xmax>
      <ymax>243.2142857142857</ymax>
    </bndbox>
  </object>
  <object>
    <name>nyang</name>
    <pose/>
    <truncated/>
    <difficult/>
    <bndbox>
      <xmin>1074.2142857142856</xmin>
      <ymin>93.21428571428571</ymin>
      <xmax>1411.7142857142856</xmax>
      <ymax>302.1428571428571</ymax>
    </bndbox>
  </object>
  <object>
    <name>tang</name>
    <pose/>
    <truncated/>
    <difficult/>
    <bndbox>
      <xmin>1649.2142857142856</xmin>
      <ymin>143.2142857142857</ymin>
      <xmax>1843.8571428571427</xmax>
      <ymax>321.7857142857143</ymax>
    </bndbox>
  </object>
  <object>
    <name>rang</name>
    <pose/>
    <truncated/>
    <difficult/>
    <bndbox>
      <xmin>59.92857142857139</xmin>
      <ymin>475.35714285714283</ymin>
      <xmax>272.42857142857133</xmax>
      <ymax>636.0714285714286</ymax>
    </bndbox>
  </object>
  <object>
    <name>dang</name>
    <pose/>
    <truncated/>
    <difficult/>
    <bndbox>
      <xmin>577.7857142857142</xmin>
      <ymin>482.49999999999994</ymin>
      <xmax>824.2142857142856</xmax>
      <ymax>707.4999999999999</ymax>
    </bndbox>
  </object>
  <object>
    <name>b</name>
    <pose/>
    <truncated/>
    <difficult/>
    <bndbox>
      <xmin>1109.9285714285713</xmin>
      <ymin>570.0</ymin>
      <xmax>1452.7857142857142</xmax>
      <ymax>746.7857142857142</ymax>
    </bndbox>
  </object>
  <object>
    <name>pang</name>
    <pose/>
    <truncated/>
    <difficult/>
    <bndbox>
      <xmin>1700.9999999999998</xmin>
      <ymin>644.9999999999999</ymin>
      <xmax>1977.7857142857142</xmax>
      <ymax>768.2142857142857</ymax>
    </bndbox>
  </object>
  <object>
    <name>gu</name>
    <pose/>
    <truncated/>
    <difficult/>
    <bndbox>
      <xmin>29.571428571428555</xmin>
      <ymin>852.1428571428571</ymin>
      <xmax>270.6428571428571</xmax>
      <ymax>1057.5</ymax>
    </bndbox>
  </object>
  <object>
    <name>na</name>
    <pose/>
    <truncated/>
    <difficult/>
    <bndbox>
      <xmin>568.8571428571428</xmin>
      <ymin>941.4285714285713</ymin>
      <xmax>893.8571428571427</xmax>
      <ymax>1196.7857142857142</ymax>
    </bndbox>
  </object>
  <object>
    <name>wang</name>
    <pose/>
    <truncated/>
    <difficult/>
    <bndbox>
      <xmin>1150.9999999999998</xmin>
      <ymin>973.5714285714284</ymin>
      <xmax>1545.6428571428569</xmax>
      <ymax>1252.142857142857</ymax>
    </bndbox>
  </object>
</annotation>
