<annotation>
  <folder/>
  <filename>IMG_E1142.jpg</filename>
  <database/>
  <annotation/>
  <image/>
  <size>
    <height>2522</height>
    <width>2772</width>
    <depth>3</depth>
  </size>
  <segmented/>
  <object>
    <name>wa</name>
    <pose/>
    <truncated/>
    <difficult/>
    <bndbox>
      <xmin>55.77777777777783</xmin>
      <ymin>63.33333333333334</ymin>
      <xmax>522.4444444444446</xmax>
      <ymax>538.3333333333334</ymax>
    </bndbox>
  </object>
  <object>
    <name>ta</name>
    <pose/>
    <truncated/>
    <difficult/>
    <bndbox>
      <xmin>733.5555555555557</xmin>
      <ymin>43.88888888888889</ymin>
      <xmax>1272.4444444444443</xmax>
      <ymax>513.3333333333334</ymax>
    </bndbox>
  </object>
  <object>
    <name>nga</name>
    <pose/>
    <truncated/>
    <difficult/>
    <bndbox>
      <xmin>1414.1111111111113</xmin>
      <ymin>60.55555555555556</ymin>
      <xmax>1919.666666666667</xmax>
      <ymax>518.8888888888889</ymax>
    </bndbox>
  </object>
  <object>
    <name>na</name>
    <pose/>
    <truncated/>
    <difficult/>
    <bndbox>
      <xmin>2028.0</xmin>
      <ymin>127.22222222222223</ymin>
      <xmax>2586.3333333333335</xmax>
      <ymax>560.5555555555555</ymax>
    </bndbox>
  </object>
  <object>
    <name>ba</name>
    <pose/>
    <truncated/>
    <difficult/>
    <bndbox>
      <xmin>89.1111111111112</xmin>
      <ymin>1393.888888888889</ymin>
      <xmax>675.2222222222222</xmax>
      <ymax>1913.3333333333335</ymax>
    </bndbox>
  </object>
  <object>
    <name>nya</name>
    <pose/>
    <truncated/>
    <difficult/>
    <bndbox>
      <xmin>825.2222222222222</xmin>
      <ymin>1321.6666666666667</ymin>
      <xmax>1361.3333333333335</xmax>
      <ymax>1896.6666666666667</ymax>
    </bndbox>
  </object>
  <object>
    <name>ya</name>
    <pose/>
    <truncated/>
    <difficult/>
    <bndbox>
      <xmin>1519.666666666667</xmin>
      <ymin>1477.2222222222222</ymin>
      <xmax>2047.4444444444443</xmax>
      <ymax>1849.4444444444446</ymax>
    </bndbox>
  </object>
  <object>
    <name>ra</name>
    <pose/>
    <truncated/>
    <difficult/>
    <bndbox>
      <xmin>2236.3333333333335</xmin>
      <ymin>1482.7777777777778</ymin>
      <xmax>2736.3333333333335</xmax>
      <ymax>1855.0</ymax>
    </bndbox>
  </object>
</annotation>
