<annotation>
  <folder/>
  <filename>IMG_E0675.jpg</filename>
  <database/>
  <annotation/>
  <image/>
  <size>
    <height>2990</height>
    <width>2306</width>
    <depth>3</depth>
  </size>
  <segmented/>
  <object>
    <name>nya</name>
    <pose/>
    <truncated/>
    <difficult/>
    <bndbox>
      <xmin>160.0</xmin>
      <ymin>57.0</ymin>
      <xmax>643.3333333333335</xmax>
      <ymax>553.6666666666667</ymax>
    </bndbox>
  </object>
  <object>
    <name>na</name>
    <pose/>
    <truncated/>
    <difficult/>
    <bndbox>
      <xmin>893.3333333333335</xmin>
      <ymin>187.0</ymin>
      <xmax>1353.3333333333335</xmax>
      <ymax>593.6666666666667</ymax>
    </bndbox>
  </object>
  <object>
    <name>ha</name>
    <pose/>
    <truncated/>
    <difficult/>
    <bndbox>
      <xmin>1603.3333333333335</xmin>
      <ymin>127.0</ymin>
      <xmax>2146.666666666667</xmax>
      <ymax>660.3333333333334</ymax>
    </bndbox>
  </object>
  <object>
    <name>la</name>
    <pose/>
    <truncated/>
    <difficult/>
    <bndbox>
      <xmin>43.333333333333485</xmin>
      <ymin>1770.3333333333335</ymin>
      <xmax>596.666666666667</xmax>
      <ymax>2097.0</ymax>
    </bndbox>
  </object>
  <object>
    <name>a</name>
    <pose/>
    <truncated/>
    <difficult/>
    <bndbox>
      <xmin>880.0</xmin>
      <ymin>1787.0</ymin>
      <xmax>1500.0</xmax>
      <ymax>2157.0</ymax>
    </bndbox>
  </object>
  <object>
    <name>ra</name>
    <pose/>
    <truncated/>
    <difficult/>
    <bndbox>
      <xmin>1743.3333333333335</xmin>
      <ymin>1783.6666666666667</ymin>
      <xmax>2230.0</xmax>
      <ymax>2260.3333333333335</ymax>
    </bndbox>
  </object>
</annotation>
