<annotation>
  <folder/>
  <filename>IMG_E1592.jpg</filename>
  <database/>
  <annotation/>
  <image/>
  <size>
    <height>3156</height>
    <width>2551</width>
    <depth>3</depth>
  </size>
  <segmented/>
  <object>
    <name>ja</name>
    <pose/>
    <truncated/>
    <difficult/>
    <bndbox>
      <xmin>58.55172413793116</xmin>
      <ymin>62.86206896551725</ymin>
      <xmax>699.9310344827586</xmax>
      <ymax>528.3793103448277</ymax>
    </bndbox>
  </object>
  <object>
    <name>ma</name>
    <pose/>
    <truncated/>
    <difficult/>
    <bndbox>
      <xmin>958.5517241379312</xmin>
      <ymin>149.0689655172414</ymin>
      <xmax>1644.7586206896553</xmax>
      <ymax>552.5172413793103</ymax>
    </bndbox>
  </object>
  <object>
    <name>a</name>
    <pose/>
    <truncated/>
    <difficult/>
    <bndbox>
      <xmin>1748.2068965517242</xmin>
      <ymin>180.1034482758621</ymin>
      <xmax>2410.2758620689656</xmax>
      <ymax>604.2413793103449</ymax>
    </bndbox>
  </object>
  <object>
    <name>nga</name>
    <pose/>
    <truncated/>
    <difficult/>
    <bndbox>
      <xmin>62.0</xmin>
      <ymin>1662.8620689655174</ymin>
      <xmax>579.2413793103449</xmax>
      <ymax>2076.655172413793</ymax>
    </bndbox>
  </object>
  <object>
    <name>nya</name>
    <pose/>
    <truncated/>
    <difficult/>
    <bndbox>
      <xmin>948.2068965517242</xmin>
      <ymin>1642.1724137931035</ymin>
      <xmax>1506.8275862068967</xmax>
      <ymax>2190.4482758620693</ymax>
    </bndbox>
  </object>
  <object>
    <name>la</name>
    <pose/>
    <truncated/>
    <difficult/>
    <bndbox>
      <xmin>1786.1379310344828</xmin>
      <ymin>1776.6551724137933</ymin>
      <xmax>2403.379310344828</xmax>
      <ymax>2118.034482758621</ymax>
    </bndbox>
  </object>
</annotation>
