<annotation>
  <folder/>
  <filename>IMG_20200522_172740.jpg</filename>
  <database/>
  <annotation/>
  <image/>
  <size>
    <height>1480</height>
    <width>2712</width>
    <depth>3</depth>
  </size>
  <segmented/>
  <object>
    <name>nga</name>
    <pose/>
    <truncated/>
    <difficult/>
    <bndbox>
      <xmin>148.1754385964912</xmin>
      <ymin>76.61403508771929</ymin>
      <xmax>330.6315789473684</xmax>
      <ymax>250.29824561403507</ymax>
    </bndbox>
  </object>
  <object>
    <name>pa</name>
    <pose/>
    <truncated/>
    <difficult/>
    <bndbox>
      <xmin>928.877192982456</xmin>
      <ymin>62.57894736842104</ymin>
      <xmax>1186.7719298245613</xmax>
      <ymax>229.24561403508767</ymax>
    </bndbox>
  </object>
  <object>
    <name>ra</name>
    <pose/>
    <truncated/>
    <difficult/>
    <bndbox>
      <xmin>1820.1052631578946</xmin>
      <ymin>62.57894736842104</ymin>
      <xmax>2070.9824561403507</xmax>
      <ymax>195.91228070175436</ymax>
    </bndbox>
  </object>
  <object>
    <name>ta</name>
    <pose/>
    <truncated/>
    <difficult/>
    <bndbox>
      <xmin>125.36842105263156</xmin>
      <ymin>764.3333333333333</ymin>
      <xmax>325.36842105263156</xmax>
      <ymax>985.3859649122805</ymax>
    </bndbox>
  </object>
  <object>
    <name>na</name>
    <pose/>
    <truncated/>
    <difficult/>
    <bndbox>
      <xmin>977.9999999999999</xmin>
      <ymin>792.4035087719298</ymin>
      <xmax>1195.5438596491226</xmax>
      <ymax>943.2807017543859</ymax>
    </bndbox>
  </object>
  <object>
    <name>nga</name>
    <pose/>
    <truncated/>
    <difficult/>
    <bndbox>
      <xmin>1856.9473684210525</xmin>
      <ymin>776.6140350877192</ymin>
      <xmax>2027.1228070175434</xmax>
      <ymax>913.456140350877</ymax>
    </bndbox>
  </object>
</annotation>
