<annotation>
  <folder/>
  <filename>IMG_E1180.jpg</filename>
  <database/>
  <annotation/>
  <image/>
  <size>
    <height>1051</height>
    <width>2734</width>
    <depth>3</depth>
  </size>
  <segmented/>
  <object>
    <name>ra</name>
    <pose/>
    <truncated/>
    <difficult/>
    <bndbox>
      <xmin>34.614035087719294</xmin>
      <ymin>79.15789473684208</ymin>
      <xmax>417.07017543859644</xmax>
      <ymax>354.59649122807014</ymax>
    </bndbox>
  </object>
  <object>
    <name>a</name>
    <pose/>
    <truncated/>
    <difficult/>
    <bndbox>
      <xmin>550.4035087719298</xmin>
      <ymin>84.4210526315789</ymin>
      <xmax>953.9122807017543</xmax>
      <ymax>430.0350877192982</ymax>
    </bndbox>
  </object>
  <object>
    <name>ta</name>
    <pose/>
    <truncated/>
    <difficult/>
    <bndbox>
      <xmin>1025.8421052631577</xmin>
      <ymin>137.05263157894734</ymin>
      <xmax>1385.4912280701753</xmax>
      <ymax>405.47368421052624</ymax>
    </bndbox>
  </object>
  <object>
    <name>ja</name>
    <pose/>
    <truncated/>
    <difficult/>
    <bndbox>
      <xmin>1459.1754385964912</xmin>
      <ymin>161.61403508771923</ymin>
      <xmax>1850.4035087719296</xmax>
      <ymax>512.4912280701753</ymax>
    </bndbox>
  </object>
  <object>
    <name>ba</name>
    <pose/>
    <truncated/>
    <difficult/>
    <bndbox>
      <xmin>1953.912280701754</xmin>
      <ymin>156.3508771929824</ymin>
      <xmax>2304.7894736842104</xmax>
      <ymax>484.42105263157885</ymax>
    </bndbox>
  </object>
  <object>
    <name>ma</name>
    <pose/>
    <truncated/>
    <difficult/>
    <bndbox>
      <xmin>2343.3859649122805</xmin>
      <ymin>175.64912280701748</ymin>
      <xmax>2729.3508771929824</xmax>
      <ymax>498.45614035087715</ymax>
    </bndbox>
  </object>
</annotation>
