<annotation>
  <folder/>
  <filename>IMG_20200522_223957.jpg</filename>
  <database/>
  <annotation/>
  <image/>
  <size>
    <height>1492</height>
    <width>2632</width>
    <depth>3</depth>
  </size>
  <segmented/>
  <object>
    <name>ba</name>
    <pose/>
    <truncated/>
    <difficult/>
    <bndbox>
      <xmin>258.5762711864407</xmin>
      <ymin>35.186440677966104</ymin>
      <xmax>516.2033898305085</xmax>
      <ymax>201.28813559322035</ymax>
    </bndbox>
  </object>
  <object>
    <name>da</name>
    <pose/>
    <truncated/>
    <difficult/>
    <bndbox>
      <xmin>1309.4237288135594</xmin>
      <ymin>43.66101694915254</ymin>
      <xmax>1617.8983050847457</xmax>
      <ymax>265.6949152542373</ymax>
    </bndbox>
  </object>
  <object>
    <name>la</name>
    <pose/>
    <truncated/>
    <difficult/>
    <bndbox>
      <xmin>2251.7966101694915</xmin>
      <ymin>50.4406779661017</ymin>
      <xmax>2534.8474576271187</xmax>
      <ymax>296.2033898305085</ymax>
    </bndbox>
  </object>
  <object>
    <name>ja</name>
    <pose/>
    <truncated/>
    <difficult/>
    <bndbox>
      <xmin>168.74576271186442</xmin>
      <ymin>760.6101694915254</ymin>
      <xmax>570.4406779661017</xmax>
      <ymax>1009.7627118644068</ymax>
    </bndbox>
  </object>
  <object>
    <name>na</name>
    <pose/>
    <truncated/>
    <difficult/>
    <bndbox>
      <xmin>1322.9830508474577</xmin>
      <ymin>819.9322033898305</ymin>
      <xmax>1641.6271186440679</xmax>
      <ymax>1064.0</ymax>
    </bndbox>
  </object>
  <object>
    <name>ya</name>
    <pose/>
    <truncated/>
    <difficult/>
    <bndbox>
      <xmin>2178.915254237288</xmin>
      <ymin>809.7627118644068</ymin>
      <xmax>2561.9661016949153</xmax>
      <ymax>1018.2372881355932</ymax>
    </bndbox>
  </object>
</annotation>
