<annotation>
  <folder/>
  <filename>IMG_E1419.jpg</filename>
  <database/>
  <annotation/>
  <image/>
  <size>
    <height>2901</height>
    <width>2497</width>
    <depth>3</depth>
  </size>
  <segmented/>
  <object>
    <name>ma</name>
    <pose/>
    <truncated/>
    <difficult/>
    <bndbox>
      <xmin>42.258064516129025</xmin>
      <ymin>136.19354838709677</ymin>
      <xmax>687.4193548387098</xmax>
      <ymax>513.6129032258065</ymax>
    </bndbox>
  </object>
  <object>
    <name>ha</name>
    <pose/>
    <truncated/>
    <difficult/>
    <bndbox>
      <xmin>877.7419354838712</xmin>
      <ymin>110.38709677419354</ymin>
      <xmax>1500.3225806451615</xmax>
      <ymax>555.5483870967741</ymax>
    </bndbox>
  </object>
  <object>
    <name>nya</name>
    <pose/>
    <truncated/>
    <difficult/>
    <bndbox>
      <xmin>1632.5806451612902</xmin>
      <ymin>152.32258064516128</ymin>
      <xmax>2222.9032258064517</xmax>
      <ymax>681.3548387096774</ymax>
    </bndbox>
  </object>
  <object>
    <name>ta</name>
    <pose/>
    <truncated/>
    <difficult/>
    <bndbox>
      <xmin>229.35483870967732</xmin>
      <ymin>1587.8064516129032</ymin>
      <xmax>819.6774193548385</xmax>
      <ymax>2162.0</ymax>
    </bndbox>
  </object>
  <object>
    <name>pa</name>
    <pose/>
    <truncated/>
    <difficult/>
    <bndbox>
      <xmin>1042.2580645161293</xmin>
      <ymin>1707.1612903225807</ymin>
      <xmax>1532.5806451612902</xmax>
      <ymax>1987.8064516129032</ymax>
    </bndbox>
  </object>
  <object>
    <name>ra</name>
    <pose/>
    <truncated/>
    <difficult/>
    <bndbox>
      <xmin>1864.8387096774195</xmin>
      <ymin>1645.8709677419356</ymin>
      <xmax>2474.516129032258</xmax>
      <ymax>2103.935483870968</ymax>
    </bndbox>
  </object>
</annotation>
