<annotation>
  <folder/>
  <filename>IMG_20200523_181845.jpg</filename>
  <database/>
  <annotation/>
  <image/>
  <size>
    <height>1516</height>
    <width>1330</width>
    <depth>3</depth>
  </size>
  <segmented/>
  <object>
    <name>la</name>
    <pose/>
    <truncated/>
    <difficult/>
    <bndbox>
      <xmin>164.43478260869563</xmin>
      <ymin>151.52173913043478</ymin>
      <xmax>310.0869565217391</xmax>
      <ymax>240.65217391304347</ymax>
    </bndbox>
  </object>
  <object>
    <name>nga</name>
    <pose/>
    <truncated/>
    <difficult/>
    <bndbox>
      <xmin>607.9130434782608</xmin>
      <ymin>164.56521739130434</ymin>
      <xmax>699.2173913043478</xmax>
      <ymax>281.95652173913044</ymax>
    </bndbox>
  </object>
  <object>
    <name>nya</name>
    <pose/>
    <truncated/>
    <difficult/>
    <bndbox>
      <xmin>923.1304347826087</xmin>
      <ymin>181.95652173913044</ymin>
      <xmax>1073.1304347826085</xmax>
      <ymax>284.1304347826087</ymax>
    </bndbox>
  </object>
  <object>
    <name>ra</name>
    <pose/>
    <truncated/>
    <difficult/>
    <bndbox>
      <xmin>162.26086956521738</xmin>
      <ymin>847.1739130434783</ymin>
      <xmax>310.0869565217391</xmax>
      <ymax>971.0869565217391</ymax>
    </bndbox>
  </object>
  <object>
    <name>sa</name>
    <pose/>
    <truncated/>
    <difficult/>
    <bndbox>
      <xmin>553.5652173913043</xmin>
      <ymin>858.0434782608695</ymin>
      <xmax>675.304347826087</xmax>
      <ymax>960.2173913043478</ymax>
    </bndbox>
  </object>
  <object>
    <name>ta</name>
    <pose/>
    <truncated/>
    <difficult/>
    <bndbox>
      <xmin>940.5217391304348</xmin>
      <ymin>831.9565217391304</ymin>
      <xmax>1064.4347826086955</xmax>
      <ymax>945.0</ymax>
    </bndbox>
  </object>
</annotation>
