<annotation>
  <folder/>
  <filename>IMG_E0897.jpg</filename>
  <database/>
  <annotation/>
  <image/>
  <size>
    <height>2547</height>
    <width>2789</width>
    <depth>3</depth>
  </size>
  <segmented/>
  <object>
    <name>da</name>
    <pose/>
    <truncated/>
    <difficult/>
    <bndbox>
      <xmin>78.44444444444446</xmin>
      <ymin>47.55555555555556</ymin>
      <xmax>459.0</xmax>
      <ymax>400.33333333333337</ymax>
    </bndbox>
  </object>
  <object>
    <name>sa</name>
    <pose/>
    <truncated/>
    <difficult/>
    <bndbox>
      <xmin>695.1111111111111</xmin>
      <ymin>64.22222222222223</ymin>
      <xmax>1103.4444444444446</xmax>
      <ymax>419.77777777777777</ymax>
    </bndbox>
  </object>
  <object>
    <name>ya</name>
    <pose/>
    <truncated/>
    <difficult/>
    <bndbox>
      <xmin>1284.0</xmin>
      <ymin>55.88888888888889</ymin>
      <xmax>1809.0</xmax>
      <ymax>428.11111111111114</ymax>
    </bndbox>
  </object>
  <object>
    <name>ma</name>
    <pose/>
    <truncated/>
    <difficult/>
    <bndbox>
      <xmin>1956.2222222222222</xmin>
      <ymin>61.44444444444444</ymin>
      <xmax>2556.222222222222</xmax>
      <ymax>386.44444444444446</ymax>
    </bndbox>
  </object>
  <object>
    <name>la</name>
    <pose/>
    <truncated/>
    <difficult/>
    <bndbox>
      <xmin>186.77777777777783</xmin>
      <ymin>1455.888888888889</ymin>
      <xmax>645.1111111111111</xmax>
      <ymax>1786.4444444444446</ymax>
    </bndbox>
  </object>
  <object>
    <name>ha</name>
    <pose/>
    <truncated/>
    <difficult/>
    <bndbox>
      <xmin>878.4444444444446</xmin>
      <ymin>1408.6666666666667</ymin>
      <xmax>1314.5555555555557</xmax>
      <ymax>1803.111111111111</ymax>
    </bndbox>
  </object>
  <object>
    <name>ra</name>
    <pose/>
    <truncated/>
    <difficult/>
    <bndbox>
      <xmin>1586.7777777777778</xmin>
      <ymin>1403.111111111111</ymin>
      <xmax>2017.3333333333335</xmax>
      <ymax>1797.5555555555557</ymax>
    </bndbox>
  </object>
  <object>
    <name>na</name>
    <pose/>
    <truncated/>
    <difficult/>
    <bndbox>
      <xmin>2278.4444444444443</xmin>
      <ymin>1453.111111111111</ymin>
      <xmax>2750.666666666667</xmax>
      <ymax>1819.7777777777778</ymax>
    </bndbox>
  </object>
</annotation>
