<annotation>
  <folder/>
  <filename>IMG_E0706.jpg</filename>
  <database/>
  <annotation/>
  <image/>
  <size>
    <height>2919</height>
    <width>2424</width>
    <depth>3</depth>
  </size>
  <segmented/>
  <object>
    <name>sa</name>
    <pose/>
    <truncated/>
    <difficult/>
    <bndbox>
      <xmin>112.70967741935488</xmin>
      <ymin>87.12903225806451</ymin>
      <xmax>441.741935483871</xmax>
      <ymax>454.8709677419355</ymax>
    </bndbox>
  </object>
  <object>
    <name>la</name>
    <pose/>
    <truncated/>
    <difficult/>
    <bndbox>
      <xmin>706.258064516129</xmin>
      <ymin>167.7741935483871</ymin>
      <xmax>1115.9354838709678</xmax>
      <ymax>461.3225806451613</ymax>
    </bndbox>
  </object>
  <object>
    <name>ja</name>
    <pose/>
    <truncated/>
    <difficult/>
    <bndbox>
      <xmin>1303.032258064516</xmin>
      <ymin>238.74193548387098</ymin>
      <xmax>1741.7419354838712</xmax>
      <ymax>574.2258064516129</ymax>
    </bndbox>
  </object>
  <object>
    <name>ga</name>
    <pose/>
    <truncated/>
    <difficult/>
    <bndbox>
      <xmin>1906.2580645161293</xmin>
      <ymin>329.06451612903226</ymin>
      <xmax>2309.483870967742</xmax>
      <ymax>616.1612903225806</ymax>
    </bndbox>
  </object>
  <object>
    <name>na</name>
    <pose/>
    <truncated/>
    <difficult/>
    <bndbox>
      <xmin>61.0967741935483</xmin>
      <ymin>1577.4516129032259</ymin>
      <xmax>564.3225806451612</xmax>
      <ymax>1929.0645161290322</ymax>
    </bndbox>
  </object>
  <object>
    <name>ba</name>
    <pose/>
    <truncated/>
    <difficult/>
    <bndbox>
      <xmin>777.2258064516127</xmin>
      <ymin>1667.774193548387</ymin>
      <xmax>1196.5806451612902</xmax>
      <ymax>1996.8064516129032</ymax>
    </bndbox>
  </object>
  <object>
    <name>nga</name>
    <pose/>
    <truncated/>
    <difficult/>
    <bndbox>
      <xmin>1461.0967741935483</xmin>
      <ymin>1706.483870967742</ymin>
      <xmax>1803.032258064516</xmax>
      <ymax>2058.0967741935483</ymax>
    </bndbox>
  </object>
  <object>
    <name>ra</name>
    <pose/>
    <truncated/>
    <difficult/>
    <bndbox>
      <xmin>1938.516129032258</xmin>
      <ymin>1745.1935483870968</ymin>
      <xmax>2386.9032258064517</xmax>
      <ymax>2135.516129032258</ymax>
    </bndbox>
  </object>
</annotation>
