<annotation>
  <folder/>
  <filename>IMG_E0935.jpg</filename>
  <database/>
  <annotation/>
  <image/>
  <size>
    <height>2973</height>
    <width>2569</width>
    <depth>3</depth>
  </size>
  <segmented/>
  <object>
    <name>ra</name>
    <pose/>
    <truncated/>
    <difficult/>
    <bndbox>
      <xmin>100.83870967741927</xmin>
      <ymin>72.19354838709677</ymin>
      <xmax>675.0322580645161</xmax>
      <ymax>520.5806451612904</ymax>
    </bndbox>
  </object>
  <object>
    <name>a</name>
    <pose/>
    <truncated/>
    <difficult/>
    <bndbox>
      <xmin>875.0322580645161</xmin>
      <ymin>152.83870967741936</ymin>
      <xmax>1526.6451612903224</xmax>
      <ymax>549.6129032258065</ymax>
    </bndbox>
  </object>
  <object>
    <name>da</name>
    <pose/>
    <truncated/>
    <difficult/>
    <bndbox>
      <xmin>1720.1935483870966</xmin>
      <ymin>110.90322580645162</ymin>
      <xmax>2255.6774193548385</xmax>
      <ymax>585.0967741935484</ymax>
    </bndbox>
  </object>
  <object>
    <name>nya</name>
    <pose/>
    <truncated/>
    <difficult/>
    <bndbox>
      <xmin>216.9677419354839</xmin>
      <ymin>1517.3548387096773</ymin>
      <xmax>726.6451612903227</xmax>
      <ymax>2072.1935483870966</ymax>
    </bndbox>
  </object>
  <object>
    <name>sa</name>
    <pose/>
    <truncated/>
    <difficult/>
    <bndbox>
      <xmin>1152.4516129032259</xmin>
      <ymin>1568.967741935484</ymin>
      <xmax>1623.4193548387098</xmax>
      <ymax>2165.741935483871</ymax>
    </bndbox>
  </object>
  <object>
    <name>ba</name>
    <pose/>
    <truncated/>
    <difficult/>
    <bndbox>
      <xmin>1887.9354838709678</xmin>
      <ymin>1633.483870967742</ymin>
      <xmax>2375.032258064516</xmax>
      <ymax>2107.6774193548385</ymax>
    </bndbox>
  </object>
</annotation>
