<annotation>
  <folder/>
  <filename>IMG_E1815.jpg</filename>
  <database/>
  <annotation/>
  <image/>
  <size>
    <height>957</height>
    <width>2913</width>
    <depth>3</depth>
  </size>
  <segmented/>
  <object>
    <name>pa</name>
    <pose/>
    <truncated/>
    <difficult/>
    <bndbox>
      <xmin>107.4074074074074</xmin>
      <ymin>83.25925925925924</ymin>
      <xmax>470.3703703703703</xmax>
      <ymax>368.44444444444434</ymax>
    </bndbox>
  </object>
  <object>
    <name>ra</name>
    <pose/>
    <truncated/>
    <difficult/>
    <bndbox>
      <xmin>587.037037037037</xmin>
      <ymin>107.33333333333331</ymin>
      <xmax>1031.4814814814815</xmax>
      <ymax>429.55555555555554</ymax>
    </bndbox>
  </object>
  <object>
    <name>ma</name>
    <pose/>
    <truncated/>
    <difficult/>
    <bndbox>
      <xmin>1096.2962962962963</xmin>
      <ymin>122.1481481481481</ymin>
      <xmax>1525.9259259259259</xmax>
      <ymax>433.25925925925924</ymax>
    </bndbox>
  </object>
  <object>
    <name>ha</name>
    <pose/>
    <truncated/>
    <difficult/>
    <bndbox>
      <xmin>1603.7037037037037</xmin>
      <ymin>96.22222222222217</ymin>
      <xmax>2053.7037037037035</xmax>
      <ymax>520.2962962962962</ymax>
    </bndbox>
  </object>
  <object>
    <name>na</name>
    <pose/>
    <truncated/>
    <difficult/>
    <bndbox>
      <xmin>2092.5925925925926</xmin>
      <ymin>175.85185185185185</ymin>
      <xmax>2425.9259259259256</xmax>
      <ymax>509.1851851851851</ymax>
    </bndbox>
  </object>
  <object>
    <name>ta</name>
    <pose/>
    <truncated/>
    <difficult/>
    <bndbox>
      <xmin>2518.5185185185182</xmin>
      <ymin>166.5925925925926</ymin>
      <xmax>2788.8888888888887</xmax>
      <ymax>585.1111111111111</ymax>
    </bndbox>
  </object>
</annotation>
