<annotation>
  <folder/>
  <filename>IMG_E8823.jpg</filename>
  <database/>
  <annotation/>
  <image/>
  <size>
    <height>1230</height>
    <width>2824</width>
    <depth>3</depth>
  </size>
  <segmented/>
  <object>
    <name>we</name>
    <pose/>
    <truncated/>
    <difficult/>
    <bndbox>
      <xmin>81.71428571428571</xmin>
      <ymin>26.64285714285711</ymin>
      <xmax>654.9285714285713</xmax>
      <ymax>455.21428571428567</ymax>
    </bndbox>
  </object>
  <object>
    <name>l</name>
    <pose/>
    <truncated/>
    <difficult/>
    <bndbox>
      <xmin>774.5714285714284</xmin>
      <ymin>74.85714285714283</ymin>
      <xmax>1438.8571428571427</xmax>
      <ymax>533.7857142857142</ymax>
    </bndbox>
  </object>
  <object>
    <name>a</name>
    <pose/>
    <truncated/>
    <difficult/>
    <bndbox>
      <xmin>1640.6428571428569</xmin>
      <ymin>67.71428571428567</ymin>
      <xmax>2128.142857142857</xmax>
      <ymax>417.71428571428567</ymax>
    </bndbox>
  </object>
  <object>
    <name>ng</name>
    <pose/>
    <truncated/>
    <difficult/>
    <bndbox>
      <xmin>2301.3571428571427</xmin>
      <ymin>115.92857142857139</ymin>
      <xmax>2810.285714285714</xmax>
      <ymax>596.2857142857142</ymax>
    </bndbox>
  </object>
</annotation>
