<annotation>
  <folder/>
  <filename>IMG_E0908.jpg</filename>
  <database/>
  <annotation/>
  <image/>
  <size>
    <height>2972</height>
    <width>2084</width>
    <depth>3</depth>
  </size>
  <segmented/>
  <object>
    <name>ra</name>
    <pose/>
    <truncated/>
    <difficult/>
    <bndbox>
      <xmin>55.612903225806576</xmin>
      <ymin>178.6451612903226</ymin>
      <xmax>594.3225806451615</xmax>
      <ymax>572.1935483870968</ymax>
    </bndbox>
  </object>
  <object>
    <name>ma</name>
    <pose/>
    <truncated/>
    <difficult/>
    <bndbox>
      <xmin>713.6774193548385</xmin>
      <ymin>210.90322580645162</ymin>
      <xmax>1262.0645161290322</xmax>
      <ymax>533.483870967742</ymax>
    </bndbox>
  </object>
  <object>
    <name>ga</name>
    <pose/>
    <truncated/>
    <difficult/>
    <bndbox>
      <xmin>1413.6774193548385</xmin>
      <ymin>243.16129032258064</ymin>
      <xmax>1900.7741935483873</xmax>
      <ymax>591.5483870967741</ymax>
    </bndbox>
  </object>
  <object>
    <name>nya</name>
    <pose/>
    <truncated/>
    <difficult/>
    <bndbox>
      <xmin>184.64516129032268</xmin>
      <ymin>1627.032258064516</ymin>
      <xmax>671.7419354838712</xmax>
      <ymax>2130.2580645161293</ymax>
    </bndbox>
  </object>
  <object>
    <name>wa</name>
    <pose/>
    <truncated/>
    <difficult/>
    <bndbox>
      <xmin>868.516129032258</xmin>
      <ymin>1681.8709677419356</ymin>
      <xmax>1365.2903225806454</xmax>
      <ymax>2130.2580645161293</ymax>
    </bndbox>
  </object>
  <object>
    <name>ha</name>
    <pose/>
    <truncated/>
    <difficult/>
    <bndbox>
      <xmin>1516.9032258064517</xmin>
      <ymin>1752.8387096774193</ymin>
      <xmax>2004.0</xmax>
      <ymax>2230.2580645161293</ymax>
    </bndbox>
  </object>
</annotation>
