<annotation>
  <folder/>
  <filename>IMG_E1378.jpg</filename>
  <database/>
  <annotation/>
  <image/>
  <size>
    <height>3004</height>
    <width>2670</width>
    <depth>3</depth>
  </size>
  <segmented/>
  <object>
    <name>ma</name>
    <pose/>
    <truncated/>
    <difficult/>
    <bndbox>
      <xmin>65.0</xmin>
      <ymin>80.66666666666667</ymin>
      <xmax>868.3333333333335</xmax>
      <ymax>667.3333333333334</ymax>
    </bndbox>
  </object>
  <object>
    <name>ha</name>
    <pose/>
    <truncated/>
    <difficult/>
    <bndbox>
      <xmin>981.666666666667</xmin>
      <ymin>74.0</ymin>
      <xmax>1638.3333333333335</xmax>
      <ymax>600.6666666666667</ymax>
    </bndbox>
  </object>
  <object>
    <name>nya</name>
    <pose/>
    <truncated/>
    <difficult/>
    <bndbox>
      <xmin>1831.666666666667</xmin>
      <ymin>64.0</ymin>
      <xmax>2378.3333333333335</xmax>
      <ymax>694.0</ymax>
    </bndbox>
  </object>
  <object>
    <name>wa</name>
    <pose/>
    <truncated/>
    <difficult/>
    <bndbox>
      <xmin>388.3333333333335</xmin>
      <ymin>1544.0</ymin>
      <xmax>1005.0</xmax>
      <ymax>2190.666666666667</ymax>
    </bndbox>
  </object>
  <object>
    <name>ba</name>
    <pose/>
    <truncated/>
    <difficult/>
    <bndbox>
      <xmin>1225.0</xmin>
      <ymin>1634.0</ymin>
      <xmax>1901.666666666667</xmax>
      <ymax>2220.666666666667</ymax>
    </bndbox>
  </object>
  <object>
    <name>ja</name>
    <pose/>
    <truncated/>
    <difficult/>
    <bndbox>
      <xmin>1968.3333333333335</xmin>
      <ymin>1670.6666666666667</ymin>
      <xmax>2601.666666666667</xmax>
      <ymax>2227.3333333333335</ymax>
    </bndbox>
  </object>
</annotation>
