<annotation>
  <folder/>
  <filename>IMG_E1779.jpg</filename>
  <database/>
  <annotation/>
  <image/>
  <size>
    <height>3035</height>
    <width>2420</width>
    <depth>3</depth>
  </size>
  <segmented/>
  <object>
    <name>ra</name>
    <pose/>
    <truncated/>
    <difficult/>
    <bndbox>
      <xmin>37.0</xmin>
      <ymin>210.0</ymin>
      <xmax>670.3333333333335</xmax>
      <ymax>753.3333333333334</ymax>
    </bndbox>
  </object>
  <object>
    <name>nya</name>
    <pose/>
    <truncated/>
    <difficult/>
    <bndbox>
      <xmin>870.3333333333335</xmin>
      <ymin>206.66666666666669</ymin>
      <xmax>1397.0</xmax>
      <ymax>803.3333333333334</ymax>
    </bndbox>
  </object>
  <object>
    <name>pa</name>
    <pose/>
    <truncated/>
    <difficult/>
    <bndbox>
      <xmin>1587.0</xmin>
      <ymin>346.6666666666667</ymin>
      <xmax>2050.3333333333335</xmax>
      <ymax>556.6666666666667</ymax>
    </bndbox>
  </object>
  <object>
    <name>wa</name>
    <pose/>
    <truncated/>
    <difficult/>
    <bndbox>
      <xmin>247.0</xmin>
      <ymin>1693.3333333333335</ymin>
      <xmax>867.0</xmax>
      <ymax>2126.666666666667</ymax>
    </bndbox>
  </object>
  <object>
    <name>nga</name>
    <pose/>
    <truncated/>
    <difficult/>
    <bndbox>
      <xmin>1107.0</xmin>
      <ymin>1636.6666666666667</ymin>
      <xmax>1463.666666666667</xmax>
      <ymax>2116.666666666667</ymax>
    </bndbox>
  </object>
  <object>
    <name>ta</name>
    <pose/>
    <truncated/>
    <difficult/>
    <bndbox>
      <xmin>1763.666666666667</xmin>
      <ymin>1733.3333333333335</ymin>
      <xmax>2227.0</xmax>
      <ymax>2200.0</ymax>
    </bndbox>
  </object>
</annotation>
