<annotation>
  <folder/>
  <filename>IMG_E1590.jpg</filename>
  <database/>
  <annotation/>
  <image/>
  <size>
    <height>3467</height>
    <width>2594</width>
    <depth>3</depth>
  </size>
  <segmented/>
  <object>
    <name>ga</name>
    <pose/>
    <truncated/>
    <difficult/>
    <bndbox>
      <xmin>32.53846153846143</xmin>
      <ymin>174.3846153846154</ymin>
      <xmax>717.1538461538462</xmax>
      <ymax>585.9230769230769</ymax>
    </bndbox>
  </object>
  <object>
    <name>la</name>
    <pose/>
    <truncated/>
    <difficult/>
    <bndbox>
      <xmin>940.230769230769</xmin>
      <ymin>143.6153846153846</ymin>
      <xmax>1517.1538461538462</xmax>
      <ymax>589.7692307692307</ymax>
    </bndbox>
  </object>
  <object>
    <name>ta</name>
    <pose/>
    <truncated/>
    <difficult/>
    <bndbox>
      <xmin>1744.0769230769229</xmin>
      <ymin>135.9230769230769</ymin>
      <xmax>2301.7692307692305</xmax>
      <ymax>751.3076923076923</ymax>
    </bndbox>
  </object>
  <object>
    <name>ya</name>
    <pose/>
    <truncated/>
    <difficult/>
    <bndbox>
      <xmin>155.61538461538453</xmin>
      <ymin>1959.0</ymin>
      <xmax>805.6153846153848</xmax>
      <ymax>2366.6923076923076</ymax>
    </bndbox>
  </object>
  <object>
    <name>wa</name>
    <pose/>
    <truncated/>
    <difficult/>
    <bndbox>
      <xmin>1086.3846153846152</xmin>
      <ymin>1947.4615384615383</ymin>
      <xmax>1705.6153846153843</xmax>
      <ymax>2316.6923076923076</ymax>
    </bndbox>
  </object>
  <object>
    <name>sa</name>
    <pose/>
    <truncated/>
    <difficult/>
    <bndbox>
      <xmin>1951.7692307692305</xmin>
      <ymin>1882.076923076923</ymin>
      <xmax>2536.3846153846152</xmax>
      <ymax>2485.9230769230767</ymax>
    </bndbox>
  </object>
</annotation>
