<annotation>
  <folder/>
  <filename>IMG_20200523_150602.jpg</filename>
  <database/>
  <annotation/>
  <image/>
  <size>
    <height>1046</height>
    <width>1482</width>
    <depth>3</depth>
  </size>
  <segmented/>
  <object>
    <name>nga</name>
    <pose/>
    <truncated/>
    <difficult/>
    <bndbox>
      <xmin>69.4776119402985</xmin>
      <ymin>32.83582089552239</ymin>
      <xmax>300.820895522388</xmax>
      <ymax>222.38805970149252</ymax>
    </bndbox>
  </object>
  <object>
    <name>ya</name>
    <pose/>
    <truncated/>
    <difficult/>
    <bndbox>
      <xmin>506.7910447761194</xmin>
      <ymin>68.65671641791045</ymin>
      <xmax>782.910447761194</xmax>
      <ymax>273.13432835820896</ymax>
    </bndbox>
  </object>
  <object>
    <name>ta</name>
    <pose/>
    <truncated/>
    <difficult/>
    <bndbox>
      <xmin>939.6268656716418</xmin>
      <ymin>38.80597014925373</ymin>
      <xmax>1153.0597014925372</xmax>
      <ymax>240.29850746268656</ymax>
    </bndbox>
  </object>
  <object>
    <name>a</name>
    <pose/>
    <truncated/>
    <difficult/>
    <bndbox>
      <xmin>35.14925373134328</xmin>
      <ymin>540.2985074626865</ymin>
      <xmax>323.2089552238806</xmax>
      <ymax>741.7910447761194</ymax>
    </bndbox>
  </object>
  <object>
    <name>ba</name>
    <pose/>
    <truncated/>
    <difficult/>
    <bndbox>
      <xmin>587.3880597014925</xmin>
      <ymin>555.2238805970148</ymin>
      <xmax>806.7910447761194</xmax>
      <ymax>737.3134328358209</ymax>
    </bndbox>
  </object>
  <object>
    <name>nya</name>
    <pose/>
    <truncated/>
    <difficult/>
    <bndbox>
      <xmin>1026.1940298507461</xmin>
      <ymin>510.4477611940298</ymin>
      <xmax>1217.238805970149</xmax>
      <ymax>677.6119402985074</ymax>
    </bndbox>
  </object>
</annotation>
