<annotation>
  <folder/>
  <filename>IMG_E1342.jpg</filename>
  <database/>
  <annotation/>
  <image/>
  <size>
    <height>1246</height>
    <width>2939</width>
    <depth>3</depth>
  </size>
  <segmented/>
  <object>
    <name>wa</name>
    <pose/>
    <truncated/>
    <difficult/>
    <bndbox>
      <xmin>107.75471698113206</xmin>
      <ymin>83.18867924528303</ymin>
      <xmax>490.77358490566036</xmax>
      <ymax>347.33962264150944</ymax>
    </bndbox>
  </object>
  <object>
    <name>ta</name>
    <pose/>
    <truncated/>
    <difficult/>
    <bndbox>
      <xmin>588.8867924528302</xmin>
      <ymin>85.07547169811318</ymin>
      <xmax>979.4528301886792</xmax>
      <ymax>453.0</ymax>
    </bndbox>
  </object>
  <object>
    <name>ya</name>
    <pose/>
    <truncated/>
    <difficult/>
    <bndbox>
      <xmin>1039.8301886792453</xmin>
      <ymin>153.0</ymin>
      <xmax>1477.566037735849</xmax>
      <ymax>388.84905660377353</ymax>
    </bndbox>
  </object>
  <object>
    <name>la</name>
    <pose/>
    <truncated/>
    <difficult/>
    <bndbox>
      <xmin>1619.0754716981132</xmin>
      <ymin>128.47169811320754</ymin>
      <xmax>2051.1509433962265</xmax>
      <ymax>390.7358490566038</ymax>
    </bndbox>
  </object>
  <object>
    <name>sa</name>
    <pose/>
    <truncated/>
    <difficult/>
    <bndbox>
      <xmin>2188.88679245283</xmin>
      <ymin>147.33962264150944</ymin>
      <xmax>2575.6792452830186</xmax>
      <ymax>486.9622641509434</ymax>
    </bndbox>
  </object>
  <object>
    <name>ja</name>
    <pose/>
    <truncated/>
    <difficult/>
    <bndbox>
      <xmin>2619.0754716981132</xmin>
      <ymin>132.2452830188679</ymin>
      <xmax>2900.2075471698113</xmax>
      <ymax>432.2452830188679</ymax>
    </bndbox>
  </object>
</annotation>
