<annotation>
  <folder/>
  <filename>IMG_E1426.jpg</filename>
  <database/>
  <annotation/>
  <image/>
  <size>
    <height>2968</height>
    <width>2576</width>
    <depth>3</depth>
  </size>
  <segmented/>
  <object>
    <name>ma</name>
    <pose/>
    <truncated/>
    <difficult/>
    <bndbox>
      <xmin>59.677419354838776</xmin>
      <ymin>37.935483870967744</ymin>
      <xmax>724.1935483870968</xmax>
      <ymax>479.8709677419355</ymax>
    </bndbox>
  </object>
  <object>
    <name>ga</name>
    <pose/>
    <truncated/>
    <difficult/>
    <bndbox>
      <xmin>1046.7741935483873</xmin>
      <ymin>96.0</ymin>
      <xmax>1595.1612903225805</xmax>
      <ymax>425.03225806451616</ymax>
    </bndbox>
  </object>
  <object>
    <name>ha</name>
    <pose/>
    <truncated/>
    <difficult/>
    <bndbox>
      <xmin>1753.2258064516127</xmin>
      <ymin>31.483870967741936</ymin>
      <xmax>2356.451612903226</xmax>
      <ymax>496.0</ymax>
    </bndbox>
  </object>
  <object>
    <name>nya</name>
    <pose/>
    <truncated/>
    <difficult/>
    <bndbox>
      <xmin>133.8709677419356</xmin>
      <ymin>1547.6129032258066</ymin>
      <xmax>646.7741935483871</xmax>
      <ymax>2089.548387096774</ymax>
    </bndbox>
  </object>
  <object>
    <name>a</name>
    <pose/>
    <truncated/>
    <difficult/>
    <bndbox>
      <xmin>959.6774193548385</xmin>
      <ymin>1654.0645161290322</ymin>
      <xmax>1701.6129032258063</xmax>
      <ymax>2121.8064516129034</ymax>
    </bndbox>
  </object>
  <object>
    <name>pa</name>
    <pose/>
    <truncated/>
    <difficult/>
    <bndbox>
      <xmin>1982.2580645161293</xmin>
      <ymin>1766.967741935484</ymin>
      <xmax>2437.0967741935483</xmax>
      <ymax>2015.3548387096773</ymax>
    </bndbox>
  </object>
</annotation>
