<annotation>
  <folder/>
  <filename>IMG_20200522_161738.jpg</filename>
  <database/>
  <annotation/>
  <image/>
  <size>
    <height>2107</height>
    <width>2674</width>
    <depth>3</depth>
  </size>
  <segmented/>
  <object>
    <name>da</name>
    <pose/>
    <truncated/>
    <difficult/>
    <bndbox>
      <xmin>10.0</xmin>
      <ymin>127.51162790697674</ymin>
      <xmax>258.8372093023256</xmax>
      <ymax>341.4651162790698</ymax>
    </bndbox>
  </object>
  <object>
    <name>ra</name>
    <pose/>
    <truncated/>
    <difficult/>
    <bndbox>
      <xmin>1019.3023255813953</xmin>
      <ymin>150.7674418604651</ymin>
      <xmax>1316.9767441860465</xmax>
      <ymax>394.95348837209303</ymax>
    </bndbox>
  </object>
  <object>
    <name>nga</name>
    <pose/>
    <truncated/>
    <difficult/>
    <bndbox>
      <xmin>2047.2093023255816</xmin>
      <ymin>225.18604651162792</ymin>
      <xmax>2240.232558139535</xmax>
      <ymax>455.4186046511628</ymax>
    </bndbox>
  </object>
  <object>
    <name>ta</name>
    <pose/>
    <truncated/>
    <difficult/>
    <bndbox>
      <xmin>7.67441860465118</xmin>
      <ymin>1118.2093023255813</ymin>
      <xmax>230.93023255813955</xmax>
      <ymax>1334.4883720930234</ymax>
    </bndbox>
  </object>
  <object>
    <name>sa</name>
    <pose/>
    <truncated/>
    <difficult/>
    <bndbox>
      <xmin>1110.0</xmin>
      <ymin>1157.7441860465117</ymin>
      <xmax>1291.3953488372094</xmax>
      <ymax>1399.6046511627908</ymax>
    </bndbox>
  </object>
  <object>
    <name>ha</name>
    <pose/>
    <truncated/>
    <difficult/>
    <bndbox>
      <xmin>2210.0</xmin>
      <ymin>1160.0697674418604</ymin>
      <xmax>2512.3255813953488</xmax>
      <ymax>1439.139534883721</ymax>
    </bndbox>
  </object>
</annotation>
