<annotation>
  <folder/>
  <filename>IMG_E0853.jpg</filename>
  <database/>
  <annotation/>
  <image/>
  <size>
    <height>2934</height>
    <width>2305</width>
    <depth>3</depth>
  </size>
  <segmented/>
  <object>
    <name>a</name>
    <pose/>
    <truncated/>
    <difficult/>
    <bndbox>
      <xmin>23.677419354838776</xmin>
      <ymin>175.7741935483871</ymin>
      <xmax>497.8709677419356</xmax>
      <ymax>453.19354838709677</ymax>
    </bndbox>
  </object>
  <object>
    <name>da</name>
    <pose/>
    <truncated/>
    <difficult/>
    <bndbox>
      <xmin>646.258064516129</xmin>
      <ymin>108.03225806451613</ymin>
      <xmax>1088.1935483870966</xmax>
      <ymax>498.35483870967744</ymax>
    </bndbox>
  </object>
  <object>
    <name>ha</name>
    <pose/>
    <truncated/>
    <difficult/>
    <bndbox>
      <xmin>1307.5483870967741</xmin>
      <ymin>75.7741935483871</ymin>
      <xmax>1839.8064516129034</xmax>
      <ymax>614.483870967742</ymax>
    </bndbox>
  </object>
  <object>
    <name>la</name>
    <pose/>
    <truncated/>
    <difficult/>
    <bndbox>
      <xmin>255.9354838709678</xmin>
      <ymin>1482.225806451613</ymin>
      <xmax>752.7096774193546</xmax>
      <ymax>1856.4193548387098</ymax>
    </bndbox>
  </object>
  <object>
    <name>sa</name>
    <pose/>
    <truncated/>
    <difficult/>
    <bndbox>
      <xmin>1049.483870967742</xmin>
      <ymin>1469.3225806451612</ymin>
      <xmax>1484.967741935484</xmax>
      <ymax>1979.0</ymax>
    </bndbox>
  </object>
  <object>
    <name>na</name>
    <pose/>
    <truncated/>
    <difficult/>
    <bndbox>
      <xmin>1597.8709677419356</xmin>
      <ymin>1588.6774193548388</ymin>
      <xmax>2101.0967741935483</xmax>
      <ymax>1933.8387096774193</ymax>
    </bndbox>
  </object>
</annotation>
