<annotation>
  <folder/>
  <filename>IMG_E1750.jpg</filename>
  <database/>
  <annotation/>
  <image/>
  <size>
    <height>1099</height>
    <width>2900</width>
    <depth>3</depth>
  </size>
  <segmented/>
  <object>
    <name>ma</name>
    <pose/>
    <truncated/>
    <difficult/>
    <bndbox>
      <xmin>81.88888888888889</xmin>
      <ymin>20.925925925925924</ymin>
      <xmax>531.8888888888888</xmax>
      <ymax>280.1851851851851</ymax>
    </bndbox>
  </object>
  <object>
    <name>ya</name>
    <pose/>
    <truncated/>
    <difficult/>
    <bndbox>
      <xmin>620.7777777777777</xmin>
      <ymin>43.14814814814815</ymin>
      <xmax>996.7037037037036</xmax>
      <ymax>322.7777777777777</ymax>
    </bndbox>
  </object>
  <object>
    <name>wa</name>
    <pose/>
    <truncated/>
    <difficult/>
    <bndbox>
      <xmin>1133.7407407407406</xmin>
      <ymin>98.7037037037037</ymin>
      <xmax>1491.148148148148</xmax>
      <ymax>304.25925925925924</ymax>
    </bndbox>
  </object>
  <object>
    <name>ga</name>
    <pose/>
    <truncated/>
    <difficult/>
    <bndbox>
      <xmin>1585.5925925925924</xmin>
      <ymin>74.62962962962962</ymin>
      <xmax>1954.111111111111</xmax>
      <ymax>339.44444444444446</ymax>
    </bndbox>
  </object>
  <object>
    <name>ta</name>
    <pose/>
    <truncated/>
    <difficult/>
    <bndbox>
      <xmin>2002.2592592592591</xmin>
      <ymin>83.88888888888886</ymin>
      <xmax>2348.555555555555</xmax>
      <ymax>441.2962962962962</ymax>
    </bndbox>
  </object>
  <object>
    <name>ya</name>
    <pose/>
    <truncated/>
    <difficult/>
    <bndbox>
      <xmin>2430.037037037037</xmin>
      <ymin>135.7407407407407</ymin>
      <xmax>2783.7407407407404</xmax>
      <ymax>452.4074074074074</ymax>
    </bndbox>
  </object>
</annotation>
