<annotation>
  <folder/>
  <filename>IMG_20200522_172633.jpg</filename>
  <database/>
  <annotation/>
  <image/>
  <size>
    <height>2353</height>
    <width>2527</width>
    <depth>3</depth>
  </size>
  <segmented/>
  <object>
    <name>a</name>
    <pose/>
    <truncated/>
    <difficult/>
    <bndbox>
      <xmin>118.23076923076917</xmin>
      <ymin>345.28205128205127</ymin>
      <xmax>420.7948717948718</xmax>
      <ymax>547.8461538461538</ymax>
    </bndbox>
  </object>
  <object>
    <name>ha</name>
    <pose/>
    <truncated/>
    <difficult/>
    <bndbox>
      <xmin>918.2307692307693</xmin>
      <ymin>281.1794871794872</ymin>
      <xmax>1125.923076923077</xmax>
      <ymax>447.8461538461538</ymax>
    </bndbox>
  </object>
  <object>
    <name>ba</name>
    <pose/>
    <truncated/>
    <difficult/>
    <bndbox>
      <xmin>1869.5128205128203</xmin>
      <ymin>206.82051282051282</ymin>
      <xmax>2054.128205128205</xmax>
      <ymax>396.56410256410254</ymax>
    </bndbox>
  </object>
  <object>
    <name>nga</name>
    <pose/>
    <truncated/>
    <difficult/>
    <bndbox>
      <xmin>87.46153846153845</xmin>
      <ymin>1245.2820512820513</ymin>
      <xmax>366.948717948718</xmax>
      <ymax>1470.923076923077</ymax>
    </bndbox>
  </object>
  <object>
    <name>ta</name>
    <pose/>
    <truncated/>
    <difficult/>
    <bndbox>
      <xmin>1033.6153846153845</xmin>
      <ymin>1206.8205128205127</ymin>
      <xmax>1241.3076923076922</xmax>
      <ymax>1442.7179487179487</ymax>
    </bndbox>
  </object>
  <object>
    <name>sa</name>
    <pose/>
    <truncated/>
    <difficult/>
    <bndbox>
      <xmin>1756.6923076923076</xmin>
      <ymin>1091.4358974358975</ymin>
      <xmax>1992.5897435897436</xmax>
      <ymax>1324.7692307692307</ymax>
    </bndbox>
  </object>
</annotation>
