<annotation>
  <folder/>
  <filename>IMG_E1814.jpg</filename>
  <database/>
  <annotation/>
  <image/>
  <size>
    <height>2853</height>
    <width>2385</width>
    <depth>3</depth>
  </size>
  <segmented/>
  <object>
    <name>pa</name>
    <pose/>
    <truncated/>
    <difficult/>
    <bndbox>
      <xmin>99.625</xmin>
      <ymin>81.875</ymin>
      <xmax>621.5</xmax>
      <ymax>578.75</ymax>
    </bndbox>
  </object>
  <object>
    <name>na</name>
    <pose/>
    <truncated/>
    <difficult/>
    <bndbox>
      <xmin>696.5</xmin>
      <ymin>81.875</ymin>
      <xmax>1246.5</xmax>
      <ymax>575.625</ymax>
    </bndbox>
  </object>
  <object>
    <name>ga</name>
    <pose/>
    <truncated/>
    <difficult/>
    <bndbox>
      <xmin>1430.875</xmin>
      <ymin>56.875</ymin>
      <xmax>1943.375</xmax>
      <ymax>591.25</ymax>
    </bndbox>
  </object>
  <object>
    <name>ha</name>
    <pose/>
    <truncated/>
    <difficult/>
    <bndbox>
      <xmin>165.25</xmin>
      <ymin>1360.0</ymin>
      <xmax>846.5</xmax>
      <ymax>1910.0</ymax>
    </bndbox>
  </object>
  <object>
    <name>ta</name>
    <pose/>
    <truncated/>
    <difficult/>
    <bndbox>
      <xmin>1005.875</xmin>
      <ymin>1338.125</ymin>
      <xmax>1599.625</xmax>
      <ymax>1994.375</ymax>
    </bndbox>
  </object>
  <object>
    <name>la</name>
    <pose/>
    <truncated/>
    <difficult/>
    <bndbox>
      <xmin>1755.875</xmin>
      <ymin>1378.75</ymin>
      <xmax>2318.375</xmax>
      <ymax>1960.0</ymax>
    </bndbox>
  </object>
</annotation>
