<annotation>
  <folder/>
  <filename>IMG_20200505_140606.jpg</filename>
  <database/>
  <annotation/>
  <image/>
  <size>
    <height>2102</height>
    <width>3510</width>
    <depth>3</depth>
  </size>
  <segmented/>
  <object>
    <name>wu</name>
    <pose/>
    <truncated/>
    <difficult/>
    <bndbox>
      <xmin>179.47619047619048</xmin>
      <ymin>28.095238095238102</ymin>
      <xmax>665.1904761904763</xmax>
      <ymax>387.61904761904765</ymax>
    </bndbox>
  </object>
  <object>
    <name>g</name>
    <pose/>
    <truncated/>
    <difficult/>
    <bndbox>
      <xmin>1253.2857142857142</xmin>
      <ymin>35.23809523809524</ymin>
      <xmax>1824.7142857142858</xmax>
      <ymax>375.7142857142857</ymax>
    </bndbox>
  </object>
  <object>
    <name>me</name>
    <pose/>
    <truncated/>
    <difficult/>
    <bndbox>
      <xmin>2253.285714285714</xmin>
      <ymin>94.76190476190476</ymin>
      <xmax>2798.5238095238096</xmax>
      <ymax>494.7619047619048</ymax>
    </bndbox>
  </object>
  <object>
    <name>we</name>
    <pose/>
    <truncated/>
    <difficult/>
    <bndbox>
      <xmin>2950.904761904762</xmin>
      <ymin>130.47619047619048</ymin>
      <xmax>3431.857142857143</xmax>
      <ymax>511.42857142857144</ymax>
    </bndbox>
  </object>
  <object>
    <name>ny</name>
    <pose/>
    <truncated/>
    <difficult/>
    <bndbox>
      <xmin>136.61904761904762</xmin>
      <ymin>1092.3809523809525</ymin>
      <xmax>624.7142857142858</xmax>
      <ymax>1547.142857142857</ymax>
    </bndbox>
  </object>
  <object>
    <name>ji</name>
    <pose/>
    <truncated/>
    <difficult/>
    <bndbox>
      <xmin>1062.8095238095239</xmin>
      <ymin>1270.952380952381</ymin>
      <xmax>1565.1904761904761</xmax>
      <ymax>1649.5238095238096</ymax>
    </bndbox>
  </object>
  <object>
    <name>ne</name>
    <pose/>
    <truncated/>
    <difficult/>
    <bndbox>
      <xmin>2181.857142857143</xmin>
      <ymin>1204.2857142857142</ymin>
      <xmax>2700.904761904762</xmax>
      <ymax>1573.3333333333335</ymax>
    </bndbox>
  </object>
  <object>
    <name>t</name>
    <pose/>
    <truncated/>
    <difficult/>
    <bndbox>
      <xmin>3034.2380952380954</xmin>
      <ymin>1278.095238095238</ymin>
      <xmax>3448.5238095238096</xmax>
      <ymax>1599.5238095238096</ymax>
    </bndbox>
  </object>
</annotation>
