<annotation>
  <folder/>
  <filename>IMG_E1816.jpg</filename>
  <database/>
  <annotation/>
  <image/>
  <size>
    <height>3015</height>
    <width>2423</width>
    <depth>3</depth>
  </size>
  <segmented/>
  <object>
    <name>ma</name>
    <pose/>
    <truncated/>
    <difficult/>
    <bndbox>
      <xmin>129.0</xmin>
      <ymin>26.66666666666667</ymin>
      <xmax>735.666666666667</xmax>
      <ymax>506.66666666666674</ymax>
    </bndbox>
  </object>
  <object>
    <name>nga</name>
    <pose/>
    <truncated/>
    <difficult/>
    <bndbox>
      <xmin>805.666666666667</xmin>
      <ymin>50.0</ymin>
      <xmax>1322.3333333333335</xmax>
      <ymax>540.0</ymax>
    </bndbox>
  </object>
  <object>
    <name>wa</name>
    <pose/>
    <truncated/>
    <difficult/>
    <bndbox>
      <xmin>1535.666666666667</xmin>
      <ymin>43.33333333333334</ymin>
      <xmax>2185.666666666667</xmax>
      <ymax>580.0</ymax>
    </bndbox>
  </object>
  <object>
    <name>ta</name>
    <pose/>
    <truncated/>
    <difficult/>
    <bndbox>
      <xmin>112.33333333333348</xmin>
      <ymin>1536.6666666666667</ymin>
      <xmax>702.3333333333335</xmax>
      <ymax>2046.666666666667</ymax>
    </bndbox>
  </object>
  <object>
    <name>ra</name>
    <pose/>
    <truncated/>
    <difficult/>
    <bndbox>
      <xmin>905.666666666667</xmin>
      <ymin>1546.6666666666667</ymin>
      <xmax>1469.0</xmax>
      <ymax>2273.3333333333335</ymax>
    </bndbox>
  </object>
  <object>
    <name>ma</name>
    <pose/>
    <truncated/>
    <difficult/>
    <bndbox>
      <xmin>1682.3333333333335</xmin>
      <ymin>1606.6666666666667</ymin>
      <xmax>2369.0</xmax>
      <ymax>2226.666666666667</ymax>
    </bndbox>
  </object>
</annotation>
