<annotation>
  <folder/>
  <filename>IMG_E1235.jpg</filename>
  <database/>
  <annotation/>
  <image/>
  <size>
    <height>1090</height>
    <width>2988</width>
    <depth>3</depth>
  </size>
  <segmented/>
  <object>
    <name>ta</name>
    <pose/>
    <truncated/>
    <difficult/>
    <bndbox>
      <xmin>144.53846153846152</xmin>
      <ymin>58.0</ymin>
      <xmax>559.9230769230769</xmax>
      <ymax>483.0</ymax>
    </bndbox>
  </object>
  <object>
    <name>da</name>
    <pose/>
    <truncated/>
    <difficult/>
    <bndbox>
      <xmin>642.6153846153846</xmin>
      <ymin>100.30769230769232</ymin>
      <xmax>1054.1538461538462</xmax>
      <ymax>467.61538461538464</ymax>
    </bndbox>
  </object>
  <object>
    <name>ga</name>
    <pose/>
    <truncated/>
    <difficult/>
    <bndbox>
      <xmin>1156.076923076923</xmin>
      <ymin>90.69230769230768</ymin>
      <xmax>1536.8461538461538</xmax>
      <ymax>425.30769230769226</ymax>
    </bndbox>
  </object>
  <object>
    <name>ba</name>
    <pose/>
    <truncated/>
    <difficult/>
    <bndbox>
      <xmin>1652.2307692307693</xmin>
      <ymin>148.38461538461536</ymin>
      <xmax>2036.8461538461538</xmax>
      <ymax>398.38461538461536</ymax>
    </bndbox>
  </object>
  <object>
    <name>ra</name>
    <pose/>
    <truncated/>
    <difficult/>
    <bndbox>
      <xmin>2142.6153846153848</xmin>
      <ymin>98.38461538461536</ymin>
      <xmax>2561.846153846154</xmax>
      <ymax>392.61538461538464</ymax>
    </bndbox>
  </object>
  <object>
    <name>sa</name>
    <pose/>
    <truncated/>
    <difficult/>
    <bndbox>
      <xmin>2600.3076923076924</xmin>
      <ymin>84.9230769230769</ymin>
      <xmax>2936.846153846154</xmax>
      <ymax>440.6923076923076</ymax>
    </bndbox>
  </object>
</annotation>
