<annotation>
  <folder/>
  <filename>IMG_E0921.jpg</filename>
  <database/>
  <annotation/>
  <image/>
  <size>
    <height>2887</height>
    <width>2368</width>
    <depth>3</depth>
  </size>
  <segmented/>
  <object>
    <name>na</name>
    <pose/>
    <truncated/>
    <difficult/>
    <bndbox>
      <xmin>23.41935483870975</xmin>
      <ymin>125.96774193548387</ymin>
      <xmax>542.7741935483871</xmax>
      <ymax>545.3225806451613</ymax>
    </bndbox>
  </object>
  <object>
    <name>da</name>
    <pose/>
    <truncated/>
    <difficult/>
    <bndbox>
      <xmin>781.483870967742</xmin>
      <ymin>67.90322580645162</ymin>
      <xmax>1323.4193548387098</xmax>
      <ymax>506.61290322580646</ymax>
    </bndbox>
  </object>
  <object>
    <name>sa</name>
    <pose/>
    <truncated/>
    <difficult/>
    <bndbox>
      <xmin>1568.5806451612902</xmin>
      <ymin>138.8709677419355</ymin>
      <xmax>2078.2580645161293</xmax>
      <ymax>603.3870967741935</ymax>
    </bndbox>
  </object>
  <object>
    <name>wa</name>
    <pose/>
    <truncated/>
    <difficult/>
    <bndbox>
      <xmin>142.77419354838707</xmin>
      <ymin>1545.3225806451612</ymin>
      <xmax>678.258064516129</xmax>
      <ymax>1903.3870967741937</ymax>
    </bndbox>
  </object>
  <object>
    <name>ra</name>
    <pose/>
    <truncated/>
    <difficult/>
    <bndbox>
      <xmin>926.6451612903224</xmin>
      <ymin>1600.1612903225807</ymin>
      <xmax>1478.2580645161293</xmax>
      <ymax>2067.9032258064517</ymax>
    </bndbox>
  </object>
  <object>
    <name>ta</name>
    <pose/>
    <truncated/>
    <difficult/>
    <bndbox>
      <xmin>1804.0645161290322</xmin>
      <ymin>1671.1290322580646</ymin>
      <xmax>2265.3548387096776</xmax>
      <ymax>2193.7096774193546</ymax>
    </bndbox>
  </object>
</annotation>
