<annotation>
  <folder/>
  <filename>IMG_E1431.jpg</filename>
  <database/>
  <annotation/>
  <image/>
  <size>
    <height>3109</height>
    <width>2462</width>
    <depth>3</depth>
  </size>
  <segmented/>
  <object>
    <name>ha</name>
    <pose/>
    <truncated/>
    <difficult/>
    <bndbox>
      <xmin>28.344827586206975</xmin>
      <ymin>201.93103448275863</ymin>
      <xmax>521.4482758620691</xmax>
      <ymax>598.4827586206897</ymax>
    </bndbox>
  </object>
  <object>
    <name>ga</name>
    <pose/>
    <truncated/>
    <difficult/>
    <bndbox>
      <xmin>776.6206896551726</xmin>
      <ymin>215.7241379310345</ymin>
      <xmax>1290.4137931034484</xmax>
      <ymax>667.4482758620691</ymax>
    </bndbox>
  </object>
  <object>
    <name>da</name>
    <pose/>
    <truncated/>
    <difficult/>
    <bndbox>
      <xmin>1552.4827586206898</xmin>
      <ymin>264.0</ymin>
      <xmax>2062.8275862068967</xmax>
      <ymax>684.6896551724138</ymax>
    </bndbox>
  </object>
  <object>
    <name>ma</name>
    <pose/>
    <truncated/>
    <difficult/>
    <bndbox>
      <xmin>42.13793103448279</xmin>
      <ymin>1736.4137931034484</ymin>
      <xmax>804.2068965517242</xmax>
      <ymax>2201.9310344827586</ymax>
    </bndbox>
  </object>
  <object>
    <name>ha</name>
    <pose/>
    <truncated/>
    <difficult/>
    <bndbox>
      <xmin>1097.3103448275865</xmin>
      <ymin>1650.2068965517242</ymin>
      <xmax>1666.2758620689656</xmax>
      <ymax>2164.0</ymax>
    </bndbox>
  </object>
  <object>
    <name>ra</name>
    <pose/>
    <truncated/>
    <difficult/>
    <bndbox>
      <xmin>1904.2068965517242</xmin>
      <ymin>1664.0000000000002</ymin>
      <xmax>2407.6551724137935</xmax>
      <ymax>2167.4482758620693</ymax>
    </bndbox>
  </object>
</annotation>
