<annotation>
  <folder/>
  <filename>IMG_E9651.jpg</filename>
  <database/>
  <annotation/>
  <image/>
  <size>
    <height>1711</height>
    <width>4032</width>
    <depth>3</depth>
  </size>
  <segmented/>
  <object>
    <name>sa</name>
    <pose/>
    <truncated/>
    <difficult/>
    <bndbox>
      <xmin>135.55555555555557</xmin>
      <ymin>50.666666666666686</ymin>
      <xmax>721.6666666666667</xmax>
      <ymax>609.0</ymax>
    </bndbox>
  </object>
  <object>
    <name>pa</name>
    <pose/>
    <truncated/>
    <difficult/>
    <bndbox>
      <xmin>899.4444444444445</xmin>
      <ymin>203.44444444444446</ymin>
      <xmax>1443.888888888889</xmax>
      <ymax>595.1111111111111</ymax>
    </bndbox>
  </object>
  <object>
    <name>ro</name>
    <pose/>
    <truncated/>
    <difficult/>
    <bndbox>
      <xmin>1571.6666666666667</xmin>
      <ymin>175.66666666666674</ymin>
      <xmax>2238.3333333333335</xmax>
      <ymax>645.1111111111111</ymax>
    </bndbox>
  </object>
  <object>
    <name>la</name>
    <pose/>
    <truncated/>
    <difficult/>
    <bndbox>
      <xmin>2418.888888888889</xmin>
      <ymin>236.77777777777783</ymin>
      <xmax>2830.0</xmax>
      <ymax>667.3333333333335</ymax>
    </bndbox>
  </object>
  <object>
    <name>ng</name>
    <pose/>
    <truncated/>
    <difficult/>
    <bndbox>
      <xmin>2971.666666666667</xmin>
      <ymin>234.0</ymin>
      <xmax>3607.777777777778</xmax>
      <ymax>731.2222222222222</ymax>
    </bndbox>
  </object>
</annotation>
