<annotation>
  <folder/>
  <filename>IMG_E8788.jpg</filename>
  <database/>
  <annotation/>
  <image/>
  <size>
    <height>1211</height>
    <width>2946</width>
    <depth>3</depth>
  </size>
  <segmented/>
  <object>
    <name>go</name>
    <pose/>
    <truncated/>
    <difficult/>
    <bndbox>
      <xmin>40.15094339622641</xmin>
      <ymin>98.58490566037733</ymin>
      <xmax>636.377358490566</xmax>
      <ymax>470.2830188679245</ymax>
    </bndbox>
  </object>
  <object>
    <name>be</name>
    <pose/>
    <truncated/>
    <difficult/>
    <bndbox>
      <xmin>815.622641509434</xmin>
      <ymin>66.50943396226415</ymin>
      <xmax>1326.943396226415</xmax>
      <ymax>500.4716981132075</ymax>
    </bndbox>
  </object>
  <object>
    <name>bi</name>
    <pose/>
    <truncated/>
    <difficult/>
    <bndbox>
      <xmin>1560.9056603773583</xmin>
      <ymin>66.50943396226415</ymin>
      <xmax>2170.3396226415093</xmax>
      <ymax>536.3207547169811</ymax>
    </bndbox>
  </object>
  <object>
    <name>h</name>
    <pose/>
    <truncated/>
    <difficult/>
    <bndbox>
      <xmin>2359.018867924528</xmin>
      <ymin>30.660377358490564</ymin>
      <xmax>2900.528301886792</xmax>
      <ymax>432.5471698113207</ymax>
    </bndbox>
  </object>
</annotation>
