<annotation>
  <folder/>
  <filename>IMG_20200523_170659.jpg</filename>
  <database/>
  <annotation/>
  <image/>
  <size>
    <height>1257</height>
    <width>1494</width>
    <depth>3</depth>
  </size>
  <segmented/>
  <object>
    <name>sa</name>
    <pose/>
    <truncated/>
    <difficult/>
    <bndbox>
      <xmin>171.0</xmin>
      <ymin>75.08219178082192</ymin>
      <xmax>395.6575342465753</xmax>
      <ymax>276.45205479452056</ymax>
    </bndbox>
  </object>
  <object>
    <name>ra</name>
    <pose/>
    <truncated/>
    <difficult/>
    <bndbox>
      <xmin>720.3150684931506</xmin>
      <ymin>75.08219178082192</ymin>
      <xmax>1036.7534246575342</xmax>
      <ymax>301.1095890410959</ymax>
    </bndbox>
  </object>
  <object>
    <name>pa</name>
    <pose/>
    <truncated/>
    <difficult/>
    <bndbox>
      <xmin>1234.013698630137</xmin>
      <ymin>133.986301369863</ymin>
      <xmax>1477.8493150684933</xmax>
      <ymax>320.28767123287673</ymax>
    </bndbox>
  </object>
  <object>
    <name>ha</name>
    <pose/>
    <truncated/>
    <difficult/>
    <bndbox>
      <xmin>169.6301369863014</xmin>
      <ymin>706.5890410958905</ymin>
      <xmax>373.7397260273973</xmax>
      <ymax>947.6849315068494</ymax>
    </bndbox>
  </object>
  <object>
    <name>ba</name>
    <pose/>
    <truncated/>
    <difficult/>
    <bndbox>
      <xmin>823.0547945205481</xmin>
      <ymin>670.9726027397261</ymin>
      <xmax>1049.0821917808219</xmax>
      <ymax>907.9589041095891</ymax>
    </bndbox>
  </object>
  <object>
    <name>ya</name>
    <pose/>
    <truncated/>
    <difficult/>
    <bndbox>
      <xmin>1283.3287671232877</xmin>
      <ymin>673.7123287671233</ymin>
      <xmax>1483.3287671232877</xmax>
      <ymax>825.7671232876712</ymax>
    </bndbox>
  </object>
</annotation>
