<annotation>
  <folder/>
  <filename>IMG_20200523_153040.jpg</filename>
  <database/>
  <annotation/>
  <image/>
  <size>
    <height>1062</height>
    <width>1098</width>
    <depth>3</depth>
  </size>
  <segmented/>
  <object>
    <name>a</name>
    <pose/>
    <truncated/>
    <difficult/>
    <bndbox>
      <xmin>29.181818181818187</xmin>
      <ymin>36.36363636363636</ymin>
      <xmax>327.66666666666663</xmax>
      <ymax>192.4242424242424</ymax>
    </bndbox>
  </object>
  <object>
    <name>ta</name>
    <pose/>
    <truncated/>
    <difficult/>
    <bndbox>
      <xmin>403.4242424242424</xmin>
      <ymin>36.36363636363636</ymin>
      <xmax>601.9090909090909</xmax>
      <ymax>201.5151515151515</ymax>
    </bndbox>
  </object>
  <object>
    <name>ra</name>
    <pose/>
    <truncated/>
    <difficult/>
    <bndbox>
      <xmin>701.9090909090909</xmin>
      <ymin>30.3030303030303</ymin>
      <xmax>1012.5151515151515</xmax>
      <ymax>206.06060606060606</ymax>
    </bndbox>
  </object>
  <object>
    <name>sa</name>
    <pose/>
    <truncated/>
    <difficult/>
    <bndbox>
      <xmin>14.030303030303031</xmin>
      <ymin>536.3636363636364</ymin>
      <xmax>194.33333333333331</xmax>
      <ymax>718.1818181818181</ymax>
    </bndbox>
  </object>
  <object>
    <name>ra</name>
    <pose/>
    <truncated/>
    <difficult/>
    <bndbox>
      <xmin>280.69696969696963</xmin>
      <ymin>540.9090909090909</ymin>
      <xmax>574.6363636363636</xmax>
      <ymax>740.9090909090909</ymax>
    </bndbox>
  </object>
  <object>
    <name>ya</name>
    <pose/>
    <truncated/>
    <difficult/>
    <bndbox>
      <xmin>657.9696969696969</xmin>
      <ymin>548.4848484848485</ymin>
      <xmax>929.181818181818</xmax>
      <ymax>731.8181818181818</ymax>
    </bndbox>
  </object>
</annotation>
