<annotation>
  <folder/>
  <filename>IMG_E0880.jpg</filename>
  <database/>
  <annotation/>
  <image/>
  <size>
    <height>2819</height>
    <width>2525</width>
    <depth>3</depth>
  </size>
  <segmented/>
  <object>
    <name>ta</name>
    <pose/>
    <truncated/>
    <difficult/>
    <bndbox>
      <xmin>144.625</xmin>
      <ymin>43.0</ymin>
      <xmax>485.25</xmax>
      <ymax>427.375</ymax>
    </bndbox>
  </object>
  <object>
    <name>d</name>
    <pose/>
    <truncated/>
    <difficult/>
    <bndbox>
      <xmin>679.0</xmin>
      <ymin>74.25</ymin>
      <xmax>1088.375</xmax>
      <ymax>480.5</ymax>
    </bndbox>
  </object>
  <object>
    <name>ga</name>
    <pose/>
    <truncated/>
    <difficult/>
    <bndbox>
      <xmin>1222.75</xmin>
      <ymin>121.125</ymin>
      <xmax>1704.0</xmax>
      <ymax>474.25</ymax>
    </bndbox>
  </object>
  <object>
    <name>ha</name>
    <pose/>
    <truncated/>
    <difficult/>
    <bndbox>
      <xmin>1872.75</xmin>
      <ymin>146.125</ymin>
      <xmax>2269.625</xmax>
      <ymax>568.0</ymax>
    </bndbox>
  </object>
  <object>
    <name>ra</name>
    <pose/>
    <truncated/>
    <difficult/>
    <bndbox>
      <xmin>94.625</xmin>
      <ymin>1546.125</ymin>
      <xmax>550.875</xmax>
      <ymax>1964.875</ymax>
    </bndbox>
  </object>
  <object>
    <name>pa</name>
    <pose/>
    <truncated/>
    <difficult/>
    <bndbox>
      <xmin>747.75</xmin>
      <ymin>1696.125</ymin>
      <xmax>1154.0</xmax>
      <ymax>1868.0</ymax>
    </bndbox>
  </object>
  <object>
    <name>na</name>
    <pose/>
    <truncated/>
    <difficult/>
    <bndbox>
      <xmin>1341.5</xmin>
      <ymin>1608.625</ymin>
      <xmax>1794.625</xmax>
      <ymax>2036.75</ymax>
    </bndbox>
  </object>
  <object>
    <name>wa</name>
    <pose/>
    <truncated/>
    <difficult/>
    <bndbox>
      <xmin>1916.5</xmin>
      <ymin>1636.75</ymin>
      <xmax>2475.875</xmax>
      <ymax>2030.5</ymax>
    </bndbox>
  </object>
</annotation>
