<annotation>
  <folder/>
  <filename>IMG_20200523_153056.jpg</filename>
  <database/>
  <annotation/>
  <image/>
  <size>
    <height>1361</height>
    <width>1266</width>
    <depth>3</depth>
  </size>
  <segmented/>
  <object>
    <name>sa</name>
    <pose/>
    <truncated/>
    <difficult/>
    <bndbox>
      <xmin>77.70588235294116</xmin>
      <ymin>138.09803921568627</ymin>
      <xmax>301.2352941176471</xmax>
      <ymax>310.6470588235294</ymax>
    </bndbox>
  </object>
  <object>
    <name>ra</name>
    <pose/>
    <truncated/>
    <difficult/>
    <bndbox>
      <xmin>397.313725490196</xmin>
      <ymin>153.7843137254902</ymin>
      <xmax>654.1764705882354</xmax>
      <ymax>308.6862745098039</ymax>
    </bndbox>
  </object>
  <object>
    <name>ya</name>
    <pose/>
    <truncated/>
    <difficult/>
    <bndbox>
      <xmin>785.5490196078431</xmin>
      <ymin>114.56862745098039</ymin>
      <xmax>1122.8039215686274</xmax>
      <ymax>334.1764705882353</ymax>
    </bndbox>
  </object>
  <object>
    <name>a</name>
    <pose/>
    <truncated/>
    <difficult/>
    <bndbox>
      <xmin>62.01960784313724</xmin>
      <ymin>698.8823529411765</ymin>
      <xmax>330.6470588235294</xmax>
      <ymax>896.9215686274509</ymax>
    </bndbox>
  </object>
  <object>
    <name>ra</name>
    <pose/>
    <truncated/>
    <difficult/>
    <bndbox>
      <xmin>414.9607843137255</xmin>
      <ymin>696.9215686274509</ymin>
      <xmax>634.5686274509803</xmax>
      <ymax>918.4901960784314</ymax>
    </bndbox>
  </object>
  <object>
    <name>ba</name>
    <pose/>
    <truncated/>
    <difficult/>
    <bndbox>
      <xmin>709.078431372549</xmin>
      <ymin>671.4313725490196</ymin>
      <xmax>1154.1764705882354</xmax>
      <ymax>908.6862745098039</ymax>
    </bndbox>
  </object>
</annotation>
