<annotation>
  <folder/>
  <filename>IMG_20200523_170840.jpg</filename>
  <database/>
  <annotation/>
  <image/>
  <size>
    <height>1112</height>
    <width>1210</width>
    <depth>3</depth>
  </size>
  <segmented/>
  <object>
    <name>ga</name>
    <pose/>
    <truncated/>
    <difficult/>
    <bndbox>
      <xmin>113.2168674698795</xmin>
      <ymin>18.072289156626503</ymin>
      <xmax>332.49397590361446</xmax>
      <ymax>149.39759036144576</ymax>
    </bndbox>
  </object>
  <object>
    <name>wa</name>
    <pose/>
    <truncated/>
    <difficult/>
    <bndbox>
      <xmin>575.867469879518</xmin>
      <ymin>12.048192771084336</ymin>
      <xmax>789.1204819277107</xmax>
      <ymax>155.42168674698794</ymax>
    </bndbox>
  </object>
  <object>
    <name>da</name>
    <pose/>
    <truncated/>
    <difficult/>
    <bndbox>
      <xmin>979.4819277108434</xmin>
      <ymin>6.024096385542168</ymin>
      <xmax>1181.8915662650602</xmax>
      <ymax>154.2168674698795</ymax>
    </bndbox>
  </object>
  <object>
    <name>pa</name>
    <pose/>
    <truncated/>
    <difficult/>
    <bndbox>
      <xmin>142.13253012048187</xmin>
      <ymin>551.8072289156626</ymin>
      <xmax>348.15662650602405</xmax>
      <ymax>680.722891566265</ymax>
    </bndbox>
  </object>
  <object>
    <name>ja</name>
    <pose/>
    <truncated/>
    <difficult/>
    <bndbox>
      <xmin>502.37349397590356</xmin>
      <ymin>524.0963855421686</ymin>
      <xmax>675.867469879518</xmax>
      <ymax>689.156626506024</ymax>
    </bndbox>
  </object>
  <object>
    <name>la</name>
    <pose/>
    <truncated/>
    <difficult/>
    <bndbox>
      <xmin>904.7831325301204</xmin>
      <ymin>527.710843373494</ymin>
      <xmax>1097.5542168674697</xmax>
      <ymax>706.0240963855421</ymax>
    </bndbox>
  </object>
</annotation>
