<annotation>
  <folder/>
  <filename>IMG_E8748.jpg</filename>
  <database/>
  <annotation/>
  <image/>
  <size>
    <height>1113</height>
    <width>2971</width>
    <depth>3</depth>
  </size>
  <segmented/>
  <object>
    <name>pe</name>
    <pose/>
    <truncated/>
    <difficult/>
    <bndbox>
      <xmin>41.83018867924528</xmin>
      <ymin>87.32075471698113</ymin>
      <xmax>362.58490566037733</xmax>
      <ymax>377.88679245283015</ymax>
    </bndbox>
  </object>
  <object>
    <name>me</name>
    <pose/>
    <truncated/>
    <difficult/>
    <bndbox>
      <xmin>449.377358490566</xmin>
      <ymin>74.1132075471698</ymin>
      <xmax>907.8679245283018</xmax>
      <ymax>355.2452830188679</ymax>
    </bndbox>
  </object>
  <object>
    <name>li</name>
    <pose/>
    <truncated/>
    <difficult/>
    <bndbox>
      <xmin>966.3584905660376</xmin>
      <ymin>108.07547169811318</ymin>
      <xmax>1426.7358490566037</xmax>
      <ymax>394.86792452830184</ymax>
    </bndbox>
  </object>
  <object>
    <name>ha</name>
    <pose/>
    <truncated/>
    <difficult/>
    <bndbox>
      <xmin>1498.433962264151</xmin>
      <ymin>49.58490566037733</ymin>
      <xmax>1781.4528301886792</xmax>
      <ymax>332.60377358490564</ymax>
    </bndbox>
  </object>
  <object>
    <name>ra</name>
    <pose/>
    <truncated/>
    <difficult/>
    <bndbox>
      <xmin>1853.1509433962262</xmin>
      <ymin>79.77358490566036</ymin>
      <xmax>2145.6037735849054</xmax>
      <ymax>321.2830188679245</ymax>
    </bndbox>
  </object>
  <object>
    <name>a</name>
    <pose/>
    <truncated/>
    <difficult/>
    <bndbox>
      <xmin>2187.1132075471696</xmin>
      <ymin>111.84905660377359</ymin>
      <xmax>2547.490566037736</xmax>
      <ymax>342.0377358490566</ymax>
    </bndbox>
  </object>
  <object>
    <name>n</name>
    <pose/>
    <truncated/>
    <difficult/>
    <bndbox>
      <xmin>2566.3584905660377</xmin>
      <ymin>92.98113207547169</ymin>
      <xmax>2945.6037735849054</xmax>
      <ymax>319.39622641509436</ymax>
    </bndbox>
  </object>
</annotation>
