<annotation>
  <folder/>
  <filename>IMG_E9045.jpg</filename>
  <database/>
  <annotation/>
  <image/>
  <size>
    <height>1190</height>
    <width>2961</width>
    <depth>3</depth>
  </size>
  <segmented/>
  <object>
    <name>yo</name>
    <pose/>
    <truncated/>
    <difficult/>
    <bndbox>
      <xmin>87.0</xmin>
      <ymin>159.0</ymin>
      <xmax>483.0</xmax>
      <ymax>427.0</ymax>
    </bndbox>
  </object>
  <object>
    <name>n</name>
    <pose/>
    <truncated/>
    <difficult/>
    <bndbox>
      <xmin>605.0</xmin>
      <ymin>167.0</ymin>
      <xmax>1001.0</xmax>
      <ymax>515.0</ymax>
    </bndbox>
  </object>
  <object>
    <name>je</name>
    <pose/>
    <truncated/>
    <difficult/>
    <bndbox>
      <xmin>1047.0</xmin>
      <ymin>141.0</ymin>
      <xmax>1407.0</xmax>
      <ymax>523.0</ymax>
    </bndbox>
  </object>
  <object>
    <name>a</name>
    <pose/>
    <truncated/>
    <difficult/>
    <bndbox>
      <xmin>1509.0</xmin>
      <ymin>199.0</ymin>
      <xmax>1827.0</xmax>
      <ymax>443.0</ymax>
    </bndbox>
  </object>
  <object>
    <name>ga</name>
    <pose/>
    <truncated/>
    <difficult/>
    <bndbox>
      <xmin>1895.0</xmin>
      <ymin>185.0</ymin>
      <xmax>2191.0</xmax>
      <ymax>425.0</ymax>
    </bndbox>
  </object>
  <object>
    <name>i</name>
    <pose/>
    <truncated/>
    <difficult/>
    <bndbox>
      <xmin>2219.0</xmin>
      <ymin>111.0</ymin>
      <xmax>2493.0</xmax>
      <ymax>401.0</ymax>
    </bndbox>
  </object>
  <object>
    <name>n</name>
    <pose/>
    <truncated/>
    <difficult/>
    <bndbox>
      <xmin>2601.0</xmin>
      <ymin>203.0</ymin>
      <xmax>2909.0</xmax>
      <ymax>413.0</ymax>
    </bndbox>
  </object>
</annotation>
