<annotation>
  <folder/>
  <filename>IMG_E8831.jpg</filename>
  <database/>
  <annotation/>
  <image/>
  <size>
    <height>1166</height>
    <width>3024</width>
    <depth>3</depth>
  </size>
  <segmented/>
  <object>
    <name>to</name>
    <pose/>
    <truncated/>
    <difficult/>
    <bndbox>
      <xmin>98.53846153846153</xmin>
      <ymin>96.53846153846155</ymin>
      <xmax>696.6153846153846</xmax>
      <ymax>583.0769230769231</ymax>
    </bndbox>
  </object>
  <object>
    <name>m</name>
    <pose/>
    <truncated/>
    <difficult/>
    <bndbox>
      <xmin>877.3846153846154</xmin>
      <ymin>140.76923076923077</ymin>
      <xmax>1585.076923076923</xmax>
      <ymax>517.6923076923076</ymax>
    </bndbox>
  </object>
  <object>
    <name>je</name>
    <pose/>
    <truncated/>
    <difficult/>
    <bndbox>
      <xmin>1752.3846153846152</xmin>
      <ymin>111.9230769230769</ymin>
      <xmax>2158.153846153846</xmax>
      <ymax>527.3076923076923</ymax>
    </bndbox>
  </object>
  <object>
    <name>ri</name>
    <pose/>
    <truncated/>
    <difficult/>
    <bndbox>
      <xmin>2319.6923076923076</xmin>
      <ymin>133.07692307692304</ymin>
      <xmax>2888.9230769230767</xmax>
      <ymax>548.4615384615385</ymax>
    </bndbox>
  </object>
</annotation>
