<annotation>
  <folder/>
  <filename>IMG_20200523_112551.jpg</filename>
  <database/>
  <annotation/>
  <image/>
  <size>
    <height>1778</height>
    <width>2928</width>
    <depth>3</depth>
  </size>
  <segmented/>
  <object>
    <name>la</name>
    <pose/>
    <truncated/>
    <difficult/>
    <bndbox>
      <xmin>107.31372549019608</xmin>
      <ymin>53.627450980392155</ymin>
      <xmax>558.2941176470588</xmax>
      <ymax>410.4901960784314</ymax>
    </bndbox>
  </object>
  <object>
    <name>ba</name>
    <pose/>
    <truncated/>
    <difficult/>
    <bndbox>
      <xmin>1168.0980392156862</xmin>
      <ymin>130.09803921568627</ymin>
      <xmax>1585.7450980392157</xmax>
      <ymax>424.2156862745098</ymax>
    </bndbox>
  </object>
  <object>
    <name>da</name>
    <pose/>
    <truncated/>
    <difficult/>
    <bndbox>
      <xmin>2113.1960784313724</xmin>
      <ymin>141.86274509803923</ymin>
      <xmax>2401.4313725490197</xmax>
      <ymax>371.27450980392155</ymax>
    </bndbox>
  </object>
  <object>
    <name>na</name>
    <pose/>
    <truncated/>
    <difficult/>
    <bndbox>
      <xmin>156.33333333333334</xmin>
      <ymin>1081.078431372549</ymin>
      <xmax>477.9019607843137</xmax>
      <ymax>1398.7254901960785</ymax>
    </bndbox>
  </object>
  <object>
    <name>ta</name>
    <pose/>
    <truncated/>
    <difficult/>
    <bndbox>
      <xmin>1287.7058823529412</xmin>
      <ymin>1116.3725490196077</ymin>
      <xmax>1632.8039215686274</xmax>
      <ymax>1432.0588235294117</ymax>
    </bndbox>
  </object>
  <object>
    <name>wa</name>
    <pose/>
    <truncated/>
    <difficult/>
    <bndbox>
      <xmin>2224.9607843137255</xmin>
      <ymin>1104.6078431372548</ymin>
      <xmax>2568.098039215686</xmax>
      <ymax>1475.1960784313726</ymax>
    </bndbox>
  </object>
</annotation>
