<annotation>
  <folder/>
  <filename>IMG_20200523_165256.jpg</filename>
  <database/>
  <annotation/>
  <image/>
  <size>
    <height>1310</height>
    <width>1164</width>
    <depth>3</depth>
  </size>
  <segmented/>
  <object>
    <name>pa</name>
    <pose/>
    <truncated/>
    <difficult/>
    <bndbox>
      <xmin>69.99999999999989</xmin>
      <ymin>50.28571428571428</ymin>
      <xmax>315.71428571428567</xmax>
      <ymax>270.2857142857143</ymax>
    </bndbox>
  </object>
  <object>
    <name>ga</name>
    <pose/>
    <truncated/>
    <difficult/>
    <bndbox>
      <xmin>497.1428571428571</xmin>
      <ymin>60.28571428571428</ymin>
      <xmax>732.8571428571427</xmax>
      <ymax>263.1428571428571</ymax>
    </bndbox>
  </object>
  <object>
    <name>ba</name>
    <pose/>
    <truncated/>
    <difficult/>
    <bndbox>
      <xmin>938.5714285714284</xmin>
      <ymin>85.99999999999999</ymin>
      <xmax>1149.9999999999998</xmax>
      <ymax>288.85714285714283</ymax>
    </bndbox>
  </object>
  <object>
    <name>ga</name>
    <pose/>
    <truncated/>
    <difficult/>
    <bndbox>
      <xmin>5.714285714285666</xmin>
      <ymin>580.2857142857142</ymin>
      <xmax>205.71428571428567</xmax>
      <ymax>770.2857142857142</ymax>
    </bndbox>
  </object>
  <object>
    <name>pa</name>
    <pose/>
    <truncated/>
    <difficult/>
    <bndbox>
      <xmin>401.42857142857133</xmin>
      <ymin>595.9999999999999</ymin>
      <xmax>630.0</xmax>
      <ymax>754.5714285714286</ymax>
    </bndbox>
  </object>
  <object>
    <name>ja</name>
    <pose/>
    <truncated/>
    <difficult/>
    <bndbox>
      <xmin>855.7142857142856</xmin>
      <ymin>540.2857142857142</ymin>
      <xmax>1101.4285714285713</xmax>
      <ymax>745.9999999999999</ymax>
    </bndbox>
  </object>
</annotation>
