<annotation>
  <folder/>
  <filename>IMG_E8775.jpg</filename>
  <database/>
  <annotation/>
  <image/>
  <size>
    <height>971</height>
    <width>3024</width>
    <depth>3</depth>
  </size>
  <segmented/>
  <object>
    <name>na</name>
    <pose/>
    <truncated/>
    <difficult/>
    <bndbox>
      <xmin>79.3076923076923</xmin>
      <ymin>55.307692307692264</ymin>
      <xmax>423.53846153846155</xmax>
      <ymax>264.9230769230769</ymax>
    </bndbox>
  </object>
  <object>
    <name>go</name>
    <pose/>
    <truncated/>
    <difficult/>
    <bndbox>
      <xmin>650.4615384615385</xmin>
      <ymin>28.38461538461536</ymin>
      <xmax>1081.2307692307693</xmax>
      <ymax>378.38461538461536</ymax>
    </bndbox>
  </object>
  <object>
    <name>ya</name>
    <pose/>
    <truncated/>
    <difficult/>
    <bndbox>
      <xmin>1317.7692307692307</xmin>
      <ymin>47.615384615384585</ymin>
      <xmax>1752.3846153846152</xmax>
      <ymax>336.0769230769231</ymax>
    </bndbox>
  </object>
  <object>
    <name>nyi</name>
    <pose/>
    <truncated/>
    <difficult/>
    <bndbox>
      <xmin>1867.7692307692307</xmin>
      <ymin>30.30769230769232</ymin>
      <xmax>2288.9230769230767</xmax>
      <ymax>395.6923076923076</ymax>
    </bndbox>
  </object>
  <object>
    <name>so</name>
    <pose/>
    <truncated/>
    <difficult/>
    <bndbox>
      <xmin>2487.0</xmin>
      <ymin>41.84615384615381</ymin>
      <xmax>2858.153846153846</xmax>
      <ymax>366.8461538461538</ymax>
    </bndbox>
  </object>
</annotation>
