<annotation>
  <folder/>
  <filename>IMG_20200522_162622.jpg</filename>
  <database/>
  <annotation/>
  <image/>
  <size>
    <height>1899</height>
    <width>2640</width>
    <depth>3</depth>
  </size>
  <segmented/>
  <object>
    <name>ha</name>
    <pose/>
    <truncated/>
    <difficult/>
    <bndbox>
      <xmin>47.58333333333337</xmin>
      <ymin>66.08333333333334</ymin>
      <xmax>385.08333333333337</xmax>
      <ymax>309.83333333333337</ymax>
    </bndbox>
  </object>
  <object>
    <name>da</name>
    <pose/>
    <truncated/>
    <difficult/>
    <bndbox>
      <xmin>1130.9166666666667</xmin>
      <ymin>141.08333333333334</ymin>
      <xmax>1362.1666666666667</xmax>
      <ymax>314.0</ymax>
    </bndbox>
  </object>
  <object>
    <name>ya</name>
    <pose/>
    <truncated/>
    <difficult/>
    <bndbox>
      <xmin>2095.5</xmin>
      <ymin>166.08333333333334</ymin>
      <xmax>2383.0</xmax>
      <ymax>397.33333333333337</ymax>
    </bndbox>
  </object>
  <object>
    <name>na</name>
    <pose/>
    <truncated/>
    <difficult/>
    <bndbox>
      <xmin>51.75</xmin>
      <ymin>964.0</ymin>
      <xmax>303.83333333333337</xmax>
      <ymax>1155.6666666666667</ymax>
    </bndbox>
  </object>
  <object>
    <name>nga</name>
    <pose/>
    <truncated/>
    <difficult/>
    <bndbox>
      <xmin>1166.3333333333335</xmin>
      <ymin>1049.4166666666667</ymin>
      <xmax>1364.25</xmax>
      <ymax>1280.6666666666667</ymax>
    </bndbox>
  </object>
  <object>
    <name>ra</name>
    <pose/>
    <truncated/>
    <difficult/>
    <bndbox>
      <xmin>2187.166666666667</xmin>
      <ymin>1136.9166666666667</ymin>
      <xmax>2460.0833333333335</xmax>
      <ymax>1364.0</ymax>
    </bndbox>
  </object>
</annotation>
