<annotation>
  <folder/>
  <filename>IMG_E0671.jpg</filename>
  <database/>
  <annotation/>
  <image/>
  <size>
    <height>2923</height>
    <width>2679</width>
    <depth>3</depth>
  </size>
  <segmented/>
  <object>
    <name>nga</name>
    <pose/>
    <truncated/>
    <difficult/>
    <bndbox>
      <xmin>13.903225806451701</xmin>
      <ymin>166.5483870967742</ymin>
      <xmax>446.1612903225807</xmax>
      <ymax>569.7741935483871</ymax>
    </bndbox>
  </object>
  <object>
    <name>la</name>
    <pose/>
    <truncated/>
    <difficult/>
    <bndbox>
      <xmin>694.5483870967741</xmin>
      <ymin>227.83870967741936</ymin>
      <xmax>1223.5806451612902</xmax>
      <ymax>521.3870967741935</ymax>
    </bndbox>
  </object>
  <object>
    <name>nya</name>
    <pose/>
    <truncated/>
    <difficult/>
    <bndbox>
      <xmin>1384.8709677419356</xmin>
      <ymin>108.48387096774195</ymin>
      <xmax>1791.3225806451615</xmax>
      <ymax>569.7741935483871</ymax>
    </bndbox>
  </object>
  <object>
    <name>ta</name>
    <pose/>
    <truncated/>
    <difficult/>
    <bndbox>
      <xmin>1933.2580645161293</xmin>
      <ymin>137.51612903225808</ymin>
      <xmax>2349.3870967741937</xmax>
      <ymax>566.5483870967741</ymax>
    </bndbox>
  </object>
  <object>
    <name>ba</name>
    <pose/>
    <truncated/>
    <difficult/>
    <bndbox>
      <xmin>94.54838709677415</xmin>
      <ymin>1673.0</ymin>
      <xmax>594.5483870967741</xmax>
      <ymax>2066.548387096774</ymax>
    </bndbox>
  </object>
  <object>
    <name>ra</name>
    <pose/>
    <truncated/>
    <difficult/>
    <bndbox>
      <xmin>842.9354838709678</xmin>
      <ymin>1650.4193548387098</ymin>
      <xmax>1301.0</xmax>
      <ymax>2047.1935483870966</ymax>
    </bndbox>
  </object>
  <object>
    <name>ma</name>
    <pose/>
    <truncated/>
    <difficult/>
    <bndbox>
      <xmin>1433.2580645161293</xmin>
      <ymin>1666.5483870967741</ymin>
      <xmax>2033.2580645161293</xmax>
      <ymax>2053.6451612903224</ymax>
    </bndbox>
  </object>
  <object>
    <name>ha</name>
    <pose/>
    <truncated/>
    <difficult/>
    <bndbox>
      <xmin>2178.4193548387098</xmin>
      <ymin>1585.9032258064517</ymin>
      <xmax>2597.7741935483873</xmax>
      <ymax>2053.6451612903224</ymax>
    </bndbox>
  </object>
</annotation>
