<annotation>
  <folder/>
  <filename>IMG_E1785.jpg</filename>
  <database/>
  <annotation/>
  <image/>
  <size>
    <height>968</height>
    <width>2798</width>
    <depth>3</depth>
  </size>
  <segmented/>
  <object>
    <name>ta</name>
    <pose/>
    <truncated/>
    <difficult/>
    <bndbox>
      <xmin>101.14285714285714</xmin>
      <ymin>72.49999999999994</ymin>
      <xmax>454.71428571428567</xmax>
      <ymax>379.6428571428571</ymax>
    </bndbox>
  </object>
  <object>
    <name>ra</name>
    <pose/>
    <truncated/>
    <difficult/>
    <bndbox>
      <xmin>670.7857142857142</xmin>
      <ymin>81.42857142857139</ymin>
      <xmax>986.8571428571428</xmax>
      <ymax>368.92857142857133</ymax>
    </bndbox>
  </object>
  <object>
    <name>sa</name>
    <pose/>
    <truncated/>
    <difficult/>
    <bndbox>
      <xmin>1106.5</xmin>
      <ymin>56.42857142857139</ymin>
      <xmax>1383.2857142857142</xmax>
      <ymax>372.4999999999999</ymax>
    </bndbox>
  </object>
  <object>
    <name>ba</name>
    <pose/>
    <truncated/>
    <difficult/>
    <bndbox>
      <xmin>1463.642857142857</xmin>
      <ymin>90.35714285714283</ymin>
      <xmax>1792.2142857142856</xmax>
      <ymax>363.57142857142856</ymax>
    </bndbox>
  </object>
  <object>
    <name>ha</name>
    <pose/>
    <truncated/>
    <difficult/>
    <bndbox>
      <xmin>1856.4999999999998</xmin>
      <ymin>61.78571428571422</ymin>
      <xmax>2215.428571428571</xmax>
      <ymax>390.3571428571428</ymax>
    </bndbox>
  </object>
  <object>
    <name>ha</name>
    <pose/>
    <truncated/>
    <difficult/>
    <bndbox>
      <xmin>2340.428571428571</xmin>
      <ymin>106.42857142857139</ymin>
      <xmax>2647.5714285714284</xmax>
      <ymax>408.21428571428567</ymax>
    </bndbox>
  </object>
</annotation>
