<annotation>
  <folder/>
  <filename>IMG_E1221.jpg</filename>
  <database/>
  <annotation/>
  <image/>
  <size>
    <height>2787</height>
    <width>2538</width>
    <depth>3</depth>
  </size>
  <segmented/>
  <object>
    <name>ga</name>
    <pose/>
    <truncated/>
    <difficult/>
    <bndbox>
      <xmin>172.84848484848476</xmin>
      <ymin>53.57575757575757</ymin>
      <xmax>663.7575757575758</xmax>
      <ymax>532.3636363636364</ymax>
    </bndbox>
  </object>
  <object>
    <name>ha</name>
    <pose/>
    <truncated/>
    <difficult/>
    <bndbox>
      <xmin>742.5454545454545</xmin>
      <ymin>23.27272727272727</ymin>
      <xmax>1275.878787878788</xmax>
      <ymax>426.30303030303025</ymax>
    </bndbox>
  </object>
  <object>
    <name>ya</name>
    <pose/>
    <truncated/>
    <difficult/>
    <bndbox>
      <xmin>1375.8787878787875</xmin>
      <ymin>44.484848484848484</ymin>
      <xmax>1997.090909090909</xmax>
      <ymax>447.5151515151515</ymax>
    </bndbox>
  </object>
  <object>
    <name>ra</name>
    <pose/>
    <truncated/>
    <difficult/>
    <bndbox>
      <xmin>2051.6363636363635</xmin>
      <ymin>96.0</ymin>
      <xmax>2515.272727272727</xmax>
      <ymax>514.1818181818181</ymax>
    </bndbox>
  </object>
  <object>
    <name>ta</name>
    <pose/>
    <truncated/>
    <difficult/>
    <bndbox>
      <xmin>209.21212121212125</xmin>
      <ymin>1389.9393939393938</ymin>
      <xmax>694.060606060606</xmax>
      <ymax>1896.0</ymax>
    </bndbox>
  </object>
  <object>
    <name>ma</name>
    <pose/>
    <truncated/>
    <difficult/>
    <bndbox>
      <xmin>797.090909090909</xmin>
      <ymin>1483.8787878787878</ymin>
      <xmax>1342.5454545454545</xmax>
      <ymax>1935.3939393939393</ymax>
    </bndbox>
  </object>
  <object>
    <name>sa</name>
    <pose/>
    <truncated/>
    <difficult/>
    <bndbox>
      <xmin>1539.5151515151515</xmin>
      <ymin>1496.0</ymin>
      <xmax>1984.969696969697</xmax>
      <ymax>2038.4242424242423</ymax>
    </bndbox>
  </object>
  <object>
    <name>pa</name>
    <pose/>
    <truncated/>
    <difficult/>
    <bndbox>
      <xmin>2124.363636363636</xmin>
      <ymin>1623.2727272727273</ymin>
      <xmax>2497.090909090909</xmax>
      <ymax>1899.030303030303</ymax>
    </bndbox>
  </object>
</annotation>
