<annotation>
  <folder/>
  <filename>IMG_E1009.jpg</filename>
  <database/>
  <annotation/>
  <image/>
  <size>
    <height>3024</height>
    <width>2270</width>
    <depth>3</depth>
  </size>
  <segmented/>
  <object>
    <name>pa</name>
    <pose/>
    <truncated/>
    <difficult/>
    <bndbox>
      <xmin>51.66666666666674</xmin>
      <ymin>104.0</ymin>
      <xmax>591.666666666667</xmax>
      <ymax>544.0</ymax>
    </bndbox>
  </object>
  <object>
    <name>ra</name>
    <pose/>
    <truncated/>
    <difficult/>
    <bndbox>
      <xmin>691.666666666667</xmin>
      <ymin>104.0</ymin>
      <xmax>1291.666666666667</xmax>
      <ymax>570.6666666666667</ymax>
    </bndbox>
  </object>
  <object>
    <name>ba</name>
    <pose/>
    <truncated/>
    <difficult/>
    <bndbox>
      <xmin>1411.666666666667</xmin>
      <ymin>160.66666666666669</ymin>
      <xmax>2091.666666666667</xmax>
      <ymax>634.0</ymax>
    </bndbox>
  </object>
  <object>
    <name>sa</name>
    <pose/>
    <truncated/>
    <difficult/>
    <bndbox>
      <xmin>208.33333333333348</xmin>
      <ymin>1584.0</ymin>
      <xmax>801.666666666667</xmax>
      <ymax>2240.666666666667</ymax>
    </bndbox>
  </object>
  <object>
    <name>a</name>
    <pose/>
    <truncated/>
    <difficult/>
    <bndbox>
      <xmin>965.0</xmin>
      <ymin>1664.0</ymin>
      <xmax>1591.666666666667</xmax>
      <ymax>2147.3333333333335</ymax>
    </bndbox>
  </object>
  <object>
    <name>na</name>
    <pose/>
    <truncated/>
    <difficult/>
    <bndbox>
      <xmin>1695.0</xmin>
      <ymin>1740.6666666666667</ymin>
      <xmax>2161.666666666667</xmax>
      <ymax>2164.0</ymax>
    </bndbox>
  </object>
</annotation>
