<annotation>
  <folder/>
  <filename>IMG_E1341.jpg</filename>
  <database/>
  <annotation/>
  <image/>
  <size>
    <height>2991</height>
    <width>2552</width>
    <depth>3</depth>
  </size>
  <segmented/>
  <object>
    <name>ya</name>
    <pose/>
    <truncated/>
    <difficult/>
    <bndbox>
      <xmin>126.0</xmin>
      <ymin>18.0</ymin>
      <xmax>836.0</xmax>
      <ymax>538.0</ymax>
    </bndbox>
  </object>
  <object>
    <name>wa</name>
    <pose/>
    <truncated/>
    <difficult/>
    <bndbox>
      <xmin>1029.3333333333335</xmin>
      <ymin>131.33333333333334</ymin>
      <xmax>1656.0</xmax>
      <ymax>574.6666666666667</ymax>
    </bndbox>
  </object>
  <object>
    <name>pa</name>
    <pose/>
    <truncated/>
    <difficult/>
    <bndbox>
      <xmin>1712.666666666667</xmin>
      <ymin>188.0</ymin>
      <xmax>2196.0</xmax>
      <ymax>578.0</ymax>
    </bndbox>
  </object>
  <object>
    <name>ta</name>
    <pose/>
    <truncated/>
    <difficult/>
    <bndbox>
      <xmin>229.33333333333348</xmin>
      <ymin>1418.0</ymin>
      <xmax>952.666666666667</xmax>
      <ymax>1984.6666666666667</ymax>
    </bndbox>
  </object>
  <object>
    <name>nga</name>
    <pose/>
    <truncated/>
    <difficult/>
    <bndbox>
      <xmin>1152.666666666667</xmin>
      <ymin>1458.0</ymin>
      <xmax>1646.0</xmax>
      <ymax>2074.666666666667</ymax>
    </bndbox>
  </object>
  <object>
    <name>da</name>
    <pose/>
    <truncated/>
    <difficult/>
    <bndbox>
      <xmin>1722.666666666667</xmin>
      <ymin>1508.0</ymin>
      <xmax>2386.0</xmax>
      <ymax>2088.0</ymax>
    </bndbox>
  </object>
</annotation>
