<annotation>
  <folder/>
  <filename>IMG_E1225.jpg</filename>
  <database/>
  <annotation/>
  <image/>
  <size>
    <height>1200</height>
    <width>2970</width>
    <depth>3</depth>
  </size>
  <segmented/>
  <object>
    <name>na</name>
    <pose/>
    <truncated/>
    <difficult/>
    <bndbox>
      <xmin>64.38461538461539</xmin>
      <ymin>170.69230769230768</ymin>
      <xmax>468.2307692307692</xmax>
      <ymax>478.38461538461536</ymax>
    </bndbox>
  </object>
  <object>
    <name>ma</name>
    <pose/>
    <truncated/>
    <difficult/>
    <bndbox>
      <xmin>629.7692307692307</xmin>
      <ymin>141.8461538461538</ymin>
      <xmax>1064.3846153846152</xmax>
      <ymax>484.1538461538461</ymax>
    </bndbox>
  </object>
  <object>
    <name>ta</name>
    <pose/>
    <truncated/>
    <difficult/>
    <bndbox>
      <xmin>1225.923076923077</xmin>
      <ymin>186.07692307692304</ymin>
      <xmax>1618.2307692307693</xmax>
      <ymax>488.0</ymax>
    </bndbox>
  </object>
  <object>
    <name>pa</name>
    <pose/>
    <truncated/>
    <difficult/>
    <bndbox>
      <xmin>1691.3076923076922</xmin>
      <ymin>238.0</ymin>
      <xmax>2024.0</xmax>
      <ymax>484.1538461538461</ymax>
    </bndbox>
  </object>
  <object>
    <name>ha</name>
    <pose/>
    <truncated/>
    <difficult/>
    <bndbox>
      <xmin>2049.0</xmin>
      <ymin>155.30769230769232</ymin>
      <xmax>2450.9230769230767</xmax>
      <ymax>468.7692307692307</ymax>
    </bndbox>
  </object>
  <object>
    <name>ja</name>
    <pose/>
    <truncated/>
    <difficult/>
    <bndbox>
      <xmin>2524.0</xmin>
      <ymin>163.0</ymin>
      <xmax>2874.0</xmax>
      <ymax>461.0769230769231</ymax>
    </bndbox>
  </object>
</annotation>
