<annotation>
  <folder/>
  <filename>IMG_E0855.jpg</filename>
  <database/>
  <annotation/>
  <image/>
  <size>
    <height>2546</height>
    <width>2542</width>
    <depth>3</depth>
  </size>
  <segmented/>
  <object>
    <name>ha</name>
    <pose/>
    <truncated/>
    <difficult/>
    <bndbox>
      <xmin>54.44444444444446</xmin>
      <ymin>11.444444444444446</ymin>
      <xmax>454.44444444444457</xmax>
      <ymax>367.0</ymax>
    </bndbox>
  </object>
  <object>
    <name>ga</name>
    <pose/>
    <truncated/>
    <difficult/>
    <bndbox>
      <xmin>679.4444444444446</xmin>
      <ymin>86.44444444444444</ymin>
      <xmax>1082.2222222222224</xmax>
      <ymax>400.33333333333337</ymax>
    </bndbox>
  </object>
  <object>
    <name>ya</name>
    <pose/>
    <truncated/>
    <difficult/>
    <bndbox>
      <xmin>1223.8888888888891</xmin>
      <ymin>86.44444444444444</ymin>
      <xmax>1710.0</xmax>
      <ymax>405.8888888888889</ymax>
    </bndbox>
  </object>
  <object>
    <name>wa</name>
    <pose/>
    <truncated/>
    <difficult/>
    <bndbox>
      <xmin>1876.666666666667</xmin>
      <ymin>142.0</ymin>
      <xmax>2335.0</xmax>
      <ymax>428.11111111111114</ymax>
    </bndbox>
  </object>
  <object>
    <name>ma</name>
    <pose/>
    <truncated/>
    <difficult/>
    <bndbox>
      <xmin>96.1111111111112</xmin>
      <ymin>1444.7777777777778</ymin>
      <xmax>629.4444444444446</xmax>
      <ymax>1750.3333333333335</ymax>
    </bndbox>
  </object>
  <object>
    <name>na</name>
    <pose/>
    <truncated/>
    <difficult/>
    <bndbox>
      <xmin>862.7777777777778</xmin>
      <ymin>1469.7777777777778</ymin>
      <xmax>1254.4444444444443</xmax>
      <ymax>1803.111111111111</ymax>
    </bndbox>
  </object>
  <object>
    <name>a</name>
    <pose/>
    <truncated/>
    <difficult/>
    <bndbox>
      <xmin>1482.2222222222222</xmin>
      <ymin>1467.0</ymin>
      <xmax>1907.2222222222222</xmax>
      <ymax>1733.6666666666667</ymax>
    </bndbox>
  </object>
  <object>
    <name>pa</name>
    <pose/>
    <truncated/>
    <difficult/>
    <bndbox>
      <xmin>2076.666666666667</xmin>
      <ymin>1464.2222222222222</ymin>
      <xmax>2468.3333333333335</xmax>
      <ymax>1689.2222222222222</ymax>
    </bndbox>
  </object>
</annotation>
