<annotation>
  <folder/>
  <filename>IMG_20200523_150415.jpg</filename>
  <database/>
  <annotation/>
  <image/>
  <size>
    <height>1306</height>
    <width>1796</width>
    <depth>3</depth>
  </size>
  <segmented/>
  <object>
    <name>pa</name>
    <pose/>
    <truncated/>
    <difficult/>
    <bndbox>
      <xmin>85.81132075471697</xmin>
      <ymin>96.66037735849056</ymin>
      <xmax>372.60377358490564</xmax>
      <ymax>311.75471698113205</ymax>
    </bndbox>
  </object>
  <object>
    <name>ja</name>
    <pose/>
    <truncated/>
    <difficult/>
    <bndbox>
      <xmin>544.3018867924528</xmin>
      <ymin>57.0377358490566</ymin>
      <xmax>910.3396226415094</xmax>
      <ymax>255.1509433962264</ymax>
    </bndbox>
  </object>
  <object>
    <name>ta</name>
    <pose/>
    <truncated/>
    <difficult/>
    <bndbox>
      <xmin>1012.2264150943395</xmin>
      <ymin>45.71698113207547</ymin>
      <xmax>1217.8867924528302</xmax>
      <ymax>224.96226415094338</ymax>
    </bndbox>
  </object>
  <object>
    <name>ha</name>
    <pose/>
    <truncated/>
    <difficult/>
    <bndbox>
      <xmin>148.0754716981132</xmin>
      <ymin>726.8490566037735</ymin>
      <xmax>453.7358490566038</xmax>
      <ymax>921.188679245283</ymax>
    </bndbox>
  </object>
  <object>
    <name>ba</name>
    <pose/>
    <truncated/>
    <difficult/>
    <bndbox>
      <xmin>789.5849056603773</xmin>
      <ymin>738.1698113207547</ymin>
      <xmax>1129.2075471698113</xmax>
      <ymax>921.188679245283</ymax>
    </bndbox>
  </object>
  <object>
    <name>nya</name>
    <pose/>
    <truncated/>
    <difficult/>
    <bndbox>
      <xmin>1246.1886792452829</xmin>
      <ymin>702.3207547169811</ymin>
      <xmax>1610.3396226415093</xmax>
      <ymax>981.566037735849</ymax>
    </bndbox>
  </object>
</annotation>
