<annotation>
  <folder/>
  <filename>IMG_E1395.jpg</filename>
  <database/>
  <annotation/>
  <image/>
  <size>
    <height>2453</height>
    <width>2758</width>
    <depth>3</depth>
  </size>
  <segmented/>
  <object>
    <name>la</name>
    <pose/>
    <truncated/>
    <difficult/>
    <bndbox>
      <xmin>91.29729729729729</xmin>
      <ymin>58.378378378378386</ymin>
      <xmax>531.8378378378379</xmax>
      <ymax>366.4864864864865</ymax>
    </bndbox>
  </object>
  <object>
    <name>ba</name>
    <pose/>
    <truncated/>
    <difficult/>
    <bndbox>
      <xmin>758.8648648648648</xmin>
      <ymin>109.72972972972974</ymin>
      <xmax>1218.3243243243244</xmax>
      <ymax>447.56756756756755</ymax>
    </bndbox>
  </object>
  <object>
    <name>ha</name>
    <pose/>
    <truncated/>
    <difficult/>
    <bndbox>
      <xmin>1372.3783783783783</xmin>
      <ymin>90.8108108108108</ymin>
      <xmax>1821.027027027027</xmax>
      <ymax>501.62162162162167</ymax>
    </bndbox>
  </object>
  <object>
    <name>ya</name>
    <pose/>
    <truncated/>
    <difficult/>
    <bndbox>
      <xmin>1983.1891891891892</xmin>
      <ymin>98.91891891891892</ymin>
      <xmax>2521.027027027027</xmax>
      <ymax>458.3783783783784</ymax>
    </bndbox>
  </object>
  <object>
    <name>pa</name>
    <pose/>
    <truncated/>
    <difficult/>
    <bndbox>
      <xmin>156.1621621621622</xmin>
      <ymin>1434.0540540540542</ymin>
      <xmax>534.5405405405406</xmax>
      <ymax>1701.6216216216217</ymax>
    </bndbox>
  </object>
  <object>
    <name>ra</name>
    <pose/>
    <truncated/>
    <difficult/>
    <bndbox>
      <xmin>826.4324324324325</xmin>
      <ymin>1398.918918918919</ymin>
      <xmax>1280.4864864864865</xmax>
      <ymax>1801.6216216216217</ymax>
    </bndbox>
  </object>
  <object>
    <name>ja</name>
    <pose/>
    <truncated/>
    <difficult/>
    <bndbox>
      <xmin>1480.4864864864865</xmin>
      <ymin>1390.8108108108108</ymin>
      <xmax>2002.1081081081084</xmax>
      <ymax>1828.6486486486488</ymax>
    </bndbox>
  </object>
  <object>
    <name>ta</name>
    <pose/>
    <truncated/>
    <difficult/>
    <bndbox>
      <xmin>2210.2162162162163</xmin>
      <ymin>1366.4864864864865</ymin>
      <xmax>2604.810810810811</xmax>
      <ymax>1869.1891891891892</ymax>
    </bndbox>
  </object>
</annotation>
