<annotation>
  <folder/>
  <filename>IMG_E1813.jpg</filename>
  <database/>
  <annotation/>
  <image/>
  <size>
    <height>3217</height>
    <width>2704</width>
    <depth>3</depth>
  </size>
  <segmented/>
  <object>
    <name>ga</name>
    <pose/>
    <truncated/>
    <difficult/>
    <bndbox>
      <xmin>52.71428571428555</xmin>
      <ymin>171.7142857142857</ymin>
      <xmax>745.5714285714284</xmax>
      <ymax>693.1428571428571</ymax>
    </bndbox>
  </object>
  <object>
    <name>ta</name>
    <pose/>
    <truncated/>
    <difficult/>
    <bndbox>
      <xmin>842.0</xmin>
      <ymin>189.57142857142856</ymin>
      <xmax>1463.428571428571</xmax>
      <ymax>800.2857142857142</ymax>
    </bndbox>
  </object>
  <object>
    <name>sa</name>
    <pose/>
    <truncated/>
    <difficult/>
    <bndbox>
      <xmin>1595.5714285714284</xmin>
      <ymin>182.42857142857142</ymin>
      <xmax>2220.5714285714284</xmax>
      <ymax>885.9999999999999</ymax>
    </bndbox>
  </object>
  <object>
    <name>la</name>
    <pose/>
    <truncated/>
    <difficult/>
    <bndbox>
      <xmin>149.14285714285688</xmin>
      <ymin>1671.7142857142856</ymin>
      <xmax>763.4285714285711</xmax>
      <ymax>2164.5714285714284</ymax>
    </bndbox>
  </object>
  <object>
    <name>ma</name>
    <pose/>
    <truncated/>
    <difficult/>
    <bndbox>
      <xmin>952.7142857142853</xmin>
      <ymin>1710.9999999999998</ymin>
      <xmax>1731.2857142857138</xmax>
      <ymax>2300.285714285714</ymax>
    </bndbox>
  </object>
  <object>
    <name>nya</name>
    <pose/>
    <truncated/>
    <difficult/>
    <bndbox>
      <xmin>1820.5714285714284</xmin>
      <ymin>1764.5714285714284</ymin>
      <xmax>2581.2857142857138</xmax>
      <ymax>2278.8571428571427</ymax>
    </bndbox>
  </object>
</annotation>
