<annotation>
  <folder/>
  <filename>IMG_E9320.jpg</filename>
  <database/>
  <annotation/>
  <image/>
  <size>
    <height>1375</height>
    <width>2932</width>
    <depth>3</depth>
  </size>
  <segmented/>
  <object>
    <name>ju</name>
    <pose/>
    <truncated/>
    <difficult/>
    <bndbox>
      <xmin>142.0</xmin>
      <ymin>148.0</ymin>
      <xmax>626.0</xmax>
      <ymax>586.0</ymax>
    </bndbox>
  </object>
  <object>
    <name>ng</name>
    <pose/>
    <truncated/>
    <difficult/>
    <bndbox>
      <xmin>824.0</xmin>
      <ymin>176.0</ymin>
      <xmax>1352.0</xmax>
      <ymax>608.0</ymax>
    </bndbox>
  </object>
  <object>
    <name>wu</name>
    <pose/>
    <truncated/>
    <difficult/>
    <bndbox>
      <xmin>1560.0</xmin>
      <ymin>208.0</ymin>
      <xmax>2076.0</xmax>
      <ymax>590.0</ymax>
    </bndbox>
  </object>
  <object>
    <name>u</name>
    <pose/>
    <truncated/>
    <difficult/>
    <bndbox>
      <xmin>2184.0</xmin>
      <ymin>94.0</ymin>
      <xmax>2674.0</xmax>
      <ymax>516.0</ymax>
    </bndbox>
  </object>
</annotation>
