<annotation>
  <folder/>
  <filename>IMG_20200523_165046.jpg</filename>
  <database/>
  <annotation/>
  <image/>
  <size>
    <height>1392</height>
    <width>1084</width>
    <depth>3</depth>
  </size>
  <segmented/>
  <object>
    <name>ta</name>
    <pose/>
    <truncated/>
    <difficult/>
    <bndbox>
      <xmin>73.21212121212113</xmin>
      <ymin>84.87878787878788</ymin>
      <xmax>291.3939393939394</xmax>
      <ymax>322.75757575757575</ymax>
    </bndbox>
  </object>
  <object>
    <name>ra</name>
    <pose/>
    <truncated/>
    <difficult/>
    <bndbox>
      <xmin>442.90909090909076</xmin>
      <ymin>97.0</ymin>
      <xmax>673.2121212121212</xmax>
      <ymax>383.3636363636363</ymax>
    </bndbox>
  </object>
  <object>
    <name>sa</name>
    <pose/>
    <truncated/>
    <difficult/>
    <bndbox>
      <xmin>862.6060606060605</xmin>
      <ymin>104.57575757575756</ymin>
      <xmax>1055.030303030303</xmax>
      <ymax>381.8484848484848</ymax>
    </bndbox>
  </object>
  <object>
    <name>pa</name>
    <pose/>
    <truncated/>
    <difficult/>
    <bndbox>
      <xmin>14.121212121212125</xmin>
      <ymin>937.9090909090909</ymin>
      <xmax>205.030303030303</xmax>
      <ymax>1160.6363636363635</ymax>
    </bndbox>
  </object>
  <object>
    <name>ja</name>
    <pose/>
    <truncated/>
    <difficult/>
    <bndbox>
      <xmin>292.9090909090909</xmin>
      <ymin>942.4545454545454</ymin>
      <xmax>520.181818181818</xmax>
      <ymax>1151.5454545454545</ymax>
    </bndbox>
  </object>
  <object>
    <name>ga</name>
    <pose/>
    <truncated/>
    <difficult/>
    <bndbox>
      <xmin>706.5454545454545</xmin>
      <ymin>983.3636363636364</ymin>
      <xmax>924.7272727272727</xmax>
      <ymax>1171.2424242424242</ymax>
    </bndbox>
  </object>
</annotation>
