<annotation>
  <folder/>
  <filename>IMG_20200522_162150.jpg</filename>
  <database/>
  <annotation/>
  <image/>
  <size>
    <height>1534</height>
    <width>2890</width>
    <depth>3</depth>
  </size>
  <segmented/>
  <object>
    <name>wa</name>
    <pose/>
    <truncated/>
    <difficult/>
    <bndbox>
      <xmin>219.62962962962962</xmin>
      <ymin>77.81481481481481</ymin>
      <xmax>525.1851851851851</xmax>
      <ymax>305.59259259259255</ymax>
    </bndbox>
  </object>
  <object>
    <name>da</name>
    <pose/>
    <truncated/>
    <difficult/>
    <bndbox>
      <xmin>1317.7777777777776</xmin>
      <ymin>157.44444444444443</ymin>
      <xmax>1565.9259259259259</xmax>
      <ymax>394.48148148148147</ymax>
    </bndbox>
  </object>
  <object>
    <name>na</name>
    <pose/>
    <truncated/>
    <difficult/>
    <bndbox>
      <xmin>2115.9259259259256</xmin>
      <ymin>266.7037037037037</ymin>
      <xmax>2445.555555555555</xmax>
      <ymax>474.1111111111111</ymax>
    </bndbox>
  </object>
  <object>
    <name>nga</name>
    <pose/>
    <truncated/>
    <difficult/>
    <bndbox>
      <xmin>280.7407407407407</xmin>
      <ymin>874.1111111111111</ymin>
      <xmax>425.18518518518516</xmax>
      <ymax>1070.4074074074074</ymax>
    </bndbox>
  </object>
  <object>
    <name>nya</name>
    <pose/>
    <truncated/>
    <difficult/>
    <bndbox>
      <xmin>1371.4814814814813</xmin>
      <ymin>979.6666666666665</ymin>
      <xmax>1623.3333333333333</xmax>
      <ymax>1211.148148148148</ymax>
    </bndbox>
  </object>
  <object>
    <name>pa</name>
    <pose/>
    <truncated/>
    <difficult/>
    <bndbox>
      <xmin>2288.148148148148</xmin>
      <ymin>1066.7037037037037</ymin>
      <xmax>2565.9259259259256</xmax>
      <ymax>1275.9629629629628</ymax>
    </bndbox>
  </object>
</annotation>
