<annotation>
  <folder/>
  <filename>IMG_20200522_172222.jpg</filename>
  <database/>
  <annotation/>
  <image/>
  <size>
    <height>1934</height>
    <width>2370</width>
    <depth>3</depth>
  </size>
  <segmented/>
  <object>
    <name>da</name>
    <pose/>
    <truncated/>
    <difficult/>
    <bndbox>
      <xmin>49.170212765957444</xmin>
      <ymin>77.48936170212765</ymin>
      <xmax>219.38297872340422</xmax>
      <ymax>311.531914893617</ymax>
    </bndbox>
  </object>
  <object>
    <name>wa</name>
    <pose/>
    <truncated/>
    <difficult/>
    <bndbox>
      <xmin>653.4255319148936</xmin>
      <ymin>143.44680851063828</ymin>
      <xmax>957.6808510638298</xmax>
      <ymax>347.70212765957444</ymax>
    </bndbox>
  </object>
  <object>
    <name>ga</name>
    <pose/>
    <truncated/>
    <difficult/>
    <bndbox>
      <xmin>1627.8936170212764</xmin>
      <ymin>166.85106382978722</ymin>
      <xmax>1921.510638297872</xmax>
      <ymax>368.9787234042553</ymax>
    </bndbox>
  </object>
  <object>
    <name>na</name>
    <pose/>
    <truncated/>
    <difficult/>
    <bndbox>
      <xmin>6.617021276595722</xmin>
      <ymin>1039.191489361702</ymin>
      <xmax>240.6595744680851</xmax>
      <ymax>1258.340425531915</ymax>
    </bndbox>
  </object>
  <object>
    <name>nga</name>
    <pose/>
    <truncated/>
    <difficult/>
    <bndbox>
      <xmin>798.1063829787233</xmin>
      <ymin>1039.191489361702</ymin>
      <xmax>1021.5106382978722</xmax>
      <ymax>1226.4255319148936</ymax>
    </bndbox>
  </object>
  <object>
    <name>ra</name>
    <pose/>
    <truncated/>
    <difficult/>
    <bndbox>
      <xmin>1708.7446808510635</xmin>
      <ymin>1049.8297872340424</ymin>
      <xmax>1968.3191489361702</xmax>
      <ymax>1290.255319148936</ymax>
    </bndbox>
  </object>
</annotation>
