<annotation>
  <folder/>
  <filename>IMG_E8830.jpg</filename>
  <database/>
  <annotation/>
  <image/>
  <size>
    <height>3078</height>
    <width>2617</width>
    <depth>3</depth>
  </size>
  <segmented/>
  <object>
    <name>tu</name>
    <pose/>
    <truncated/>
    <difficult/>
    <bndbox>
      <xmin>80.66666666666674</xmin>
      <ymin>63.0</ymin>
      <xmax>614.0</xmax>
      <ymax>733.0</ymax>
    </bndbox>
  </object>
  <object>
    <name>na</name>
    <pose/>
    <truncated/>
    <difficult/>
    <bndbox>
      <xmin>930.666666666667</xmin>
      <ymin>169.66666666666669</ymin>
      <xmax>1520.666666666667</xmax>
      <ymax>623.0</ymax>
    </bndbox>
  </object>
  <object>
    <name>s</name>
    <pose/>
    <truncated/>
    <difficult/>
    <bndbox>
      <xmin>1780.666666666667</xmin>
      <ymin>63.0</ymin>
      <xmax>2607.3333333333335</xmax>
      <ymax>763.0</ymax>
    </bndbox>
  </object>
  <object>
    <name>bang</name>
    <pose/>
    <truncated/>
    <difficult/>
    <bndbox>
      <xmin>90.66666666666674</xmin>
      <ymin>1509.6666666666667</ymin>
      <xmax>604.0</xmax>
      <ymax>2256.3333333333335</ymax>
    </bndbox>
  </object>
  <object>
    <name>sa</name>
    <pose/>
    <truncated/>
    <difficult/>
    <bndbox>
      <xmin>1124.0</xmin>
      <ymin>1723.0</ymin>
      <xmax>1647.3333333333335</xmax>
      <ymax>2293.0</ymax>
    </bndbox>
  </object>
</annotation>
