<annotation>
  <folder/>
  <filename>IMG_20200522_205607.jpg</filename>
  <database/>
  <annotation/>
  <image/>
  <size>
    <height>1632</height>
    <width>2862</width>
    <depth>3</depth>
  </size>
  <segmented/>
  <object>
    <name>a</name>
    <pose/>
    <truncated/>
    <difficult/>
    <bndbox>
      <xmin>196.37037037037035</xmin>
      <ymin>110.14814814814815</ymin>
      <xmax>559.3333333333333</xmax>
      <ymax>367.55555555555554</ymax>
    </bndbox>
  </object>
  <object>
    <name>ha</name>
    <pose/>
    <truncated/>
    <difficult/>
    <bndbox>
      <xmin>1040.8148148148148</xmin>
      <ymin>87.92592592592592</ymin>
      <xmax>1340.8148148148148</xmax>
      <ymax>387.9259259259259</ymax>
    </bndbox>
  </object>
  <object>
    <name>ba</name>
    <pose/>
    <truncated/>
    <difficult/>
    <bndbox>
      <xmin>2059.333333333333</xmin>
      <ymin>58.29629629629629</ymin>
      <xmax>2413.037037037037</xmax>
      <ymax>369.4074074074074</ymax>
    </bndbox>
  </object>
  <object>
    <name>nga</name>
    <pose/>
    <truncated/>
    <difficult/>
    <bndbox>
      <xmin>227.85185185185185</xmin>
      <ymin>867.5555555555555</ymin>
      <xmax>583.4074074074074</xmax>
      <ymax>1171.2592592592591</ymax>
    </bndbox>
  </object>
  <object>
    <name>nya</name>
    <pose/>
    <truncated/>
    <difficult/>
    <bndbox>
      <xmin>1179.7037037037037</xmin>
      <ymin>915.7037037037037</ymin>
      <xmax>1505.6296296296296</xmax>
      <ymax>1182.3703703703702</ymax>
    </bndbox>
  </object>
  <object>
    <name>sa</name>
    <pose/>
    <truncated/>
    <difficult/>
    <bndbox>
      <xmin>2301.9259259259256</xmin>
      <ymin>976.8148148148148</ymin>
      <xmax>2555.6296296296296</xmax>
      <ymax>1243.4814814814813</ymax>
    </bndbox>
  </object>
</annotation>
