<annotation>
  <folder/>
  <filename>IMG_E1143.jpg</filename>
  <database/>
  <annotation/>
  <image/>
  <size>
    <height>3022</height>
    <width>2594</width>
    <depth>3</depth>
  </size>
  <segmented/>
  <object>
    <name>ra</name>
    <pose/>
    <truncated/>
    <difficult/>
    <bndbox>
      <xmin>67.0</xmin>
      <ymin>119.66666666666669</ymin>
      <xmax>793.666666666667</xmax>
      <ymax>673.0</ymax>
    </bndbox>
  </object>
  <object>
    <name>sa</name>
    <pose/>
    <truncated/>
    <difficult/>
    <bndbox>
      <xmin>853.666666666667</xmin>
      <ymin>103.0</ymin>
      <xmax>1447.0</xmax>
      <ymax>606.3333333333334</ymax>
    </bndbox>
  </object>
  <object>
    <name>nga</name>
    <pose/>
    <truncated/>
    <difficult/>
    <bndbox>
      <xmin>1640.3333333333335</xmin>
      <ymin>109.66666666666669</ymin>
      <xmax>2213.666666666667</xmax>
      <ymax>623.0</ymax>
    </bndbox>
  </object>
  <object>
    <name>ma</name>
    <pose/>
    <truncated/>
    <difficult/>
    <bndbox>
      <xmin>403.66666666666674</xmin>
      <ymin>1539.6666666666667</ymin>
      <xmax>1103.666666666667</xmax>
      <ymax>2053.0</ymax>
    </bndbox>
  </object>
  <object>
    <name>nya</name>
    <pose/>
    <truncated/>
    <difficult/>
    <bndbox>
      <xmin>1213.666666666667</xmin>
      <ymin>1576.3333333333335</ymin>
      <xmax>1897.0</xmax>
      <ymax>2149.666666666667</ymax>
    </bndbox>
  </object>
  <object>
    <name>na</name>
    <pose/>
    <truncated/>
    <difficult/>
    <bndbox>
      <xmin>1950.3333333333335</xmin>
      <ymin>1676.3333333333335</ymin>
      <xmax>2430.3333333333335</xmax>
      <ymax>2136.3333333333335</ymax>
    </bndbox>
  </object>
</annotation>
