<annotation>
  <folder/>
  <filename>IMG_20200522_204905.jpg</filename>
  <database/>
  <annotation/>
  <image/>
  <size>
    <height>1478</height>
    <width>2820</width>
    <depth>3</depth>
  </size>
  <segmented/>
  <object>
    <name>ja</name>
    <pose/>
    <truncated/>
    <difficult/>
    <bndbox>
      <xmin>46.45454545454545</xmin>
      <ymin>23.636363636363626</ymin>
      <xmax>384.6363636363636</xmax>
      <ymax>267.27272727272725</ymax>
    </bndbox>
  </object>
  <object>
    <name>la</name>
    <pose/>
    <truncated/>
    <difficult/>
    <bndbox>
      <xmin>968.2727272727271</xmin>
      <ymin>65.45454545454544</ymin>
      <xmax>1339.181818181818</xmax>
      <ymax>329.09090909090907</ymax>
    </bndbox>
  </object>
  <object>
    <name>ba</name>
    <pose/>
    <truncated/>
    <difficult/>
    <bndbox>
      <xmin>2115.5454545454545</xmin>
      <ymin>34.54545454545453</ymin>
      <xmax>2473.7272727272725</xmax>
      <ymax>209.09090909090907</ymax>
    </bndbox>
  </object>
  <object>
    <name>nya</name>
    <pose/>
    <truncated/>
    <difficult/>
    <bndbox>
      <xmin>17.36363636363636</xmin>
      <ymin>765.4545454545454</ymin>
      <xmax>344.6363636363636</xmax>
      <ymax>1010.9090909090908</ymax>
    </bndbox>
  </object>
  <object>
    <name>nga</name>
    <pose/>
    <truncated/>
    <difficult/>
    <bndbox>
      <xmin>1026.4545454545453</xmin>
      <ymin>832.7272727272726</ymin>
      <xmax>1324.6363636363635</xmax>
      <ymax>1070.9090909090908</ymax>
    </bndbox>
  </object>
  <object>
    <name>wa</name>
    <pose/>
    <truncated/>
    <difficult/>
    <bndbox>
      <xmin>2059.181818181818</xmin>
      <ymin>854.5454545454545</ymin>
      <xmax>2371.9090909090905</xmax>
      <ymax>1114.5454545454545</ymax>
    </bndbox>
  </object>
</annotation>
