<annotation>
  <folder/>
  <filename>IMG_E1552.jpg</filename>
  <database/>
  <annotation/>
  <image/>
  <size>
    <height>3194</height>
    <width>2730</width>
    <depth>3</depth>
  </size>
  <segmented/>
  <object>
    <name>ga</name>
    <pose/>
    <truncated/>
    <difficult/>
    <bndbox>
      <xmin>194.28571428571422</xmin>
      <ymin>113.28571428571428</ymin>
      <xmax>733.5714285714284</xmax>
      <ymax>534.7142857142857</ymax>
    </bndbox>
  </object>
  <object>
    <name>a</name>
    <pose/>
    <truncated/>
    <difficult/>
    <bndbox>
      <xmin>947.8571428571427</xmin>
      <ymin>109.7142857142857</ymin>
      <xmax>1704.9999999999995</xmax>
      <ymax>584.7142857142857</ymax>
    </bndbox>
  </object>
  <object>
    <name>ha</name>
    <pose/>
    <truncated/>
    <difficult/>
    <bndbox>
      <xmin>1854.9999999999995</xmin>
      <ymin>120.42857142857142</ymin>
      <xmax>2658.5714285714284</xmax>
      <ymax>656.1428571428571</ymax>
    </bndbox>
  </object>
  <object>
    <name>ma</name>
    <pose/>
    <truncated/>
    <difficult/>
    <bndbox>
      <xmin>112.14285714285688</xmin>
      <ymin>1620.4285714285713</ymin>
      <xmax>919.2857142857142</xmax>
      <ymax>2202.5714285714284</ymax>
    </bndbox>
  </object>
  <object>
    <name>ja</name>
    <pose/>
    <truncated/>
    <difficult/>
    <bndbox>
      <xmin>1101.428571428571</xmin>
      <ymin>1627.5714285714284</ymin>
      <xmax>1887.1428571428569</xmax>
      <ymax>2224.0</ymax>
    </bndbox>
  </object>
  <object>
    <name>la</name>
    <pose/>
    <truncated/>
    <difficult/>
    <bndbox>
      <xmin>2037.1428571428569</xmin>
      <ymin>1706.1428571428569</ymin>
      <xmax>2694.2857142857138</xmax>
      <ymax>2195.428571428571</ymax>
    </bndbox>
  </object>
</annotation>
