<annotation>
  <folder/>
  <filename>IMG_E1369.jpg</filename>
  <database/>
  <annotation/>
  <image/>
  <size>
    <height>904</height>
    <width>2929</width>
    <depth>3</depth>
  </size>
  <segmented/>
  <object>
    <name>ra</name>
    <pose/>
    <truncated/>
    <difficult/>
    <bndbox>
      <xmin>87.66037735849056</xmin>
      <ymin>51.811320754716974</ymin>
      <xmax>512.188679245283</xmax>
      <ymax>336.7169811320755</ymax>
    </bndbox>
  </object>
  <object>
    <name>na</name>
    <pose/>
    <truncated/>
    <difficult/>
    <bndbox>
      <xmin>638.6037735849056</xmin>
      <ymin>66.90566037735846</ymin>
      <xmax>966.9056603773585</xmax>
      <ymax>397.0943396226414</ymax>
    </bndbox>
  </object>
  <object>
    <name>da</name>
    <pose/>
    <truncated/>
    <difficult/>
    <bndbox>
      <xmin>1076.3396226415093</xmin>
      <ymin>114.07547169811323</ymin>
      <xmax>1453.698113207547</xmax>
      <ymax>378.2264150943396</ymax>
    </bndbox>
  </object>
  <object>
    <name>ga</name>
    <pose/>
    <truncated/>
    <difficult/>
    <bndbox>
      <xmin>1551.811320754717</xmin>
      <ymin>97.09433962264143</ymin>
      <xmax>1895.2075471698113</xmax>
      <ymax>344.2641509433962</ymax>
    </bndbox>
  </object>
  <object>
    <name>ja</name>
    <pose/>
    <truncated/>
    <difficult/>
    <bndbox>
      <xmin>2031.0566037735848</xmin>
      <ymin>70.67924528301882</ymin>
      <xmax>2365.018867924528</xmax>
      <ymax>368.7924528301886</ymax>
    </bndbox>
  </object>
  <object>
    <name>wa</name>
    <pose/>
    <truncated/>
    <difficult/>
    <bndbox>
      <xmin>2463.132075471698</xmin>
      <ymin>123.5094339622641</ymin>
      <xmax>2851.8113207547167</xmax>
      <ymax>398.9811320754717</ymax>
    </bndbox>
  </object>
</annotation>
