<annotation>
  <folder/>
  <filename>IMG_E9279.jpg</filename>
  <database/>
  <annotation/>
  <image/>
  <size>
    <height>1440</height>
    <width>2972</width>
    <depth>3</depth>
  </size>
  <segmented/>
  <object>
    <name>ro</name>
    <pose/>
    <truncated/>
    <difficult/>
    <bndbox>
      <xmin>55.673469387755105</xmin>
      <ymin>67.0</ymin>
      <xmax>774.0408163265306</xmax>
      <ymax>571.0816326530612</ymax>
    </bndbox>
  </object>
  <object>
    <name>se</name>
    <pose/>
    <truncated/>
    <difficult/>
    <bndbox>
      <xmin>898.530612244898</xmin>
      <ymin>36.38775510204084</ymin>
      <xmax>1376.0816326530612</xmax>
      <ymax>556.795918367347</ymax>
    </bndbox>
  </object>
  <object>
    <name>hi</name>
    <pose/>
    <truncated/>
    <difficult/>
    <bndbox>
      <xmin>1525.061224489796</xmin>
      <ymin>56.79591836734693</ymin>
      <xmax>2133.2244897959185</xmax>
      <ymax>593.530612244898</ymax>
    </bndbox>
  </object>
  <object>
    <name>p</name>
    <pose/>
    <truncated/>
    <difficult/>
    <bndbox>
      <xmin>2288.326530612245</xmin>
      <ymin>99.65306122448982</ymin>
      <xmax>2851.591836734694</xmax>
      <ymax>540.469387755102</ymax>
    </bndbox>
  </object>
</annotation>
