<annotation>
  <folder/>
  <filename>IMG_E1747.jpg</filename>
  <database/>
  <annotation/>
  <image/>
  <size>
    <height>3279</height>
    <width>2641</width>
    <depth>3</depth>
  </size>
  <segmented/>
  <object>
    <name>sa</name>
    <pose/>
    <truncated/>
    <difficult/>
    <bndbox>
      <xmin>42.14285714285711</xmin>
      <ymin>181.28571428571428</ymin>
      <xmax>585.0</xmax>
      <ymax>727.7142857142857</ymax>
    </bndbox>
  </object>
  <object>
    <name>na</name>
    <pose/>
    <truncated/>
    <difficult/>
    <bndbox>
      <xmin>813.5714285714284</xmin>
      <ymin>238.42857142857142</ymin>
      <xmax>1388.5714285714284</xmax>
      <ymax>656.2857142857142</ymax>
    </bndbox>
  </object>
  <object>
    <name>ma</name>
    <pose/>
    <truncated/>
    <difficult/>
    <bndbox>
      <xmin>1513.5714285714284</xmin>
      <ymin>213.42857142857142</ymin>
      <xmax>2245.7142857142853</xmax>
      <ymax>691.9999999999999</ymax>
    </bndbox>
  </object>
  <object>
    <name>ta</name>
    <pose/>
    <truncated/>
    <difficult/>
    <bndbox>
      <xmin>324.2857142857142</xmin>
      <ymin>1834.8571428571427</ymin>
      <xmax>892.1428571428569</xmax>
      <ymax>2370.5714285714284</ymax>
    </bndbox>
  </object>
  <object>
    <name>wa</name>
    <pose/>
    <truncated/>
    <difficult/>
    <bndbox>
      <xmin>1038.5714285714284</xmin>
      <ymin>1895.5714285714284</ymin>
      <xmax>1670.7142857142853</xmax>
      <ymax>2406.285714285714</ymax>
    </bndbox>
  </object>
  <object>
    <name>ga</name>
    <pose/>
    <truncated/>
    <difficult/>
    <bndbox>
      <xmin>1824.2857142857138</xmin>
      <ymin>1906.285714285714</ymin>
      <xmax>2442.142857142857</xmax>
      <ymax>2356.285714285714</ymax>
    </bndbox>
  </object>
</annotation>
