<annotation>
  <folder/>
  <filename>IMG_20200523_172702.jpg</filename>
  <database/>
  <annotation/>
  <image/>
  <size>
    <height>1744</height>
    <width>1154</width>
    <depth>3</depth>
  </size>
  <segmented/>
  <object>
    <name>ga</name>
    <pose/>
    <truncated/>
    <difficult/>
    <bndbox>
      <xmin>87.15384615384608</xmin>
      <ymin>96.53846153846153</ymin>
      <xmax>317.9230769230769</xmax>
      <ymax>344.6153846153846</ymax>
    </bndbox>
  </object>
  <object>
    <name>nga</name>
    <pose/>
    <truncated/>
    <difficult/>
    <bndbox>
      <xmin>469.8461538461538</xmin>
      <ymin>102.3076923076923</ymin>
      <xmax>708.3076923076922</xmax>
      <ymax>354.2307692307692</ymax>
    </bndbox>
  </object>
  <object>
    <name>ha</name>
    <pose/>
    <truncated/>
    <difficult/>
    <bndbox>
      <xmin>877.5384615384614</xmin>
      <ymin>61.92307692307692</ymin>
      <xmax>1094.8461538461538</xmax>
      <ymax>336.9230769230769</ymax>
    </bndbox>
  </object>
  <object>
    <name>a</name>
    <pose/>
    <truncated/>
    <difficult/>
    <bndbox>
      <xmin>79.46153846153845</xmin>
      <ymin>1025.3846153846152</ymin>
      <xmax>285.2307692307693</xmax>
      <ymax>1202.3076923076924</ymax>
    </bndbox>
  </object>
  <object>
    <name>sa</name>
    <pose/>
    <truncated/>
    <difficult/>
    <bndbox>
      <xmin>416.0</xmin>
      <ymin>983.0769230769231</ymin>
      <xmax>635.2307692307693</xmax>
      <ymax>1173.4615384615383</ymax>
    </bndbox>
  </object>
  <object>
    <name>ra</name>
    <pose/>
    <truncated/>
    <difficult/>
    <bndbox>
      <xmin>796.7692307692307</xmin>
      <ymin>961.9230769230769</ymin>
      <xmax>1019.8461538461538</xmax>
      <ymax>1200.3846153846152</ymax>
    </bndbox>
  </object>
</annotation>
