<annotation>
  <folder/>
  <filename>IMG_E1578.jpg</filename>
  <database/>
  <annotation/>
  <image/>
  <size>
    <height>2917</height>
    <width>2628</width>
    <depth>3</depth>
  </size>
  <segmented/>
  <object>
    <name>pa</name>
    <pose/>
    <truncated/>
    <difficult/>
    <bndbox>
      <xmin>59.8709677419356</xmin>
      <ymin>163.5483870967742</ymin>
      <xmax>614.7096774193549</xmax>
      <ymax>415.16129032258067</ymax>
    </bndbox>
  </object>
  <object>
    <name>ja</name>
    <pose/>
    <truncated/>
    <difficult/>
    <bndbox>
      <xmin>837.2903225806454</xmin>
      <ymin>82.90322580645162</ymin>
      <xmax>1598.5806451612902</xmax>
      <ymax>611.9354838709678</ymax>
    </bndbox>
  </object>
  <object>
    <name>ha</name>
    <pose/>
    <truncated/>
    <difficult/>
    <bndbox>
      <xmin>1853.4193548387098</xmin>
      <ymin>115.16129032258064</ymin>
      <xmax>2485.6774193548385</xmax>
      <ymax>711.9354838709678</ymax>
    </bndbox>
  </object>
  <object>
    <name>ga</name>
    <pose/>
    <truncated/>
    <difficult/>
    <bndbox>
      <xmin>76.0</xmin>
      <ymin>1653.8709677419356</ymin>
      <xmax>724.3870967741937</xmax>
      <ymax>2089.3548387096776</ymax>
    </bndbox>
  </object>
  <object>
    <name>la</name>
    <pose/>
    <truncated/>
    <difficult/>
    <bndbox>
      <xmin>956.6451612903224</xmin>
      <ymin>1679.6774193548388</ymin>
      <xmax>1543.7419354838712</xmax>
      <ymax>2092.5806451612902</ymax>
    </bndbox>
  </object>
  <object>
    <name>ra</name>
    <pose/>
    <truncated/>
    <difficult/>
    <bndbox>
      <xmin>1863.0967741935483</xmin>
      <ymin>1708.7096774193549</ymin>
      <xmax>2459.8709677419356</xmax>
      <ymax>2160.3225806451615</ymax>
    </bndbox>
  </object>
</annotation>
