<annotation>
  <folder/>
  <filename>IMG_20200522_211717.jpg</filename>
  <database/>
  <annotation/>
  <image/>
  <size>
    <height>2224</height>
    <width>2584</width>
    <depth>3</depth>
  </size>
  <segmented/>
  <object>
    <name>ja</name>
    <pose/>
    <truncated/>
    <difficult/>
    <bndbox>
      <xmin>55.48780487804868</xmin>
      <ymin>21.14634146341463</ymin>
      <xmax>404.2682926829268</xmax>
      <ymax>301.6341463414634</ymax>
    </bndbox>
  </object>
  <object>
    <name>ha</name>
    <pose/>
    <truncated/>
    <difficult/>
    <bndbox>
      <xmin>1028.6585365853657</xmin>
      <ymin>35.78048780487804</ymin>
      <xmax>1392.0731707317073</xmax>
      <ymax>274.80487804878044</ymax>
    </bndbox>
  </object>
  <object>
    <name>wa</name>
    <pose/>
    <truncated/>
    <difficult/>
    <bndbox>
      <xmin>1972.560975609756</xmin>
      <ymin>4.0731707317073145</ymin>
      <xmax>2340.853658536585</xmax>
      <ymax>243.09756097560972</ymax>
    </bndbox>
  </object>
  <object>
    <name>da</name>
    <pose/>
    <truncated/>
    <difficult/>
    <bndbox>
      <xmin>38.41463414634143</xmin>
      <ymin>1138.2195121951218</ymin>
      <xmax>365.2439024390243</xmax>
      <ymax>1462.6097560975609</ymax>
    </bndbox>
  </object>
  <object>
    <name>nya</name>
    <pose/>
    <truncated/>
    <difficult/>
    <bndbox>
      <xmin>950.6097560975609</xmin>
      <ymin>1265.0487804878048</ymin>
      <xmax>1323.7804878048778</xmax>
      <ymax>1611.390243902439</ymax>
    </bndbox>
  </object>
  <object>
    <name>nga</name>
    <pose/>
    <truncated/>
    <difficult/>
    <bndbox>
      <xmin>1867.6829268292681</xmin>
      <ymin>1379.6829268292681</ymin>
      <xmax>2250.609756097561</xmax>
      <ymax>1726.0243902439024</ymax>
    </bndbox>
  </object>
</annotation>
