<annotation>
  <folder/>
  <filename>IMG_20200523_170854.jpg</filename>
  <database/>
  <annotation/>
  <image/>
  <size>
    <height>1210</height>
    <width>1411</width>
    <depth>3</depth>
  </size>
  <segmented/>
  <object>
    <name>pa</name>
    <pose/>
    <truncated/>
    <difficult/>
    <bndbox>
      <xmin>200.9473684210526</xmin>
      <ymin>78.26315789473684</ymin>
      <xmax>464.1052631578947</xmax>
      <ymax>296.6842105263158</ymax>
    </bndbox>
  </object>
  <object>
    <name>ja</name>
    <pose/>
    <truncated/>
    <difficult/>
    <bndbox>
      <xmin>560.1578947368421</xmin>
      <ymin>53.26315789473684</ymin>
      <xmax>820.6842105263158</xmax>
      <ymax>298.0</ymax>
    </bndbox>
  </object>
  <object>
    <name>la</name>
    <pose/>
    <truncated/>
    <difficult/>
    <bndbox>
      <xmin>1016.7368421052631</xmin>
      <ymin>55.89473684210526</ymin>
      <xmax>1248.3157894736842</xmax>
      <ymax>283.5263157894737</ymax>
    </bndbox>
  </object>
  <object>
    <name>ya</name>
    <pose/>
    <truncated/>
    <difficult/>
    <bndbox>
      <xmin>227.26315789473688</xmin>
      <ymin>632.2105263157895</ymin>
      <xmax>503.57894736842104</xmax>
      <ymax>816.421052631579</ymax>
    </bndbox>
  </object>
  <object>
    <name>la</name>
    <pose/>
    <truncated/>
    <difficult/>
    <bndbox>
      <xmin>687.7894736842105</xmin>
      <ymin>616.421052631579</ymin>
      <xmax>920.6842105263158</xmax>
      <ymax>811.1578947368421</ymax>
    </bndbox>
  </object>
  <object>
    <name>ja</name>
    <pose/>
    <truncated/>
    <difficult/>
    <bndbox>
      <xmin>1028.578947368421</xmin>
      <ymin>640.1052631578947</ymin>
      <xmax>1250.9473684210527</xmax>
      <ymax>851.9473684210526</ymax>
    </bndbox>
  </object>
</annotation>
