<annotation>
  <folder/>
  <filename>IMG_20200505_101705.jpg</filename>
  <database/>
  <annotation/>
  <image/>
  <size>
    <height>1516</height>
    <width>2879</width>
    <depth>3</depth>
  </size>
  <segmented/>
  <object>
    <name>pang</name>
    <pose/>
    <truncated/>
    <difficult/>
    <bndbox>
      <xmin>130.09803921568627</xmin>
      <ymin>139.078431372549</ymin>
      <xmax>518.3333333333334</xmax>
      <ymax>327.3137254901961</ymax>
    </bndbox>
  </object>
  <object>
    <name>nyi</name>
    <pose/>
    <truncated/>
    <difficult/>
    <bndbox>
      <xmin>777.156862745098</xmin>
      <ymin>182.21568627450978</ymin>
      <xmax>1141.862745098039</xmax>
      <ymax>397.9019607843137</ymax>
    </bndbox>
  </object>
  <object>
    <name>l</name>
    <pose/>
    <truncated/>
    <difficult/>
    <bndbox>
      <xmin>1453.627450980392</xmin>
      <ymin>260.6470588235294</ymin>
      <xmax>1873.235294117647</xmax>
      <ymax>501.82352941176464</ymax>
    </bndbox>
  </object>
  <object>
    <name>yang</name>
    <pose/>
    <truncated/>
    <difficult/>
    <bndbox>
      <xmin>2118.3333333333335</xmin>
      <ymin>337.11764705882354</ymin>
      <xmax>2524.2156862745096</xmax>
      <ymax>539.0784313725491</ymax>
    </bndbox>
  </object>
  <object>
    <name>tang</name>
    <pose/>
    <truncated/>
    <difficult/>
    <bndbox>
      <xmin>73.23529411764706</xmin>
      <ymin>892.0196078431372</ymin>
      <xmax>418.3333333333333</xmax>
      <ymax>1154.764705882353</ymax>
    </bndbox>
  </object>
  <object>
    <name>bu</name>
    <pose/>
    <truncated/>
    <difficult/>
    <bndbox>
      <xmin>771.2745098039215</xmin>
      <ymin>1003.7843137254902</ymin>
      <xmax>1139.9019607843138</xmax>
      <ymax>1252.8039215686274</ymax>
    </bndbox>
  </object>
  <object>
    <name>ye</name>
    <pose/>
    <truncated/>
    <difficult/>
    <bndbox>
      <xmin>1432.0588235294117</xmin>
      <ymin>1025.3529411764705</ymin>
      <xmax>1861.4705882352941</xmax>
      <ymax>1292.0196078431372</ymax>
    </bndbox>
  </object>
  <object>
    <name>wi</name>
    <pose/>
    <truncated/>
    <difficult/>
    <bndbox>
      <xmin>2183.0392156862745</xmin>
      <ymin>1017.5098039215686</ymin>
      <xmax>2516.372549019608</xmax>
      <ymax>1248.8823529411764</ymax>
    </bndbox>
  </object>
</annotation>
