<annotation>
  <folder/>
  <filename>IMG_E0710.jpg</filename>
  <database/>
  <annotation/>
  <image/>
  <size>
    <height>2577</height>
    <width>2619</width>
    <depth>3</depth>
  </size>
  <segmented/>
  <object>
    <name>ja</name>
    <pose/>
    <truncated/>
    <difficult/>
    <bndbox>
      <xmin>63.857142857142776</xmin>
      <ymin>95.71428571428571</ymin>
      <xmax>569.5714285714284</xmax>
      <ymax>407.1428571428571</ymax>
    </bndbox>
  </object>
  <object>
    <name>ga</name>
    <pose/>
    <truncated/>
    <difficult/>
    <bndbox>
      <xmin>766.7142857142856</xmin>
      <ymin>169.99999999999997</ymin>
      <xmax>1201.0</xmax>
      <ymax>412.85714285714283</ymax>
    </bndbox>
  </object>
  <object>
    <name>pa</name>
    <pose/>
    <truncated/>
    <difficult/>
    <bndbox>
      <xmin>1329.5714285714284</xmin>
      <ymin>189.99999999999997</ymin>
      <xmax>1700.9999999999995</xmax>
      <ymax>347.1428571428571</ymax>
    </bndbox>
  </object>
  <object>
    <name>ha</name>
    <pose/>
    <truncated/>
    <difficult/>
    <bndbox>
      <xmin>1849.5714285714284</xmin>
      <ymin>124.28571428571428</ymin>
      <xmax>2283.8571428571427</xmax>
      <ymax>510.0</ymax>
    </bndbox>
  </object>
  <object>
    <name>nya</name>
    <pose/>
    <truncated/>
    <difficult/>
    <bndbox>
      <xmin>198.1428571428571</xmin>
      <ymin>1284.2857142857142</ymin>
      <xmax>600.9999999999998</xmax>
      <ymax>1644.2857142857142</ymax>
    </bndbox>
  </object>
  <object>
    <name>ma</name>
    <pose/>
    <truncated/>
    <difficult/>
    <bndbox>
      <xmin>780.9999999999998</xmin>
      <ymin>1389.9999999999998</ymin>
      <xmax>1263.8571428571427</xmax>
      <ymax>1672.8571428571427</ymax>
    </bndbox>
  </object>
  <object>
    <name>nga</name>
    <pose/>
    <truncated/>
    <difficult/>
    <bndbox>
      <xmin>1543.8571428571427</xmin>
      <ymin>1392.8571428571427</ymin>
      <xmax>1863.8571428571427</xmax>
      <ymax>1704.2857142857142</ymax>
    </bndbox>
  </object>
  <object>
    <name>sa</name>
    <pose/>
    <truncated/>
    <difficult/>
    <bndbox>
      <xmin>2026.7142857142853</xmin>
      <ymin>1369.9999999999998</ymin>
      <xmax>2418.142857142857</xmax>
      <ymax>1804.2857142857142</ymax>
    </bndbox>
  </object>
</annotation>
