<annotation>
  <folder/>
  <filename>IMG_E1185.jpg</filename>
  <database/>
  <annotation/>
  <image/>
  <size>
    <height>1110</height>
    <width>2887</width>
    <depth>3</depth>
  </size>
  <segmented/>
  <object>
    <name>ma</name>
    <pose/>
    <truncated/>
    <difficult/>
    <bndbox>
      <xmin>26.888888888888886</xmin>
      <ymin>112.11111111111109</ymin>
      <xmax>550.9629629629629</xmax>
      <ymax>463.96296296296293</ymax>
    </bndbox>
  </object>
  <object>
    <name>wa</name>
    <pose/>
    <truncated/>
    <difficult/>
    <bndbox>
      <xmin>599.1111111111111</xmin>
      <ymin>136.18518518518516</ymin>
      <xmax>999.1111111111111</xmax>
      <ymax>423.2222222222222</ymax>
    </bndbox>
  </object>
  <object>
    <name>ra</name>
    <pose/>
    <truncated/>
    <difficult/>
    <bndbox>
      <xmin>1063.9259259259259</xmin>
      <ymin>134.33333333333331</ymin>
      <xmax>1373.185185185185</xmax>
      <ymax>419.5185185185185</ymax>
    </bndbox>
  </object>
  <object>
    <name>la</name>
    <pose/>
    <truncated/>
    <difficult/>
    <bndbox>
      <xmin>1526.8888888888887</xmin>
      <ymin>173.22222222222217</ymin>
      <xmax>1936.148148148148</xmax>
      <ymax>426.92592592592587</ymax>
    </bndbox>
  </object>
  <object>
    <name>pa</name>
    <pose/>
    <truncated/>
    <difficult/>
    <bndbox>
      <xmin>2036.1481481481478</xmin>
      <ymin>128.77777777777777</ymin>
      <xmax>2334.296296296296</xmax>
      <ymax>404.7037037037037</ymax>
    </bndbox>
  </object>
  <object>
    <name>a</name>
    <pose/>
    <truncated/>
    <difficult/>
    <bndbox>
      <xmin>2423.185185185185</xmin>
      <ymin>106.55555555555554</ymin>
      <xmax>2797.259259259259</xmax>
      <ymax>391.74074074074065</ymax>
    </bndbox>
  </object>
</annotation>
