<annotation>
  <folder/>
  <filename>IMG_E1194.jpg</filename>
  <database/>
  <annotation/>
  <image/>
  <size>
    <height>2907</height>
    <width>2657</width>
    <depth>3</depth>
  </size>
  <segmented/>
  <object>
    <name>ra</name>
    <pose/>
    <truncated/>
    <difficult/>
    <bndbox>
      <xmin>29.48387096774195</xmin>
      <ymin>45.64516129032258</ymin>
      <xmax>768.1935483870968</xmax>
      <ymax>548.8709677419355</ymax>
    </bndbox>
  </object>
  <object>
    <name>na</name>
    <pose/>
    <truncated/>
    <difficult/>
    <bndbox>
      <xmin>868.1935483870966</xmin>
      <ymin>97.25806451612902</ymin>
      <xmax>1416.5806451612902</xmax>
      <ymax>613.3870967741935</ymax>
    </bndbox>
  </object>
  <object>
    <name>nga</name>
    <pose/>
    <truncated/>
    <difficult/>
    <bndbox>
      <xmin>1597.2258064516127</xmin>
      <ymin>123.06451612903226</ymin>
      <xmax>2087.548387096774</xmax>
      <ymax>587.5806451612904</ymax>
    </bndbox>
  </object>
  <object>
    <name>ha</name>
    <pose/>
    <truncated/>
    <difficult/>
    <bndbox>
      <xmin>2152.064516129032</xmin>
      <ymin>155.32258064516128</ymin>
      <xmax>2610.1290322580644</xmax>
      <ymax>629.516129032258</ymax>
    </bndbox>
  </object>
  <object>
    <name>ja</name>
    <pose/>
    <truncated/>
    <difficult/>
    <bndbox>
      <xmin>206.9032258064517</xmin>
      <ymin>1313.3870967741937</ymin>
      <xmax>894.0</xmax>
      <ymax>1884.3548387096773</ymax>
    </bndbox>
  </object>
  <object>
    <name>nya</name>
    <pose/>
    <truncated/>
    <difficult/>
    <bndbox>
      <xmin>1100.4516129032259</xmin>
      <ymin>1368.225806451613</ymin>
      <xmax>1797.2258064516127</xmax>
      <ymax>1923.0645161290322</ymax>
    </bndbox>
  </object>
  <object>
    <name>da</name>
    <pose/>
    <truncated/>
    <difficult/>
    <bndbox>
      <xmin>1887.5483870967741</xmin>
      <ymin>1397.258064516129</ymin>
      <xmax>2387.548387096774</xmax>
      <ymax>1935.967741935484</ymax>
    </bndbox>
  </object>
</annotation>
