<annotation>
  <folder/>
  <filename>IMG_E9245.jpg</filename>
  <database/>
  <annotation/>
  <image/>
  <size>
    <height>3120</height>
    <width>2161</width>
    <depth>3</depth>
  </size>
  <segmented/>
  <object>
    <name>me</name>
    <pose/>
    <truncated/>
    <difficult/>
    <bndbox>
      <xmin>22.0</xmin>
      <ymin>60.344827586206904</ymin>
      <xmax>515.1034482758623</xmax>
      <ymax>508.62068965517244</ymax>
    </bndbox>
  </object>
  <object>
    <name>go</name>
    <pose/>
    <truncated/>
    <difficult/>
    <bndbox>
      <xmin>622.0</xmin>
      <ymin>81.0344827586207</ymin>
      <xmax>1287.5172413793107</xmax>
      <ymax>563.7931034482759</ymax>
    </bndbox>
  </object>
  <object>
    <name>ng</name>
    <pose/>
    <truncated/>
    <difficult/>
    <bndbox>
      <xmin>1387.5172413793107</xmin>
      <ymin>84.48275862068965</ymin>
      <xmax>1928.8965517241381</xmax>
      <ymax>491.3793103448277</ymax>
    </bndbox>
  </object>
  <object>
    <name>se</name>
    <pose/>
    <truncated/>
    <difficult/>
    <bndbox>
      <xmin>118.55172413793116</xmin>
      <ymin>1567.2413793103449</ymin>
      <xmax>563.3793103448277</xmax>
      <ymax>2139.6551724137935</ymax>
    </bndbox>
  </object>
  <object>
    <name>nyang</name>
    <pose/>
    <truncated/>
    <difficult/>
    <bndbox>
      <xmin>839.2413793103451</xmin>
      <ymin>1563.793103448276</ymin>
      <xmax>1504.7586206896553</xmax>
      <ymax>2218.9655172413795</ymax>
    </bndbox>
  </object>
</annotation>
