<annotation>
  <folder/>
  <filename>IMG_E1587.jpg</filename>
  <database/>
  <annotation/>
  <image/>
  <size>
    <height>3129</height>
    <width>2527</width>
    <depth>3</depth>
  </size>
  <segmented/>
  <object>
    <name>nya</name>
    <pose/>
    <truncated/>
    <difficult/>
    <bndbox>
      <xmin>74.13793103448279</xmin>
      <ymin>22.275862068965523</ymin>
      <xmax>646.5517241379312</xmax>
      <ymax>598.1379310344828</ymax>
    </bndbox>
  </object>
  <object>
    <name>sa</name>
    <pose/>
    <truncated/>
    <difficult/>
    <bndbox>
      <xmin>915.5172413793107</xmin>
      <ymin>108.48275862068965</ymin>
      <xmax>1408.6206896551726</xmax>
      <ymax>705.0344827586207</ymax>
    </bndbox>
  </object>
  <object>
    <name>ba</name>
    <pose/>
    <truncated/>
    <difficult/>
    <bndbox>
      <xmin>1715.5172413793107</xmin>
      <ymin>222.27586206896552</ymin>
      <xmax>2315.5172413793107</xmax>
      <ymax>794.6896551724138</ymax>
    </bndbox>
  </object>
  <object>
    <name>la</name>
    <pose/>
    <truncated/>
    <difficult/>
    <bndbox>
      <xmin>150.0</xmin>
      <ymin>1629.1724137931035</ymin>
      <xmax>760.344827586207</xmax>
      <ymax>2067.1034482758623</ymax>
    </bndbox>
  </object>
  <object>
    <name>na</name>
    <pose/>
    <truncated/>
    <difficult/>
    <bndbox>
      <xmin>1081.034482758621</xmin>
      <ymin>1787.793103448276</ymin>
      <xmax>1605.1724137931037</xmax>
      <ymax>2208.4827586206898</ymax>
    </bndbox>
  </object>
  <object>
    <name>ya</name>
    <pose/>
    <truncated/>
    <difficult/>
    <bndbox>
      <xmin>1801.7241379310349</xmin>
      <ymin>1753.3103448275863</ymin>
      <xmax>2456.896551724138</xmax>
      <ymax>2205.034482758621</ymax>
    </bndbox>
  </object>
</annotation>
