<annotation>
  <folder/>
  <filename>IMG_E1032.jpg</filename>
  <database/>
  <annotation/>
  <image/>
  <size>
    <height>2965</height>
    <width>2213</width>
    <depth>3</depth>
  </size>
  <segmented/>
  <object>
    <name>na</name>
    <pose/>
    <truncated/>
    <difficult/>
    <bndbox>
      <xmin>110.70967741935488</xmin>
      <ymin>87.54838709677419</ymin>
      <xmax>710.7096774193546</xmax>
      <ymax>626.258064516129</ymax>
    </bndbox>
  </object>
  <object>
    <name>ba</name>
    <pose/>
    <truncated/>
    <difficult/>
    <bndbox>
      <xmin>759.0967741935483</xmin>
      <ymin>103.6774193548387</ymin>
      <xmax>1391.3548387096776</xmax>
      <ymax>603.6774193548387</ymax>
    </bndbox>
  </object>
  <object>
    <name>ya</name>
    <pose/>
    <truncated/>
    <difficult/>
    <bndbox>
      <xmin>1513.9354838709678</xmin>
      <ymin>219.80645161290323</ymin>
      <xmax>2123.6129032258063</xmax>
      <ymax>632.7096774193549</ymax>
    </bndbox>
  </object>
  <object>
    <name>ja</name>
    <pose/>
    <truncated/>
    <difficult/>
    <bndbox>
      <xmin>97.80645161290317</xmin>
      <ymin>1519.8064516129032</ymin>
      <xmax>675.2258064516127</xmax>
      <ymax>2106.9032258064517</ymax>
    </bndbox>
  </object>
  <object>
    <name>ra</name>
    <pose/>
    <truncated/>
    <difficult/>
    <bndbox>
      <xmin>930.0645161290322</xmin>
      <ymin>1629.483870967742</ymin>
      <xmax>1472.0</xmax>
      <ymax>2055.2903225806454</ymax>
    </bndbox>
  </object>
  <object>
    <name>ga</name>
    <pose/>
    <truncated/>
    <difficult/>
    <bndbox>
      <xmin>1649.4193548387098</xmin>
      <ymin>1684.3225806451612</ymin>
      <xmax>2184.9032258064517</xmax>
      <ymax>2123.032258064516</ymax>
    </bndbox>
  </object>
</annotation>
