<annotation>
  <folder/>
  <filename>IMG_20200505_140549.jpg</filename>
  <database/>
  <annotation/>
  <image/>
  <size>
    <height>2553</height>
    <width>3338</width>
    <depth>3</depth>
  </size>
  <segmented/>
  <object>
    <name>m</name>
    <pose/>
    <truncated/>
    <difficult/>
    <bndbox>
      <xmin>144.1111111111111</xmin>
      <ymin>21.66666666666667</ymin>
      <xmax>846.8888888888889</xmax>
      <ymax>371.6666666666667</ymax>
    </bndbox>
  </object>
  <object>
    <name>ha</name>
    <pose/>
    <truncated/>
    <difficult/>
    <bndbox>
      <xmin>1349.6666666666667</xmin>
      <ymin>38.333333333333336</ymin>
      <xmax>1883.0</xmax>
      <ymax>541.1111111111111</ymax>
    </bndbox>
  </object>
  <object>
    <name>rang</name>
    <pose/>
    <truncated/>
    <difficult/>
    <bndbox>
      <xmin>2580.222222222222</xmin>
      <ymin>124.44444444444446</ymin>
      <xmax>3263.5555555555557</xmax>
      <ymax>641.1111111111111</ymax>
    </bndbox>
  </object>
  <object>
    <name>mang</name>
    <pose/>
    <truncated/>
    <difficult/>
    <bndbox>
      <xmin>110.77777777777777</xmin>
      <ymin>1491.111111111111</ymin>
      <xmax>741.3333333333335</xmax>
      <ymax>1946.6666666666667</ymax>
    </bndbox>
  </object>
  <object>
    <name>sang</name>
    <pose/>
    <truncated/>
    <difficult/>
    <bndbox>
      <xmin>1363.5555555555557</xmin>
      <ymin>1496.6666666666667</ymin>
      <xmax>1727.4444444444443</xmax>
      <ymax>1991.111111111111</ymax>
    </bndbox>
  </object>
  <object>
    <name>nya</name>
    <pose/>
    <truncated/>
    <difficult/>
    <bndbox>
      <xmin>2791.3333333333335</xmin>
      <ymin>1743.888888888889</ymin>
      <xmax>3244.1111111111113</xmax>
      <ymax>2135.5555555555557</ymax>
    </bndbox>
  </object>
</annotation>
