<annotation>
  <folder/>
  <filename>IMG_E9278.jpg</filename>
  <database/>
  <annotation/>
  <image/>
  <size>
    <height>770</height>
    <width>2838</width>
    <depth>3</depth>
  </size>
  <segmented/>
  <object>
    <name>du</name>
    <pose/>
    <truncated/>
    <difficult/>
    <bndbox>
      <xmin>46.84615384615385</xmin>
      <ymin>31.23076923076917</ymin>
      <xmax>379.53846153846155</xmax>
      <ymax>304.30769230769226</ymax>
    </bndbox>
  </object>
  <object>
    <name>wa</name>
    <pose/>
    <truncated/>
    <difficult/>
    <bndbox>
      <xmin>446.8461538461538</xmin>
      <ymin>19.692307692307622</ymin>
      <xmax>819.9230769230769</xmax>
      <ymax>338.9230769230769</ymax>
    </bndbox>
  </object>
  <object>
    <name>no</name>
    <pose/>
    <truncated/>
    <difficult/>
    <bndbox>
      <xmin>939.1538461538461</xmin>
      <ymin>42.76923076923072</ymin>
      <xmax>1356.4615384615383</xmax>
      <ymax>333.1538461538461</ymax>
    </bndbox>
  </object>
  <object>
    <name>nye</name>
    <pose/>
    <truncated/>
    <difficult/>
    <bndbox>
      <xmin>1483.3846153846152</xmin>
      <ymin>13.923076923076906</ymin>
      <xmax>1871.8461538461538</xmax>
      <ymax>340.8461538461538</ymax>
    </bndbox>
  </object>
  <object>
    <name>nga</name>
    <pose/>
    <truncated/>
    <difficult/>
    <bndbox>
      <xmin>1998.7692307692307</xmin>
      <ymin>31.23076923076917</ymin>
      <xmax>2291.076923076923</xmax>
      <ymax>333.1538461538461</ymax>
    </bndbox>
  </object>
  <object>
    <name>no</name>
    <pose/>
    <truncated/>
    <difficult/>
    <bndbox>
      <xmin>2396.846153846154</xmin>
      <ymin>42.76923076923072</ymin>
      <xmax>2810.3076923076924</xmax>
      <ymax>333.1538461538461</ymax>
    </bndbox>
  </object>
</annotation>
