<annotation>
  <folder/>
  <filename>IMG_E0704.jpg</filename>
  <database/>
  <annotation/>
  <image/>
  <size>
    <height>2683</height>
    <width>2253</width>
    <depth>3</depth>
  </size>
  <segmented/>
  <object>
    <name>ja</name>
    <pose/>
    <truncated/>
    <difficult/>
    <bndbox>
      <xmin>109.05882352941171</xmin>
      <ymin>149.70588235294116</ymin>
      <xmax>567.8823529411764</xmax>
      <ymax>564.4117647058823</ymax>
    </bndbox>
  </object>
  <object>
    <name>da</name>
    <pose/>
    <truncated/>
    <difficult/>
    <bndbox>
      <xmin>817.8823529411764</xmin>
      <ymin>217.35294117647058</ymin>
      <xmax>1212.0</xmax>
      <ymax>552.6470588235294</ymax>
    </bndbox>
  </object>
  <object>
    <name>ba</name>
    <pose/>
    <truncated/>
    <difficult/>
    <bndbox>
      <xmin>1482.5882352941176</xmin>
      <ymin>252.6470588235294</ymin>
      <xmax>2009.0588235294117</xmax>
      <ymax>552.6470588235294</ymax>
    </bndbox>
  </object>
  <object>
    <name>pa</name>
    <pose/>
    <truncated/>
    <difficult/>
    <bndbox>
      <xmin>123.76470588235293</xmin>
      <ymin>1558.5294117647059</ymin>
      <xmax>488.4705882352939</xmax>
      <ymax>1829.1176470588234</ymax>
    </bndbox>
  </object>
  <object>
    <name>sa</name>
    <pose/>
    <truncated/>
    <difficult/>
    <bndbox>
      <xmin>882.5882352941176</xmin>
      <ymin>1508.5294117647059</ymin>
      <xmax>1282.5882352941176</xmax>
      <ymax>1882.0588235294117</ymax>
    </bndbox>
  </object>
  <object>
    <name>ha</name>
    <pose/>
    <truncated/>
    <difficult/>
    <bndbox>
      <xmin>1597.2941176470586</xmin>
      <ymin>1573.2352941176468</ymin>
      <xmax>2070.8235294117644</xmax>
      <ymax>1990.8823529411764</ymax>
    </bndbox>
  </object>
</annotation>
