<annotation>
  <folder/>
  <filename>IMG_E0661.jpg</filename>
  <database/>
  <annotation/>
  <image/>
  <size>
    <height>2841</height>
    <width>2734</width>
    <depth>3</depth>
  </size>
  <segmented/>
  <object>
    <name>wa</name>
    <pose/>
    <truncated/>
    <difficult/>
    <bndbox>
      <xmin>126.75</xmin>
      <ymin>244.625</ymin>
      <xmax>617.375</xmax>
      <ymax>591.5</ymax>
    </bndbox>
  </object>
  <object>
    <name>sa</name>
    <pose/>
    <truncated/>
    <difficult/>
    <bndbox>
      <xmin>886.125</xmin>
      <ymin>225.875</ymin>
      <xmax>1276.75</xmax>
      <ymax>619.625</ymax>
    </bndbox>
  </object>
  <object>
    <name>nga</name>
    <pose/>
    <truncated/>
    <difficult/>
    <bndbox>
      <xmin>1551.75</xmin>
      <ymin>238.375</ymin>
      <xmax>1848.625</xmax>
      <ymax>629.0</ymax>
    </bndbox>
  </object>
  <object>
    <name>ha</name>
    <pose/>
    <truncated/>
    <difficult/>
    <bndbox>
      <xmin>2104.875</xmin>
      <ymin>197.75</ymin>
      <xmax>2601.75</xmax>
      <ymax>704.0</ymax>
    </bndbox>
  </object>
  <object>
    <name>ya</name>
    <pose/>
    <truncated/>
    <difficult/>
    <bndbox>
      <xmin>126.75</xmin>
      <ymin>1532.125</ymin>
      <xmax>645.5</xmax>
      <ymax>1913.375</ymax>
    </bndbox>
  </object>
  <object>
    <name>ja</name>
    <pose/>
    <truncated/>
    <difficult/>
    <bndbox>
      <xmin>911.125</xmin>
      <ymin>1582.125</ymin>
      <xmax>1420.5</xmax>
      <ymax>2004.0</ymax>
    </bndbox>
  </object>
  <object>
    <name>nya</name>
    <pose/>
    <truncated/>
    <difficult/>
    <bndbox>
      <xmin>1592.375</xmin>
      <ymin>1575.875</ymin>
      <xmax>1989.25</xmax>
      <ymax>1982.125</ymax>
    </bndbox>
  </object>
  <object>
    <name>ba</name>
    <pose/>
    <truncated/>
    <difficult/>
    <bndbox>
      <xmin>2179.875</xmin>
      <ymin>1629.0</ymin>
      <xmax>2651.75</xmax>
      <ymax>2066.5</ymax>
    </bndbox>
  </object>
</annotation>
