<annotation>
  <folder/>
  <filename>IMG_E0699.jpg</filename>
  <database/>
  <annotation/>
  <image/>
  <size>
    <height>2770</height>
    <width>2256</width>
    <depth>3</depth>
  </size>
  <segmented/>
  <object>
    <name>ba</name>
    <pose/>
    <truncated/>
    <difficult/>
    <bndbox>
      <xmin>122.78787878787875</xmin>
      <ymin>50.63636363636363</ymin>
      <xmax>544.0</xmax>
      <ymax>438.5151515151515</ymax>
    </bndbox>
  </object>
  <object>
    <name>a</name>
    <pose/>
    <truncated/>
    <difficult/>
    <bndbox>
      <xmin>801.5757575757575</xmin>
      <ymin>71.84848484848484</ymin>
      <xmax>1298.5454545454545</xmax>
      <ymax>380.93939393939394</ymax>
    </bndbox>
  </object>
  <object>
    <name>ja</name>
    <pose/>
    <truncated/>
    <difficult/>
    <bndbox>
      <xmin>1531.8787878787875</xmin>
      <ymin>32.45454545454545</ymin>
      <xmax>2065.212121212121</xmax>
      <ymax>393.06060606060606</ymax>
    </bndbox>
  </object>
  <object>
    <name>sa</name>
    <pose/>
    <truncated/>
    <difficult/>
    <bndbox>
      <xmin>107.63636363636351</xmin>
      <ymin>1408.2121212121212</ymin>
      <xmax>553.090909090909</xmax>
      <ymax>1859.7272727272727</ymax>
    </bndbox>
  </object>
  <object>
    <name>nya</name>
    <pose/>
    <truncated/>
    <difficult/>
    <bndbox>
      <xmin>944.0</xmin>
      <ymin>1496.090909090909</ymin>
      <xmax>1319.7575757575755</xmax>
      <ymax>1917.3030303030303</ymax>
    </bndbox>
  </object>
  <object>
    <name>ma</name>
    <pose/>
    <truncated/>
    <difficult/>
    <bndbox>
      <xmin>1583.393939393939</xmin>
      <ymin>1602.151515151515</ymin>
      <xmax>2113.6969696969695</xmax>
      <ymax>1920.3333333333333</ymax>
    </bndbox>
  </object>
</annotation>
