<annotation>
  <folder/>
  <filename>IMG_E8957.jpg</filename>
  <database/>
  <annotation/>
  <image/>
  <size>
    <height>1470</height>
    <width>2847</width>
    <depth>3</depth>
  </size>
  <segmented/>
  <object>
    <name>ti</name>
    <pose/>
    <truncated/>
    <difficult/>
    <bndbox>
      <xmin>48.272727272727266</xmin>
      <ymin>111.45454545454544</ymin>
      <xmax>628.2727272727273</xmax>
      <ymax>535.090909090909</ymax>
    </bndbox>
  </object>
  <object>
    <name>ga</name>
    <pose/>
    <truncated/>
    <difficult/>
    <bndbox>
      <xmin>786.4545454545454</xmin>
      <ymin>149.63636363636363</ymin>
      <xmax>1271.9090909090908</xmax>
      <ymax>558.7272727272726</ymax>
    </bndbox>
  </object>
  <object>
    <name>be</name>
    <pose/>
    <truncated/>
    <difficult/>
    <bndbox>
      <xmin>1508.2727272727273</xmin>
      <ymin>122.36363636363635</ymin>
      <xmax>2057.363636363636</xmax>
      <ymax>600.5454545454545</ymax>
    </bndbox>
  </object>
  <object>
    <name>la</name>
    <pose/>
    <truncated/>
    <difficult/>
    <bndbox>
      <xmin>2135.5454545454545</xmin>
      <ymin>178.7272727272727</ymin>
      <xmax>2662.8181818181815</xmax>
      <ymax>551.4545454545454</ymax>
    </bndbox>
  </object>
</annotation>
