<annotation>
  <folder/>
  <filename>IMG_E1586.jpg</filename>
  <database/>
  <annotation/>
  <image/>
  <size>
    <height>3532</height>
    <width>1381</width>
    <depth>3</depth>
  </size>
  <segmented/>
  <object>
    <name>ta</name>
    <pose/>
    <truncated/>
    <difficult/>
    <bndbox>
      <xmin>67.84615384615381</xmin>
      <ymin>11.23076923076923</ymin>
      <xmax>552.4615384615386</xmax>
      <ymax>534.3076923076923</ymax>
    </bndbox>
  </object>
  <object>
    <name>ma</name>
    <pose/>
    <truncated/>
    <difficult/>
    <bndbox>
      <xmin>675.5384615384614</xmin>
      <ymin>142.0</ymin>
      <xmax>1206.3076923076924</xmax>
      <ymax>488.15384615384613</ymax>
    </bndbox>
  </object>
  <object>
    <name>ja</name>
    <pose/>
    <truncated/>
    <difficult/>
    <bndbox>
      <xmin>98.61538461538476</xmin>
      <ymin>1276.6153846153845</ymin>
      <xmax>640.9230769230767</xmax>
      <ymax>1772.7692307692307</ymax>
    </bndbox>
  </object>
  <object>
    <name>na</name>
    <pose/>
    <truncated/>
    <difficult/>
    <bndbox>
      <xmin>794.7692307692305</xmin>
      <ymin>1426.6153846153845</ymin>
      <xmax>1229.3846153846152</xmax>
      <ymax>1788.1538461538462</ymax>
    </bndbox>
  </object>
  <object>
    <name>wa</name>
    <pose/>
    <truncated/>
    <difficult/>
    <bndbox>
      <xmin>214.0</xmin>
      <ymin>2534.3076923076924</ymin>
      <xmax>652.4615384615386</xmax>
      <ymax>2918.9230769230767</ymax>
    </bndbox>
  </object>
  <object>
    <name>ra</name>
    <pose/>
    <truncated/>
    <difficult/>
    <bndbox>
      <xmin>814.0</xmin>
      <ymin>2488.153846153846</ymin>
      <xmax>1260.1538461538462</xmax>
      <ymax>2980.4615384615386</ymax>
    </bndbox>
  </object>
</annotation>
