<annotation>
  <folder/>
  <filename>IMG_E1634.jpg</filename>
  <database/>
  <annotation/>
  <image/>
  <size>
    <height>3439</height>
    <width>1271</width>
    <depth>3</depth>
  </size>
  <segmented/>
  <object>
    <name>ga</name>
    <pose/>
    <truncated/>
    <difficult/>
    <bndbox>
      <xmin>43.615384615384755</xmin>
      <ymin>68.07692307692307</ymin>
      <xmax>478.23076923076906</xmax>
      <ymax>456.53846153846155</ymax>
    </bndbox>
  </object>
  <object>
    <name>na</name>
    <pose/>
    <truncated/>
    <difficult/>
    <bndbox>
      <xmin>597.4615384615386</xmin>
      <ymin>133.46153846153845</ymin>
      <xmax>1078.230769230769</xmax>
      <ymax>556.5384615384615</ymax>
    </bndbox>
  </object>
  <object>
    <name>ra</name>
    <pose/>
    <truncated/>
    <difficult/>
    <bndbox>
      <xmin>55.15384615384619</xmin>
      <ymin>1283.4615384615383</ymin>
      <xmax>589.7692307692305</xmax>
      <ymax>1729.6153846153845</ymax>
    </bndbox>
  </object>
  <object>
    <name>pa</name>
    <pose/>
    <truncated/>
    <difficult/>
    <bndbox>
      <xmin>624.3846153846152</xmin>
      <ymin>1364.2307692307693</ymin>
      <xmax>1112.8461538461538</xmax>
      <ymax>1671.923076923077</ymax>
    </bndbox>
  </object>
  <object>
    <name>nya</name>
    <pose/>
    <truncated/>
    <difficult/>
    <bndbox>
      <xmin>170.53846153846143</xmin>
      <ymin>2195.0</ymin>
      <xmax>635.9230769230767</xmax>
      <ymax>2825.7692307692305</ymax>
    </bndbox>
  </object>
  <object>
    <name>ma</name>
    <pose/>
    <truncated/>
    <difficult/>
    <bndbox>
      <xmin>720.5384615384614</xmin>
      <ymin>2337.3076923076924</ymin>
      <xmax>1220.5384615384614</xmax>
      <ymax>2856.5384615384614</ymax>
    </bndbox>
  </object>
</annotation>
