<annotation>
  <folder/>
  <filename>IMG_E0857.jpg</filename>
  <database/>
  <annotation/>
  <image/>
  <size>
    <height>2428</height>
    <width>2589</width>
    <depth>3</depth>
  </size>
  <segmented/>
  <object>
    <name>ma</name>
    <pose/>
    <truncated/>
    <difficult/>
    <bndbox>
      <xmin>47.684210526315724</xmin>
      <ymin>39.473684210526315</ymin>
      <xmax>508.21052631578937</xmax>
      <ymax>328.9473684210526</ymax>
    </bndbox>
  </object>
  <object>
    <name>ta</name>
    <pose/>
    <truncated/>
    <difficult/>
    <bndbox>
      <xmin>747.6842105263158</xmin>
      <ymin>60.526315789473685</ymin>
      <xmax>1134.5263157894738</xmax>
      <ymax>402.63157894736844</ymax>
    </bndbox>
  </object>
  <object>
    <name>ha</name>
    <pose/>
    <truncated/>
    <difficult/>
    <bndbox>
      <xmin>1313.4736842105262</xmin>
      <ymin>76.3157894736842</ymin>
      <xmax>1716.1052631578946</xmax>
      <ymax>439.4736842105263</ymax>
    </bndbox>
  </object>
  <object>
    <name>la</name>
    <pose/>
    <truncated/>
    <difficult/>
    <bndbox>
      <xmin>1905.5789473684208</xmin>
      <ymin>123.6842105263158</ymin>
      <xmax>2321.3684210526317</xmax>
      <ymax>381.57894736842104</ymax>
    </bndbox>
  </object>
  <object>
    <name>ya</name>
    <pose/>
    <truncated/>
    <difficult/>
    <bndbox>
      <xmin>102.9473684210526</xmin>
      <ymin>1228.9473684210527</ymin>
      <xmax>534.5263157894738</xmax>
      <ymax>1581.578947368421</ymax>
    </bndbox>
  </object>
  <object>
    <name>d</name>
    <pose/>
    <truncated/>
    <difficult/>
    <bndbox>
      <xmin>802.9473684210527</xmin>
      <ymin>1271.0526315789473</ymin>
      <xmax>1181.8947368421052</xmax>
      <ymax>1623.6842105263158</ymax>
    </bndbox>
  </object>
  <object>
    <name>ba</name>
    <pose/>
    <truncated/>
    <difficult/>
    <bndbox>
      <xmin>1518.7368421052633</xmin>
      <ymin>1323.6842105263158</ymin>
      <xmax>1868.7368421052633</xmax>
      <ymax>1634.2105263157894</ymax>
    </bndbox>
  </object>
  <object>
    <name>ja</name>
    <pose/>
    <truncated/>
    <difficult/>
    <bndbox>
      <xmin>2108.2105263157896</xmin>
      <ymin>1323.6842105263158</ymin>
      <xmax>2574.0</xmax>
      <ymax>1650.0</ymax>
    </bndbox>
  </object>
</annotation>
