<annotation>
  <folder/>
  <filename>IMG_20200522_212959.jpg</filename>
  <database/>
  <annotation/>
  <image/>
  <size>
    <height>1820</height>
    <width>2844</width>
    <depth>3</depth>
  </size>
  <segmented/>
  <object>
    <name>ga</name>
    <pose/>
    <truncated/>
    <difficult/>
    <bndbox>
      <xmin>104.0</xmin>
      <ymin>49.0</ymin>
      <xmax>476.0</xmax>
      <ymax>381.0</ymax>
    </bndbox>
  </object>
  <object>
    <name>ba</name>
    <pose/>
    <truncated/>
    <difficult/>
    <bndbox>
      <xmin>1180.0</xmin>
      <ymin>49.0</ymin>
      <xmax>1556.0</xmax>
      <ymax>307.0</ymax>
    </bndbox>
  </object>
  <object>
    <name>ha</name>
    <pose/>
    <truncated/>
    <difficult/>
    <bndbox>
      <xmin>2342.0</xmin>
      <ymin>31.0</ymin>
      <xmax>2630.0</xmax>
      <ymax>245.0</ymax>
    </bndbox>
  </object>
  <object>
    <name>ya</name>
    <pose/>
    <truncated/>
    <difficult/>
    <bndbox>
      <xmin>90.0</xmin>
      <ymin>1045.0</ymin>
      <xmax>414.0</xmax>
      <ymax>1273.0</ymax>
    </bndbox>
  </object>
  <object>
    <name>wa</name>
    <pose/>
    <truncated/>
    <difficult/>
    <bndbox>
      <xmin>1306.0</xmin>
      <ymin>1081.0</ymin>
      <xmax>1736.0</xmax>
      <ymax>1447.0</ymax>
    </bndbox>
  </object>
  <object>
    <name>pa</name>
    <pose/>
    <truncated/>
    <difficult/>
    <bndbox>
      <xmin>2450.0</xmin>
      <ymin>1229.0</ymin>
      <xmax>2764.0</xmax>
      <ymax>1491.0</ymax>
    </bndbox>
  </object>
</annotation>
