<annotation>
  <folder/>
  <filename>IMG_E1182.jpg</filename>
  <database/>
  <annotation/>
  <image/>
  <size>
    <height>3081</height>
    <width>2853</width>
    <depth>3</depth>
  </size>
  <segmented/>
  <object>
    <name>ta</name>
    <pose/>
    <truncated/>
    <difficult/>
    <bndbox>
      <xmin>34.24137931034488</xmin>
      <ymin>98.27586206896552</ymin>
      <xmax>654.9310344827588</xmax>
      <ymax>743.1034482758621</ymax>
    </bndbox>
  </object>
  <object>
    <name>ga</name>
    <pose/>
    <truncated/>
    <difficult/>
    <bndbox>
      <xmin>861.8275862068967</xmin>
      <ymin>201.7241379310345</ymin>
      <xmax>1482.5172413793107</xmax>
      <ymax>791.3793103448277</ymax>
    </bndbox>
  </object>
  <object>
    <name>ja</name>
    <pose/>
    <truncated/>
    <difficult/>
    <bndbox>
      <xmin>1620.4482758620693</xmin>
      <ymin>267.2413793103448</ymin>
      <xmax>2130.7931034482763</xmax>
      <ymax>739.6551724137931</ymax>
    </bndbox>
  </object>
  <object>
    <name>ma</name>
    <pose/>
    <truncated/>
    <difficult/>
    <bndbox>
      <xmin>2244.586206896552</xmin>
      <ymin>243.1034482758621</ymin>
      <xmax>2803.2068965517246</xmax>
      <ymax>729.3103448275863</ymax>
    </bndbox>
  </object>
  <object>
    <name>la</name>
    <pose/>
    <truncated/>
    <difficult/>
    <bndbox>
      <xmin>327.344827586207</xmin>
      <ymin>1794.8275862068967</ymin>
      <xmax>844.5862068965521</xmax>
      <ymax>2253.4482758620693</ymax>
    </bndbox>
  </object>
  <object>
    <name>da</name>
    <pose/>
    <truncated/>
    <difficult/>
    <bndbox>
      <xmin>1037.689655172414</xmin>
      <ymin>1718.9655172413795</ymin>
      <xmax>1620.4482758620693</xmax>
      <ymax>2198.2758620689656</ymax>
    </bndbox>
  </object>
  <object>
    <name>na</name>
    <pose/>
    <truncated/>
    <difficult/>
    <bndbox>
      <xmin>1768.7241379310349</xmin>
      <ymin>1750.0000000000002</ymin>
      <xmax>2199.7586206896553</xmax>
      <ymax>2156.896551724138</ymax>
    </bndbox>
  </object>
  <object>
    <name>nya</name>
    <pose/>
    <truncated/>
    <difficult/>
    <bndbox>
      <xmin>2337.689655172414</xmin>
      <ymin>1732.7586206896553</ymin>
      <xmax>2765.2758620689656</xmax>
      <ymax>2212.0689655172414</ymax>
    </bndbox>
  </object>
</annotation>
