<annotation>
  <folder/>
  <filename>IMG_E1231.jpg</filename>
  <database/>
  <annotation/>
  <image/>
  <size>
    <height>2603</height>
    <width>2743</width>
    <depth>3</depth>
  </size>
  <segmented/>
  <object>
    <name>sa</name>
    <pose/>
    <truncated/>
    <difficult/>
    <bndbox>
      <xmin>145.9999999999999</xmin>
      <ymin>74.42857142857142</ymin>
      <xmax>694.5714285714284</xmax>
      <ymax>594.4285714285713</ymax>
    </bndbox>
  </object>
  <object>
    <name>ga</name>
    <pose/>
    <truncated/>
    <difficult/>
    <bndbox>
      <xmin>754.5714285714284</xmin>
      <ymin>97.28571428571428</ymin>
      <xmax>1377.428571428571</xmax>
      <ymax>602.9999999999999</ymax>
    </bndbox>
  </object>
  <object>
    <name>ha</name>
    <pose/>
    <truncated/>
    <difficult/>
    <bndbox>
      <xmin>1440.2857142857142</xmin>
      <ymin>185.85714285714283</ymin>
      <xmax>2043.1428571428569</xmax>
      <ymax>677.2857142857142</ymax>
    </bndbox>
  </object>
  <object>
    <name>ta</name>
    <pose/>
    <truncated/>
    <difficult/>
    <bndbox>
      <xmin>2168.8571428571427</xmin>
      <ymin>200.1428571428571</ymin>
      <xmax>2637.428571428571</xmax>
      <ymax>697.2857142857142</ymax>
    </bndbox>
  </object>
  <object>
    <name>ma</name>
    <pose/>
    <truncated/>
    <difficult/>
    <bndbox>
      <xmin>45.999999999999886</xmin>
      <ymin>1294.4285714285713</ymin>
      <xmax>808.8571428571427</xmax>
      <ymax>1745.8571428571427</ymax>
    </bndbox>
  </object>
  <object>
    <name>nga</name>
    <pose/>
    <truncated/>
    <difficult/>
    <bndbox>
      <xmin>988.8571428571427</xmin>
      <ymin>1414.4285714285713</ymin>
      <xmax>1434.5714285714284</xmax>
      <ymax>1854.4285714285713</ymax>
    </bndbox>
  </object>
  <object>
    <name>nya</name>
    <pose/>
    <truncated/>
    <difficult/>
    <bndbox>
      <xmin>1565.9999999999995</xmin>
      <ymin>1445.8571428571427</ymin>
      <xmax>2045.9999999999995</xmax>
      <ymax>1905.8571428571427</ymax>
    </bndbox>
  </object>
  <object>
    <name>a</name>
    <pose/>
    <truncated/>
    <difficult/>
    <bndbox>
      <xmin>2151.7142857142853</xmin>
      <ymin>1522.9999999999998</ymin>
      <xmax>2680.2857142857138</xmax>
      <ymax>1865.8571428571427</ymax>
    </bndbox>
  </object>
</annotation>
