<annotation>
  <folder/>
  <filename>IMG_20200523_130536.jpg</filename>
  <database/>
  <annotation/>
  <image/>
  <size>
    <height>1082</height>
    <width>1530</width>
    <depth>3</depth>
  </size>
  <segmented/>
  <object>
    <name>ga</name>
    <pose/>
    <truncated/>
    <difficult/>
    <bndbox>
      <xmin>42.176470588235304</xmin>
      <ymin>4.882352941176471</ymin>
      <xmax>298.64705882352945</xmax>
      <ymax>154.29411764705884</ymax>
    </bndbox>
  </object>
  <object>
    <name>ra</name>
    <pose/>
    <truncated/>
    <difficult/>
    <bndbox>
      <xmin>630.4117647058823</xmin>
      <ymin>21.35294117647059</ymin>
      <xmax>853.9411764705883</xmax>
      <ymax>197.82352941176472</ymax>
    </bndbox>
  </object>
  <object>
    <name>nga</name>
    <pose/>
    <truncated/>
    <difficult/>
    <bndbox>
      <xmin>1272.764705882353</xmin>
      <ymin>23.705882352941178</ymin>
      <xmax>1445.7058823529412</xmax>
      <ymax>153.11764705882354</ymax>
    </bndbox>
  </object>
  <object>
    <name>ta</name>
    <pose/>
    <truncated/>
    <difficult/>
    <bndbox>
      <xmin>24.529411764705884</xmin>
      <ymin>521.3529411764706</ymin>
      <xmax>199.8235294117647</xmax>
      <ymax>673.1176470588235</ymax>
    </bndbox>
  </object>
  <object>
    <name>pa</name>
    <pose/>
    <truncated/>
    <difficult/>
    <bndbox>
      <xmin>677.4705882352941</xmin>
      <ymin>586.0588235294118</ymin>
      <xmax>883.3529411764707</xmax>
      <ymax>747.2352941176471</ymax>
    </bndbox>
  </object>
  <object>
    <name>ta</name>
    <pose/>
    <truncated/>
    <difficult/>
    <bndbox>
      <xmin>1304.5294117647059</xmin>
      <ymin>600.1764705882354</ymin>
      <xmax>1446.8823529411766</xmax>
      <ymax>787.2352941176471</ymax>
    </bndbox>
  </object>
</annotation>
