<annotation>
  <folder/>
  <filename>IMG_20200522_222917.jpg</filename>
  <database/>
  <annotation/>
  <image/>
  <size>
    <height>1479</height>
    <width>2508</width>
    <depth>3</depth>
  </size>
  <segmented/>
  <object>
    <name>ja</name>
    <pose/>
    <truncated/>
    <difficult/>
    <bndbox>
      <xmin>35.38709677419355</xmin>
      <ymin>102.45161290322581</ymin>
      <xmax>332.16129032258067</xmax>
      <ymax>346.0</ymax>
    </bndbox>
  </object>
  <object>
    <name>ga</name>
    <pose/>
    <truncated/>
    <difficult/>
    <bndbox>
      <xmin>919.258064516129</xmin>
      <ymin>171.80645161290323</ymin>
      <xmax>1220.8709677419356</xmax>
      <ymax>379.8709677419355</ymax>
    </bndbox>
  </object>
  <object>
    <name>ha</name>
    <pose/>
    <truncated/>
    <difficult/>
    <bndbox>
      <xmin>1838.6129032258066</xmin>
      <ymin>181.48387096774195</ymin>
      <xmax>2175.7096774193546</xmax>
      <ymax>457.2903225806452</ymax>
    </bndbox>
  </object>
  <object>
    <name>ba</name>
    <pose/>
    <truncated/>
    <difficult/>
    <bndbox>
      <xmin>49.903225806451616</xmin>
      <ymin>1071.8064516129032</ymin>
      <xmax>287.0</xmax>
      <ymax>1302.4516129032259</ymax>
    </bndbox>
  </object>
  <object>
    <name>da</name>
    <pose/>
    <truncated/>
    <difficult/>
    <bndbox>
      <xmin>782.1612903225806</xmin>
      <ymin>1034.7096774193549</ymin>
      <xmax>1120.8709677419356</xmax>
      <ymax>1271.8064516129032</ymax>
    </bndbox>
  </object>
  <object>
    <name>wa</name>
    <pose/>
    <truncated/>
    <difficult/>
    <bndbox>
      <xmin>1853.1290322580646</xmin>
      <ymin>1028.258064516129</ymin>
      <xmax>2182.1612903225805</xmax>
      <ymax>1273.4193548387098</ymax>
    </bndbox>
  </object>
</annotation>
