<annotation>
  <folder/>
  <filename>IMG_E1023.jpg</filename>
  <database/>
  <annotation/>
  <image/>
  <size>
    <height>2913</height>
    <width>2402</width>
    <depth>3</depth>
  </size>
  <segmented/>
  <object>
    <name>ra</name>
    <pose/>
    <truncated/>
    <difficult/>
    <bndbox>
      <xmin>69.22580645161293</xmin>
      <ymin>55.096774193548384</ymin>
      <xmax>604.7096774193549</xmax>
      <ymax>551.8709677419355</ymax>
    </bndbox>
  </object>
  <object>
    <name>ma</name>
    <pose/>
    <truncated/>
    <difficult/>
    <bndbox>
      <xmin>720.8387096774195</xmin>
      <ymin>29.29032258064516</ymin>
      <xmax>1498.2580645161293</xmax>
      <ymax>580.9032258064516</ymax>
    </bndbox>
  </object>
  <object>
    <name>na</name>
    <pose/>
    <truncated/>
    <difficult/>
    <bndbox>
      <xmin>1588.5806451612902</xmin>
      <ymin>129.29032258064515</ymin>
      <xmax>2166.0</xmax>
      <ymax>577.6774193548387</ymax>
    </bndbox>
  </object>
  <object>
    <name>pa</name>
    <pose/>
    <truncated/>
    <difficult/>
    <bndbox>
      <xmin>198.25806451612902</xmin>
      <ymin>1545.4193548387098</ymin>
      <xmax>782.1290322580644</xmax>
      <ymax>2026.0645161290322</ymax>
    </bndbox>
  </object>
  <object>
    <name>sa</name>
    <pose/>
    <truncated/>
    <difficult/>
    <bndbox>
      <xmin>1011.1612903225805</xmin>
      <ymin>1513.1612903225807</ymin>
      <xmax>1585.3548387096776</xmax>
      <ymax>2084.1290322580644</ymax>
    </bndbox>
  </object>
  <object>
    <name>ba</name>
    <pose/>
    <truncated/>
    <difficult/>
    <bndbox>
      <xmin>1785.3548387096776</xmin>
      <ymin>1580.9032258064517</ymin>
      <xmax>2369.225806451613</xmax>
      <ymax>2084.1290322580644</ymax>
    </bndbox>
  </object>
</annotation>
