<annotation>
  <folder/>
  <filename>IMG_E1745.jpg</filename>
  <database/>
  <annotation/>
  <image/>
  <size>
    <height>1227</height>
    <width>2845</width>
    <depth>3</depth>
  </size>
  <segmented/>
  <object>
    <name>ja</name>
    <pose/>
    <truncated/>
    <difficult/>
    <bndbox>
      <xmin>30.18181818181818</xmin>
      <ymin>27.72727272727272</ymin>
      <xmax>430.18181818181813</xmax>
      <ymax>315.0</ymax>
    </bndbox>
  </object>
  <object>
    <name>ha</name>
    <pose/>
    <truncated/>
    <difficult/>
    <bndbox>
      <xmin>608.3636363636363</xmin>
      <ymin>102.27272727272725</ymin>
      <xmax>964.7272727272726</xmax>
      <ymax>364.090909090909</ymax>
    </bndbox>
  </object>
  <object>
    <name>d</name>
    <pose/>
    <truncated/>
    <difficult/>
    <bndbox>
      <xmin>1081.090909090909</xmin>
      <ymin>49.545454545454504</ymin>
      <xmax>1342.9090909090908</xmax>
      <ymax>329.5454545454545</ymax>
    </bndbox>
  </object>
  <object>
    <name>ba</name>
    <pose/>
    <truncated/>
    <difficult/>
    <bndbox>
      <xmin>1484.7272727272725</xmin>
      <ymin>51.36363636363632</ymin>
      <xmax>1864.7272727272725</xmax>
      <ymax>364.090909090909</ymax>
    </bndbox>
  </object>
  <object>
    <name>nga</name>
    <pose/>
    <truncated/>
    <difficult/>
    <bndbox>
      <xmin>1999.272727272727</xmin>
      <ymin>55.0</ymin>
      <xmax>2270.181818181818</xmax>
      <ymax>393.18181818181813</ymax>
    </bndbox>
  </object>
  <object>
    <name>a</name>
    <pose/>
    <truncated/>
    <difficult/>
    <bndbox>
      <xmin>2412.0</xmin>
      <ymin>134.99999999999994</ymin>
      <xmax>2792.0</xmax>
      <ymax>393.18181818181813</ymax>
    </bndbox>
  </object>
</annotation>
