<annotation>
  <folder/>
  <filename>IMG_20200504_195444.jpg</filename>
  <database/>
  <annotation/>
  <image/>
  <size>
    <height>627</height>
    <width>1132</width>
    <depth>3</depth>
  </size>
  <segmented/>
  <object>
    <name>bi</name>
    <pose/>
    <truncated/>
    <difficult/>
    <bndbox>
      <xmin>19.846153846153847</xmin>
      <ymin>53.46153846153845</ymin>
      <xmax>180.6153846153846</xmax>
      <ymax>144.23076923076923</ymax>
    </bndbox>
  </object>
  <object>
    <name>h</name>
    <pose/>
    <truncated/>
    <difficult/>
    <bndbox>
      <xmin>252.15384615384613</xmin>
      <ymin>72.6923076923077</ymin>
      <xmax>443.6923076923077</xmax>
      <ymax>178.07692307692307</ymax>
    </bndbox>
  </object>
  <object>
    <name>sa</name>
    <pose/>
    <truncated/>
    <difficult/>
    <bndbox>
      <xmin>519.0769230769231</xmin>
      <ymin>71.92307692307692</ymin>
      <xmax>619.0769230769231</xmax>
      <ymax>238.8461538461538</ymax>
    </bndbox>
  </object>
  <object>
    <name>r</name>
    <pose/>
    <truncated/>
    <difficult/>
    <bndbox>
      <xmin>721.3846153846154</xmin>
      <ymin>119.61538461538461</ymin>
      <xmax>920.6153846153845</xmax>
      <ymax>210.3846153846154</ymax>
    </bndbox>
  </object>
  <object>
    <name>go</name>
    <pose/>
    <truncated/>
    <difficult/>
    <bndbox>
      <xmin>6.769230769230768</xmin>
      <ymin>377.3076923076923</ymin>
      <xmax>174.46153846153845</xmax>
      <ymax>468.8461538461538</ymax>
    </bndbox>
  </object>
  <object>
    <name>a</name>
    <pose/>
    <truncated/>
    <difficult/>
    <bndbox>
      <xmin>302.15384615384613</xmin>
      <ymin>390.38461538461536</ymin>
      <xmax>462.15384615384613</xmax>
      <ymax>488.8461538461538</ymax>
    </bndbox>
  </object>
  <object>
    <name>r</name>
    <pose/>
    <truncated/>
    <difficult/>
    <bndbox>
      <xmin>509.0769230769231</xmin>
      <ymin>397.3076923076923</ymin>
      <xmax>771.3846153846154</xmax>
      <ymax>513.4615384615385</ymax>
    </bndbox>
  </object>
</annotation>
