<annotation>
  <folder/>
  <filename>IMG_E1792.jpg</filename>
  <database/>
  <annotation/>
  <image/>
  <size>
    <height>3007</height>
    <width>2572</width>
    <depth>3</depth>
  </size>
  <segmented/>
  <object>
    <name>maa</name>
    <pose/>
    <truncated/>
    <difficult/>
    <bndbox>
      <xmin>113.0</xmin>
      <ymin>222.66666666666669</ymin>
      <xmax>769.666666666667</xmax>
      <ymax>562.6666666666667</ymax>
    </bndbox>
  </object>
  <object>
    <name>nga</name>
    <pose/>
    <truncated/>
    <difficult/>
    <bndbox>
      <xmin>993.0</xmin>
      <ymin>186.0</ymin>
      <xmax>1409.666666666667</xmax>
      <ymax>529.3333333333334</ymax>
    </bndbox>
  </object>
  <object>
    <name>sa</name>
    <pose/>
    <truncated/>
    <difficult/>
    <bndbox>
      <xmin>1626.3333333333335</xmin>
      <ymin>159.33333333333334</ymin>
      <xmax>2023.0</xmax>
      <ymax>599.3333333333334</ymax>
    </bndbox>
  </object>
  <object>
    <name>ta</name>
    <pose/>
    <truncated/>
    <difficult/>
    <bndbox>
      <xmin>449.66666666666674</xmin>
      <ymin>1656.0</ymin>
      <xmax>949.666666666667</xmax>
      <ymax>2166.0</ymax>
    </bndbox>
  </object>
  <object>
    <name>wa</name>
    <pose/>
    <truncated/>
    <difficult/>
    <bndbox>
      <xmin>1216.3333333333335</xmin>
      <ymin>1672.6666666666667</ymin>
      <xmax>1739.666666666667</xmax>
      <ymax>2066.0</ymax>
    </bndbox>
  </object>
  <object>
    <name>ba</name>
    <pose/>
    <truncated/>
    <difficult/>
    <bndbox>
      <xmin>1933.0</xmin>
      <ymin>1692.6666666666667</ymin>
      <xmax>2459.666666666667</xmax>
      <ymax>2159.3333333333335</ymax>
    </bndbox>
  </object>
</annotation>
