<annotation>
  <folder/>
  <filename>IMG_E8953.jpg</filename>
  <database/>
  <annotation/>
  <image/>
  <size>
    <height>1209</height>
    <width>2859</width>
    <depth>3</depth>
  </size>
  <segmented/>
  <object>
    <name>hu</name>
    <pose/>
    <truncated/>
    <difficult/>
    <bndbox>
      <xmin>14.27272727272727</xmin>
      <ymin>57.81818181818181</ymin>
      <xmax>537.9090909090909</xmax>
      <ymax>488.72727272727263</ymax>
    </bndbox>
  </object>
  <object>
    <name>ma</name>
    <pose/>
    <truncated/>
    <difficult/>
    <bndbox>
      <xmin>607.0</xmin>
      <ymin>134.18181818181813</ymin>
      <xmax>1072.4545454545453</xmax>
      <ymax>416.0</ymax>
    </bndbox>
  </object>
  <object>
    <name>ni</name>
    <pose/>
    <truncated/>
    <difficult/>
    <bndbox>
      <xmin>1254.2727272727273</xmin>
      <ymin>119.63636363636363</ymin>
      <xmax>1803.3636363636363</xmax>
      <ymax>430.5454545454545</ymax>
    </bndbox>
  </object>
  <object>
    <name>si</name>
    <pose/>
    <truncated/>
    <difficult/>
    <bndbox>
      <xmin>1877.9090909090908</xmin>
      <ymin>45.090909090909065</ymin>
      <xmax>2257.9090909090905</xmax>
      <ymax>572.3636363636363</ymax>
    </bndbox>
  </object>
  <object>
    <name>nya</name>
    <pose/>
    <truncated/>
    <difficult/>
    <bndbox>
      <xmin>2294.272727272727</xmin>
      <ymin>39.636363636363626</ymin>
      <xmax>2667.0</xmax>
      <ymax>410.5454545454545</ymax>
    </bndbox>
  </object>
</annotation>
