<annotation>
  <folder/>
  <filename>IMG_E0881.jpg</filename>
  <database/>
  <annotation/>
  <image/>
  <size>
    <height>2551</height>
    <width>2461</width>
    <depth>3</depth>
  </size>
  <segmented/>
  <object>
    <name>ja</name>
    <pose/>
    <truncated/>
    <difficult/>
    <bndbox>
      <xmin>156.1111111111111</xmin>
      <ymin>38.44444444444444</ymin>
      <xmax>625.5555555555557</xmax>
      <ymax>466.22222222222223</ymax>
    </bndbox>
  </object>
  <object>
    <name>ma</name>
    <pose/>
    <truncated/>
    <difficult/>
    <bndbox>
      <xmin>747.7777777777778</xmin>
      <ymin>105.11111111111111</ymin>
      <xmax>1261.666666666667</xmax>
      <ymax>416.22222222222223</ymax>
    </bndbox>
  </object>
  <object>
    <name>pa</name>
    <pose/>
    <truncated/>
    <difficult/>
    <bndbox>
      <xmin>1472.7777777777778</xmin>
      <ymin>124.55555555555557</ymin>
      <xmax>1864.4444444444443</xmax>
      <ymax>321.77777777777777</ymax>
    </bndbox>
  </object>
  <object>
    <name>nya</name>
    <pose/>
    <truncated/>
    <difficult/>
    <bndbox>
      <xmin>2031.1111111111113</xmin>
      <ymin>94.0</ymin>
      <xmax>2375.5555555555557</xmax>
      <ymax>560.6666666666667</ymax>
    </bndbox>
  </object>
  <object>
    <name>ra</name>
    <pose/>
    <truncated/>
    <difficult/>
    <bndbox>
      <xmin>233.8888888888889</xmin>
      <ymin>1405.111111111111</ymin>
      <xmax>742.2222222222222</xmax>
      <ymax>1799.5555555555557</ymax>
    </bndbox>
  </object>
  <object>
    <name>pa</name>
    <pose/>
    <truncated/>
    <difficult/>
    <bndbox>
      <xmin>911.6666666666667</xmin>
      <ymin>1452.3333333333335</ymin>
      <xmax>1520.0</xmax>
      <ymax>1844.0</ymax>
    </bndbox>
  </object>
  <object>
    <name>ha</name>
    <pose/>
    <truncated/>
    <difficult/>
    <bndbox>
      <xmin>1742.2222222222222</xmin>
      <ymin>1427.3333333333335</ymin>
      <xmax>2233.888888888889</xmax>
      <ymax>1899.5555555555557</ymax>
    </bndbox>
  </object>
</annotation>
