<annotation>
  <folder/>
  <filename>IMG_E0933.jpg</filename>
  <database/>
  <annotation/>
  <image/>
  <size>
    <height>3135</height>
    <width>2068</width>
    <depth>3</depth>
  </size>
  <segmented/>
  <object>
    <name>ra</name>
    <pose/>
    <truncated/>
    <difficult/>
    <bndbox>
      <xmin>38.24137931034488</xmin>
      <ymin>245.9655172413793</ymin>
      <xmax>462.3793103448279</xmax>
      <ymax>656.3103448275863</ymax>
    </bndbox>
  </object>
  <object>
    <name>ma</name>
    <pose/>
    <truncated/>
    <difficult/>
    <bndbox>
      <xmin>648.5862068965521</xmin>
      <ymin>252.86206896551727</ymin>
      <xmax>1200.3103448275865</xmax>
      <ymax>649.4137931034484</ymax>
    </bndbox>
  </object>
  <object>
    <name>sa</name>
    <pose/>
    <truncated/>
    <difficult/>
    <bndbox>
      <xmin>1369.2758620689656</xmin>
      <ymin>228.7241379310345</ymin>
      <xmax>1841.689655172414</xmax>
      <ymax>711.4827586206897</ymax>
    </bndbox>
  </object>
  <object>
    <name>ta</name>
    <pose/>
    <truncated/>
    <difficult/>
    <bndbox>
      <xmin>110.65517241379325</xmin>
      <ymin>1618.3793103448277</ymin>
      <xmax>545.1379310344828</xmax>
      <ymax>2170.1034482758623</ymax>
    </bndbox>
  </object>
  <object>
    <name>nya</name>
    <pose/>
    <truncated/>
    <difficult/>
    <bndbox>
      <xmin>772.7241379310349</xmin>
      <ymin>1608.0344827586207</ymin>
      <xmax>1269.2758620689656</xmax>
      <ymax>2190.793103448276</ymax>
    </bndbox>
  </object>
  <object>
    <name>ha</name>
    <pose/>
    <truncated/>
    <difficult/>
    <bndbox>
      <xmin>1510.6551724137935</xmin>
      <ymin>1704.5862068965519</ymin>
      <xmax>2000.3103448275865</xmax>
      <ymax>2283.896551724138</ymax>
    </bndbox>
  </object>
</annotation>
