<annotation>
  <folder/>
  <filename>IMG_E1382.jpg</filename>
  <database/>
  <annotation/>
  <image/>
  <size>
    <height>2603</height>
    <width>2709</width>
    <depth>3</depth>
  </size>
  <segmented/>
  <object>
    <name>ha</name>
    <pose/>
    <truncated/>
    <difficult/>
    <bndbox>
      <xmin>136.28571428571422</xmin>
      <ymin>11.57142857142857</ymin>
      <xmax>624.8571428571427</xmax>
      <ymax>434.4285714285714</ymax>
    </bndbox>
  </object>
  <object>
    <name>ba</name>
    <pose/>
    <truncated/>
    <difficult/>
    <bndbox>
      <xmin>676.2857142857142</xmin>
      <ymin>134.42857142857142</ymin>
      <xmax>1144.8571428571427</xmax>
      <ymax>497.2857142857142</ymax>
    </bndbox>
  </object>
  <object>
    <name>da</name>
    <pose/>
    <truncated/>
    <difficult/>
    <bndbox>
      <xmin>1301.9999999999998</xmin>
      <ymin>200.1428571428571</ymin>
      <xmax>1756.2857142857142</xmax>
      <ymax>517.2857142857142</ymax>
    </bndbox>
  </object>
  <object>
    <name>ma</name>
    <pose/>
    <truncated/>
    <difficult/>
    <bndbox>
      <xmin>1927.7142857142853</xmin>
      <ymin>243.0</ymin>
      <xmax>2579.142857142857</xmax>
      <ymax>548.7142857142857</ymax>
    </bndbox>
  </object>
  <object>
    <name>pa</name>
    <pose/>
    <truncated/>
    <difficult/>
    <bndbox>
      <xmin>39.14285714285711</xmin>
      <ymin>1428.7142857142856</ymin>
      <xmax>450.57142857142844</xmax>
      <ymax>1680.1428571428569</ymax>
    </bndbox>
  </object>
  <object>
    <name>ra</name>
    <pose/>
    <truncated/>
    <difficult/>
    <bndbox>
      <xmin>693.4285714285713</xmin>
      <ymin>1422.9999999999998</ymin>
      <xmax>1170.5714285714284</xmax>
      <ymax>1762.9999999999998</ymax>
    </bndbox>
  </object>
  <object>
    <name>sa</name>
    <pose/>
    <truncated/>
    <difficult/>
    <bndbox>
      <xmin>1433.428571428571</xmin>
      <ymin>1385.8571428571427</ymin>
      <xmax>1839.1428571428569</xmax>
      <ymax>1780.1428571428569</ymax>
    </bndbox>
  </object>
  <object>
    <name>a</name>
    <pose/>
    <truncated/>
    <difficult/>
    <bndbox>
      <xmin>2190.5714285714284</xmin>
      <ymin>1420.142857142857</ymin>
      <xmax>2659.142857142857</xmax>
      <ymax>1788.7142857142856</ymax>
    </bndbox>
  </object>
</annotation>
