<annotation>
  <folder/>
  <filename>IMG_20200523_165929.jpg</filename>
  <database/>
  <annotation/>
  <image/>
  <size>
    <height>1442</height>
    <width>1246</width>
    <depth>3</depth>
  </size>
  <segmented/>
  <object>
    <name>ta</name>
    <pose/>
    <truncated/>
    <difficult/>
    <bndbox>
      <xmin>29.375</xmin>
      <ymin>29.6875</ymin>
      <xmax>298.125</xmax>
      <ymax>329.6875</ymax>
    </bndbox>
  </object>
  <object>
    <name>sa</name>
    <pose/>
    <truncated/>
    <difficult/>
    <bndbox>
      <xmin>396.5625</xmin>
      <ymin>73.4375</ymin>
      <xmax>641.875</xmax>
      <ymax>317.1875</ymax>
    </bndbox>
  </object>
  <object>
    <name>pa</name>
    <pose/>
    <truncated/>
    <difficult/>
    <bndbox>
      <xmin>860.625</xmin>
      <ymin>85.9375</ymin>
      <xmax>1129.375</xmax>
      <ymax>295.3125</ymax>
    </bndbox>
  </object>
  <object>
    <name>pa</name>
    <pose/>
    <truncated/>
    <difficult/>
    <bndbox>
      <xmin>51.25</xmin>
      <ymin>832.8125</ymin>
      <xmax>287.1875</xmax>
      <ymax>1068.75</ymax>
    </bndbox>
  </object>
  <object>
    <name>ra</name>
    <pose/>
    <truncated/>
    <difficult/>
    <bndbox>
      <xmin>420.0</xmin>
      <ymin>907.8125</ymin>
      <xmax>693.4375</xmax>
      <ymax>1123.4375</ymax>
    </bndbox>
  </object>
  <object>
    <name>pa</name>
    <pose/>
    <truncated/>
    <difficult/>
    <bndbox>
      <xmin>884.0625</xmin>
      <ymin>868.75</ymin>
      <xmax>1185.625</xmax>
      <ymax>1067.1875</ymax>
    </bndbox>
  </object>
</annotation>
