<annotation>
  <folder/>
  <filename>IMG_20200523_173554.jpg</filename>
  <database/>
  <annotation/>
  <image/>
  <size>
    <height>1100</height>
    <width>1078</width>
    <depth>3</depth>
  </size>
  <segmented/>
  <object>
    <name>ja</name>
    <pose/>
    <truncated/>
    <difficult/>
    <bndbox>
      <xmin>118.30120481927702</xmin>
      <ymin>37.373493975903614</ymin>
      <xmax>371.3132530120481</xmax>
      <ymax>231.34939759036143</ymax>
    </bndbox>
  </object>
  <object>
    <name>ha</name>
    <pose/>
    <truncated/>
    <difficult/>
    <bndbox>
      <xmin>483.36144578313247</xmin>
      <ymin>66.28915662650601</ymin>
      <xmax>732.7590361445782</xmax>
      <ymax>240.98795180722888</ymax>
    </bndbox>
  </object>
  <object>
    <name>a</name>
    <pose/>
    <truncated/>
    <difficult/>
    <bndbox>
      <xmin>858.0602409638552</xmin>
      <ymin>60.26506024096385</ymin>
      <xmax>1056.855421686747</xmax>
      <ymax>218.09638554216866</ymax>
    </bndbox>
  </object>
  <object>
    <name>ha</name>
    <pose/>
    <truncated/>
    <difficult/>
    <bndbox>
      <xmin>54.445783132530096</xmin>
      <ymin>507.2530120481928</ymin>
      <xmax>266.49397590361446</xmax>
      <ymax>665.0843373493975</ymax>
    </bndbox>
  </object>
  <object>
    <name>a</name>
    <pose/>
    <truncated/>
    <difficult/>
    <bndbox>
      <xmin>409.867469879518</xmin>
      <ymin>478.33734939759034</ymin>
      <xmax>678.5421686746988</xmax>
      <ymax>678.3373493975903</ymax>
    </bndbox>
  </object>
  <object>
    <name>nya</name>
    <pose/>
    <truncated/>
    <difficult/>
    <bndbox>
      <xmin>778.5421686746986</xmin>
      <ymin>509.6626506024096</ymin>
      <xmax>954.4457831325301</xmax>
      <ymax>673.5180722891565</ymax>
    </bndbox>
  </object>
</annotation>
