<annotation>
  <folder/>
  <filename>IMG_E1354.jpg</filename>
  <database/>
  <annotation/>
  <image/>
  <size>
    <height>2741</height>
    <width>2686</width>
    <depth>3</depth>
  </size>
  <segmented/>
  <object>
    <name>ga</name>
    <pose/>
    <truncated/>
    <difficult/>
    <bndbox>
      <xmin>65.030303030303</xmin>
      <ymin>82.09090909090908</ymin>
      <xmax>634.7272727272727</xmax>
      <ymax>639.6666666666666</ymax>
    </bndbox>
  </object>
  <object>
    <name>pa</name>
    <pose/>
    <truncated/>
    <difficult/>
    <bndbox>
      <xmin>737.7575757575758</xmin>
      <ymin>97.24242424242424</ymin>
      <xmax>1219.5757575757575</xmax>
      <ymax>563.9090909090909</ymax>
    </bndbox>
  </object>
  <object>
    <name>ta</name>
    <pose/>
    <truncated/>
    <difficult/>
    <bndbox>
      <xmin>1337.7575757575755</xmin>
      <ymin>91.18181818181817</ymin>
      <xmax>1871.090909090909</xmax>
      <ymax>618.4545454545454</ymax>
    </bndbox>
  </object>
  <object>
    <name>ra</name>
    <pose/>
    <truncated/>
    <difficult/>
    <bndbox>
      <xmin>1986.242424242424</xmin>
      <ymin>145.72727272727272</ymin>
      <xmax>2549.8787878787875</xmax>
      <ymax>527.5454545454545</ymax>
    </bndbox>
  </object>
  <object>
    <name>nya</name>
    <pose/>
    <truncated/>
    <difficult/>
    <bndbox>
      <xmin>192.30303030303025</xmin>
      <ymin>1363.9090909090908</ymin>
      <xmax>762.0</xmax>
      <ymax>1966.9393939393938</ymax>
    </bndbox>
  </object>
  <object>
    <name>ba</name>
    <pose/>
    <truncated/>
    <difficult/>
    <bndbox>
      <xmin>895.3333333333333</xmin>
      <ymin>1485.121212121212</ymin>
      <xmax>1407.4545454545455</xmax>
      <ymax>1973.0</ymax>
    </bndbox>
  </object>
  <object>
    <name>la</name>
    <pose/>
    <truncated/>
    <difficult/>
    <bndbox>
      <xmin>1489.272727272727</xmin>
      <ymin>1460.8787878787878</ymin>
      <xmax>2031.6969696969695</xmax>
      <ymax>1954.8181818181818</ymax>
    </bndbox>
  </object>
  <object>
    <name>na</name>
    <pose/>
    <truncated/>
    <difficult/>
    <bndbox>
      <xmin>2137.7575757575755</xmin>
      <ymin>1521.4848484848485</ymin>
      <xmax>2604.424242424242</xmax>
      <ymax>1948.7575757575758</ymax>
    </bndbox>
  </object>
</annotation>
