<annotation>
  <folder/>
  <filename>IMG_20200523_152615.jpg</filename>
  <database/>
  <annotation/>
  <image/>
  <size>
    <height>1257</height>
    <width>1112</width>
    <depth>3</depth>
  </size>
  <segmented/>
  <object>
    <name>ja</name>
    <pose/>
    <truncated/>
    <difficult/>
    <bndbox>
      <xmin>106.36363636363632</xmin>
      <ymin>123.72727272727272</ymin>
      <xmax>313.6363636363636</xmax>
      <ymax>332.8181818181818</ymax>
    </bndbox>
  </object>
  <object>
    <name>ta</name>
    <pose/>
    <truncated/>
    <difficult/>
    <bndbox>
      <xmin>462.72727272727263</xmin>
      <ymin>120.0909090909091</ymin>
      <xmax>671.8181818181818</xmax>
      <ymax>311.0</ymax>
    </bndbox>
  </object>
  <object>
    <name>sa</name>
    <pose/>
    <truncated/>
    <difficult/>
    <bndbox>
      <xmin>808.181818181818</xmin>
      <ymin>123.72727272727272</ymin>
      <xmax>984.5454545454545</xmax>
      <ymax>331.0</ymax>
    </bndbox>
  </object>
  <object>
    <name>da</name>
    <pose/>
    <truncated/>
    <difficult/>
    <bndbox>
      <xmin>97.27272727272725</xmin>
      <ymin>727.3636363636363</ymin>
      <xmax>326.36363636363626</xmax>
      <ymax>958.2727272727271</ymax>
    </bndbox>
  </object>
  <object>
    <name>ha</name>
    <pose/>
    <truncated/>
    <difficult/>
    <bndbox>
      <xmin>468.18181818181813</xmin>
      <ymin>692.8181818181818</ymin>
      <xmax>662.7272727272727</xmax>
      <ymax>870.9999999999999</ymax>
    </bndbox>
  </object>
  <object>
    <name>a</name>
    <pose/>
    <truncated/>
    <difficult/>
    <bndbox>
      <xmin>771.8181818181818</xmin>
      <ymin>692.8181818181818</ymin>
      <xmax>1111</xmax>
      <ymax>913</ymax>
    </bndbox>
  </object>
</annotation>
