<annotation>
  <folder/>
  <filename>IMG_E1802.jpg</filename>
  <database/>
  <annotation/>
  <image/>
  <size>
    <height>2897</height>
    <width>2428</width>
    <depth>3</depth>
  </size>
  <segmented/>
  <object>
    <name>ga</name>
    <pose/>
    <truncated/>
    <difficult/>
    <bndbox>
      <xmin>127.61290322580635</xmin>
      <ymin>43.87096774193549</ymin>
      <xmax>698.5806451612902</xmax>
      <ymax>479.35483870967744</ymax>
    </bndbox>
  </object>
  <object>
    <name>ma</name>
    <pose/>
    <truncated/>
    <difficult/>
    <bndbox>
      <xmin>859.8709677419356</xmin>
      <ymin>50.322580645161295</ymin>
      <xmax>1656.6451612903224</xmax>
      <ymax>534.1935483870968</ymax>
    </bndbox>
  </object>
  <object>
    <name>ra</name>
    <pose/>
    <truncated/>
    <difficult/>
    <bndbox>
      <xmin>1824.3870967741937</xmin>
      <ymin>137.41935483870967</ymin>
      <xmax>2408.2580645161293</xmax>
      <ymax>685.8064516129032</ymax>
    </bndbox>
  </object>
  <object>
    <name>a</name>
    <pose/>
    <truncated/>
    <difficult/>
    <bndbox>
      <xmin>185.67741935483878</xmin>
      <ymin>1527.741935483871</ymin>
      <xmax>827.6129032258063</xmax>
      <ymax>2056.7741935483873</ymax>
    </bndbox>
  </object>
  <object>
    <name>nga</name>
    <pose/>
    <truncated/>
    <difficult/>
    <bndbox>
      <xmin>1092.1290322580644</xmin>
      <ymin>1572.9032258064517</ymin>
      <xmax>1595.3548387096776</xmax>
      <ymax>2121.2903225806454</ymax>
    </bndbox>
  </object>
  <object>
    <name>sa</name>
    <pose/>
    <truncated/>
    <difficult/>
    <bndbox>
      <xmin>1811.483870967742</xmin>
      <ymin>1579.3548387096773</ymin>
      <xmax>2366.3225806451615</xmax>
      <ymax>2198.7096774193546</ymax>
    </bndbox>
  </object>
</annotation>
