<annotation>
  <folder/>
  <filename>IMG_20200522_211059.jpg</filename>
  <database/>
  <annotation/>
  <image/>
  <size>
    <height>1799</height>
    <width>2918</width>
    <depth>3</depth>
  </size>
  <segmented/>
  <object>
    <name>ya</name>
    <pose/>
    <truncated/>
    <difficult/>
    <bndbox>
      <xmin>255.2549019607843</xmin>
      <ymin>12.647058823529413</ymin>
      <xmax>655.2549019607843</xmax>
      <ymax>232.2549019607843</ymax>
    </bndbox>
  </object>
  <object>
    <name>la</name>
    <pose/>
    <truncated/>
    <difficult/>
    <bndbox>
      <xmin>1268.9803921568628</xmin>
      <ymin>47.94117647058823</ymin>
      <xmax>1592.5098039215686</xmax>
      <ymax>287.156862745098</ymax>
    </bndbox>
  </object>
  <object>
    <name>ja</name>
    <pose/>
    <truncated/>
    <difficult/>
    <bndbox>
      <xmin>2104.2745098039213</xmin>
      <ymin>57.745098039215684</ymin>
      <xmax>2504.2745098039213</xmax>
      <ymax>353.8235294117647</ymax>
    </bndbox>
  </object>
  <object>
    <name>nya</name>
    <pose/>
    <truncated/>
    <difficult/>
    <bndbox>
      <xmin>155.2549019607843</xmin>
      <ymin>1006.7647058823529</ymin>
      <xmax>572.9019607843137</xmax>
      <ymax>1322.450980392157</ymax>
    </bndbox>
  </object>
  <object>
    <name>nga</name>
    <pose/>
    <truncated/>
    <difficult/>
    <bndbox>
      <xmin>1319.9607843137255</xmin>
      <ymin>1144.0196078431372</ymin>
      <xmax>1590.549019607843</xmax>
      <ymax>1371.4705882352941</ymax>
    </bndbox>
  </object>
  <object>
    <name>na</name>
    <pose/>
    <truncated/>
    <difficult/>
    <bndbox>
      <xmin>2176.823529411765</xmin>
      <ymin>1230.2941176470588</ymin>
      <xmax>2596.4313725490197</xmax>
      <ymax>1553.8235294117646</ymax>
    </bndbox>
  </object>
</annotation>
