<annotation>
  <folder/>
  <filename>IMG_E0868.jpg</filename>
  <database/>
  <annotation/>
  <image/>
  <size>
    <height>3189</height>
    <width>2139</width>
    <depth>3</depth>
  </size>
  <segmented/>
  <object>
    <name>ga</name>
    <pose/>
    <truncated/>
    <difficult/>
    <bndbox>
      <xmin>26.857142857142662</xmin>
      <ymin>214.85714285714283</ymin>
      <xmax>501.85714285714266</xmax>
      <ymax>571.9999999999999</ymax>
    </bndbox>
  </object>
  <object>
    <name>ba</name>
    <pose/>
    <truncated/>
    <difficult/>
    <bndbox>
      <xmin>766.1428571428569</xmin>
      <ymin>222.0</ymin>
      <xmax>1223.2857142857142</xmax>
      <ymax>589.8571428571428</ymax>
    </bndbox>
  </object>
  <object>
    <name>pa</name>
    <pose/>
    <truncated/>
    <difficult/>
    <bndbox>
      <xmin>1355.428571428571</xmin>
      <ymin>307.71428571428567</ymin>
      <xmax>1791.1428571428569</xmax>
      <ymax>514.8571428571428</ymax>
    </bndbox>
  </object>
  <object>
    <name>sa</name>
    <pose/>
    <truncated/>
    <difficult/>
    <bndbox>
      <xmin>123.28571428571422</xmin>
      <ymin>1575.5714285714284</ymin>
      <xmax>698.2857142857142</xmax>
      <ymax>2104.142857142857</ymax>
    </bndbox>
  </object>
  <object>
    <name>ha</name>
    <pose/>
    <truncated/>
    <difficult/>
    <bndbox>
      <xmin>948.2857142857142</xmin>
      <ymin>1611.2857142857142</ymin>
      <xmax>1423.2857142857138</xmax>
      <ymax>2068.428571428571</ymax>
    </bndbox>
  </object>
  <object>
    <name>nya</name>
    <pose/>
    <truncated/>
    <difficult/>
    <bndbox>
      <xmin>1569.7142857142853</xmin>
      <ymin>1586.2857142857142</ymin>
      <xmax>2026.8571428571427</xmax>
      <ymax>2097.0</ymax>
    </bndbox>
  </object>
</annotation>
