<annotation>
  <folder/>
  <filename>IMG_E0934.jpg</filename>
  <database/>
  <annotation/>
  <image/>
  <size>
    <height>973</height>
    <width>2851</width>
    <depth>3</depth>
  </size>
  <segmented/>
  <object>
    <name>wa</name>
    <pose/>
    <truncated/>
    <difficult/>
    <bndbox>
      <xmin>85.9090909090909</xmin>
      <ymin>35.27272727272725</ymin>
      <xmax>407.7272727272727</xmax>
      <ymax>295.27272727272725</ymax>
    </bndbox>
  </object>
  <object>
    <name>ra</name>
    <pose/>
    <truncated/>
    <difficult/>
    <bndbox>
      <xmin>645.9090909090909</xmin>
      <ymin>6.18181818181813</ymin>
      <xmax>982.2727272727271</xmax>
      <ymax>309.81818181818176</ymax>
    </bndbox>
  </object>
  <object>
    <name>sa</name>
    <pose/>
    <truncated/>
    <difficult/>
    <bndbox>
      <xmin>1135.0</xmin>
      <ymin>27.999999999999943</ymin>
      <xmax>1438.6363636363635</xmax>
      <ymax>328.0</ymax>
    </bndbox>
  </object>
  <object>
    <name>ha</name>
    <pose/>
    <truncated/>
    <difficult/>
    <bndbox>
      <xmin>1564.090909090909</xmin>
      <ymin>9.818181818181813</ymin>
      <xmax>1834.9999999999998</xmax>
      <ymax>320.72727272727263</ymax>
    </bndbox>
  </object>
  <object>
    <name>na</name>
    <pose/>
    <truncated/>
    <difficult/>
    <bndbox>
      <xmin>2007.7272727272725</xmin>
      <ymin>67.99999999999994</ymin>
      <xmax>2271.363636363636</xmax>
      <ymax>313.4545454545454</ymax>
    </bndbox>
  </object>
  <object>
    <name>nga</name>
    <pose/>
    <truncated/>
    <difficult/>
    <bndbox>
      <xmin>2355.0</xmin>
      <ymin>58.90909090909088</ymin>
      <xmax>2635.0</xmax>
      <ymax>326.18181818181813</ymax>
    </bndbox>
  </object>
</annotation>
