<annotation>
  <folder/>
  <filename>IMG_E1787.jpg</filename>
  <database/>
  <annotation/>
  <image/>
  <size>
    <height>3164</height>
    <width>2598</width>
    <depth>3</depth>
  </size>
  <segmented/>
  <object>
    <name>a</name>
    <pose/>
    <truncated/>
    <difficult/>
    <bndbox>
      <xmin>92.89655172413813</xmin>
      <ymin>228.93103448275863</ymin>
      <xmax>723.9310344827586</xmax>
      <ymax>628.9310344827587</ymax>
    </bndbox>
  </object>
  <object>
    <name>ma</name>
    <pose/>
    <truncated/>
    <difficult/>
    <bndbox>
      <xmin>951.5172413793107</xmin>
      <ymin>173.75862068965517</ymin>
      <xmax>1568.7586206896553</xmax>
      <ymax>622.0344827586207</ymax>
    </bndbox>
  </object>
  <object>
    <name>na</name>
    <pose/>
    <truncated/>
    <difficult/>
    <bndbox>
      <xmin>1720.4827586206898</xmin>
      <ymin>225.48275862068968</ymin>
      <xmax>2234.2758620689656</xmax>
      <ymax>622.0344827586207</ymax>
    </bndbox>
  </object>
  <object>
    <name>nya</name>
    <pose/>
    <truncated/>
    <difficult/>
    <bndbox>
      <xmin>334.2758620689656</xmin>
      <ymin>1677.2068965517242</ymin>
      <xmax>951.5172413793107</xmax>
      <ymax>2304.793103448276</ymax>
    </bndbox>
  </object>
  <object>
    <name>nga</name>
    <pose/>
    <truncated/>
    <difficult/>
    <bndbox>
      <xmin>1199.7931034482758</xmin>
      <ymin>1708.2413793103449</ymin>
      <xmax>1675.6551724137935</xmax>
      <ymax>2249.6206896551726</ymax>
    </bndbox>
  </object>
  <object>
    <name>da</name>
    <pose/>
    <truncated/>
    <difficult/>
    <bndbox>
      <xmin>1851.5172413793107</xmin>
      <ymin>1749.6206896551726</ymin>
      <xmax>2437.724137931035</xmax>
      <ymax>2322.034482758621</ymax>
    </bndbox>
  </object>
</annotation>
