<annotation>
  <folder/>
  <filename>IMG_E9093.jpg</filename>
  <database/>
  <annotation/>
  <image/>
  <size>
    <height>985</height>
    <width>3017</width>
    <depth>3</depth>
  </size>
  <segmented/>
  <object>
    <name>ro</name>
    <pose/>
    <truncated/>
    <difficult/>
    <bndbox>
      <xmin>54.183673469387756</xmin>
      <ymin>48.16326530612247</ymin>
      <xmax>535.8163265306123</xmax>
      <ymax>335.9183673469388</ymax>
    </bndbox>
  </object>
  <object>
    <name>l</name>
    <pose/>
    <truncated/>
    <difficult/>
    <bndbox>
      <xmin>617.4489795918367</xmin>
      <ymin>78.77551020408168</ymin>
      <xmax>1107.2448979591836</xmax>
      <ymax>370.61224489795916</ymax>
    </bndbox>
  </object>
  <object>
    <name>le</name>
    <pose/>
    <truncated/>
    <difficult/>
    <bndbox>
      <xmin>1168.4693877551022</xmin>
      <ymin>66.53061224489795</ymin>
      <xmax>1521.530612244898</xmax>
      <ymax>358.36734693877554</ymax>
    </bndbox>
  </object>
  <object>
    <name>r</name>
    <pose/>
    <truncated/>
    <difficult/>
    <bndbox>
      <xmin>1629.6938775510205</xmin>
      <ymin>105.30612244897964</ymin>
      <xmax>2090.918367346939</xmax>
      <ymax>401.22448979591843</ymax>
    </bndbox>
  </object>
  <object>
    <name>ye</name>
    <pose/>
    <truncated/>
    <difficult/>
    <bndbox>
      <xmin>2186.8367346938776</xmin>
      <ymin>66.53061224489795</ymin>
      <xmax>2658.265306122449</xmax>
      <ymax>386.9387755102041</ymax>
    </bndbox>
  </object>
  <object>
    <name>s</name>
    <pose/>
    <truncated/>
    <difficult/>
    <bndbox>
      <xmin>2678.673469387755</xmin>
      <ymin>78.77551020408168</ymin>
      <xmax>3009.285714285714</xmax>
      <ymax>413.46938775510205</ymax>
    </bndbox>
  </object>
</annotation>
