<annotation>
  <folder/>
  <filename>IMG_20200522_205831.jpg</filename>
  <database/>
  <annotation/>
  <image/>
  <size>
    <height>1558</height>
    <width>2720</width>
    <depth>3</depth>
  </size>
  <segmented/>
  <object>
    <name>nga</name>
    <pose/>
    <truncated/>
    <difficult/>
    <bndbox>
      <xmin>66.21052631578947</xmin>
      <ymin>61.22807017543859</ymin>
      <xmax>432.8771929824561</xmax>
      <ymax>320.8771929824561</ymax>
    </bndbox>
  </object>
  <object>
    <name>ya</name>
    <pose/>
    <truncated/>
    <difficult/>
    <bndbox>
      <xmin>1178.4912280701753</xmin>
      <ymin>47.19298245614034</ymin>
      <xmax>1546.9122807017543</xmax>
      <ymax>298.07017543859644</ymax>
    </bndbox>
  </object>
  <object>
    <name>wa</name>
    <pose/>
    <truncated/>
    <difficult/>
    <bndbox>
      <xmin>2169.7192982456136</xmin>
      <ymin>61.22807017543859</ymin>
      <xmax>2506.5614035087715</xmax>
      <ymax>329.6491228070175</ymax>
    </bndbox>
  </object>
  <object>
    <name>da</name>
    <pose/>
    <truncated/>
    <difficult/>
    <bndbox>
      <xmin>101.29824561403507</xmin>
      <ymin>854.2105263157894</ymin>
      <xmax>329.36842105263156</xmax>
      <ymax>1087.5438596491226</ymax>
    </bndbox>
  </object>
  <object>
    <name>ba</name>
    <pose/>
    <truncated/>
    <difficult/>
    <bndbox>
      <xmin>1176.7368421052631</xmin>
      <ymin>919.1228070175438</ymin>
      <xmax>1518.8421052631577</xmax>
      <ymax>1168.2456140350876</ymax>
    </bndbox>
  </object>
  <object>
    <name>ha</name>
    <pose/>
    <truncated/>
    <difficult/>
    <bndbox>
      <xmin>2067.9649122807014</xmin>
      <ymin>894.5614035087718</ymin>
      <xmax>2345.1578947368416</xmax>
      <ymax>1113.8596491228068</ymax>
    </bndbox>
  </object>
</annotation>
