<annotation>
  <folder/>
  <filename>IMG_20200523_160248.jpg</filename>
  <database/>
  <annotation/>
  <image/>
  <size>
    <height>1096</height>
    <width>1192</width>
    <depth>3</depth>
  </size>
  <segmented/>
  <object>
    <name>pa</name>
    <pose/>
    <truncated/>
    <difficult/>
    <bndbox>
      <xmin>33.0</xmin>
      <ymin>62.5</ymin>
      <xmax>262.6875</xmax>
      <ymax>173.4375</ymax>
    </bndbox>
  </object>
  <object>
    <name>ja</name>
    <pose/>
    <truncated/>
    <difficult/>
    <bndbox>
      <xmin>393.9375</xmin>
      <ymin>23.4375</ymin>
      <xmax>625.1875</xmax>
      <ymax>176.5625</ymax>
    </bndbox>
  </object>
  <object>
    <name>ha</name>
    <pose/>
    <truncated/>
    <difficult/>
    <bndbox>
      <xmin>956.4375</xmin>
      <ymin>35.9375</ymin>
      <xmax>1147.0625</xmax>
      <ymax>196.875</ymax>
    </bndbox>
  </object>
  <object>
    <name>wa</name>
    <pose/>
    <truncated/>
    <difficult/>
    <bndbox>
      <xmin>14.25</xmin>
      <ymin>546.875</ymin>
      <xmax>229.875</xmax>
      <ymax>757.8125</ymax>
    </bndbox>
  </object>
  <object>
    <name>ha</name>
    <pose/>
    <truncated/>
    <difficult/>
    <bndbox>
      <xmin>478.3125</xmin>
      <ymin>559.375</ymin>
      <xmax>656.4375</xmax>
      <ymax>735.9375</ymax>
    </bndbox>
  </object>
  <object>
    <name>ja</name>
    <pose/>
    <truncated/>
    <difficult/>
    <bndbox>
      <xmin>870.5</xmin>
      <ymin>560.9375</ymin>
      <xmax>1098.625</xmax>
      <ymax>784.375</ymax>
    </bndbox>
  </object>
</annotation>
