<annotation>
  <folder/>
  <filename>IMG_E0842.jpg</filename>
  <database/>
  <annotation/>
  <image/>
  <size>
    <height>2959</height>
    <width>2158</width>
    <depth>3</depth>
  </size>
  <segmented/>
  <object>
    <name>nga</name>
    <pose/>
    <truncated/>
    <difficult/>
    <bndbox>
      <xmin>208.74193548387098</xmin>
      <ymin>71.64516129032258</ymin>
      <xmax>576.483870967742</xmax>
      <ymax>520.0322580645161</ymax>
    </bndbox>
  </object>
  <object>
    <name>la</name>
    <pose/>
    <truncated/>
    <difficult/>
    <bndbox>
      <xmin>805.516129032258</xmin>
      <ymin>113.58064516129032</ymin>
      <xmax>1382.9354838709678</xmax>
      <ymax>494.2258064516129</ymax>
    </bndbox>
  </object>
  <object>
    <name>ma</name>
    <pose/>
    <truncated/>
    <difficult/>
    <bndbox>
      <xmin>1492.6129032258063</xmin>
      <ymin>142.61290322580646</ymin>
      <xmax>2060.3548387096776</xmax>
      <ymax>523.258064516129</ymax>
    </bndbox>
  </object>
  <object>
    <name>ja</name>
    <pose/>
    <truncated/>
    <difficult/>
    <bndbox>
      <xmin>253.9032258064517</xmin>
      <ymin>1545.8387096774193</ymin>
      <xmax>841.0</xmax>
      <ymax>1997.4516129032259</ymax>
    </bndbox>
  </object>
  <object>
    <name>ba</name>
    <pose/>
    <truncated/>
    <difficult/>
    <bndbox>
      <xmin>1028.0967741935483</xmin>
      <ymin>1671.6451612903227</ymin>
      <xmax>1521.6451612903224</xmax>
      <ymax>2081.3225806451615</ymax>
    </bndbox>
  </object>
  <object>
    <name>ha</name>
    <pose/>
    <truncated/>
    <difficult/>
    <bndbox>
      <xmin>1660.3548387096776</xmin>
      <ymin>1671.6451612903227</ymin>
      <xmax>2037.7741935483873</xmax>
      <ymax>2213.5806451612902</ymax>
    </bndbox>
  </object>
</annotation>
