<annotation>
  <folder/>
  <filename>IMG_E1196.jpg</filename>
  <database/>
  <annotation/>
  <image/>
  <size>
    <height>2965</height>
    <width>2808</width>
    <depth>3</depth>
  </size>
  <segmented/>
  <object>
    <name>wa</name>
    <pose/>
    <truncated/>
    <difficult/>
    <bndbox>
      <xmin>101.25806451612902</xmin>
      <ymin>45.612903225806456</ymin>
      <xmax>727.0645161290322</xmax>
      <ymax>600.4516129032259</ymax>
    </bndbox>
  </object>
  <object>
    <name>ba</name>
    <pose/>
    <truncated/>
    <difficult/>
    <bndbox>
      <xmin>865.7741935483871</xmin>
      <ymin>64.96774193548387</ymin>
      <xmax>1401.2580645161293</xmax>
      <ymax>552.0645161290323</ymax>
    </bndbox>
  </object>
  <object>
    <name>ra</name>
    <pose/>
    <truncated/>
    <difficult/>
    <bndbox>
      <xmin>1530.2903225806454</xmin>
      <ymin>90.7741935483871</ymin>
      <xmax>2130.2903225806454</xmax>
      <ymax>539.1612903225806</ymax>
    </bndbox>
  </object>
  <object>
    <name>la</name>
    <pose/>
    <truncated/>
    <difficult/>
    <bndbox>
      <xmin>2201.2580645161293</xmin>
      <ymin>103.6774193548387</ymin>
      <xmax>2739.967741935484</xmax>
      <ymax>648.8387096774194</ymax>
    </bndbox>
  </object>
  <object>
    <name>ma</name>
    <pose/>
    <truncated/>
    <difficult/>
    <bndbox>
      <xmin>78.67741935483878</xmin>
      <ymin>1561.741935483871</ymin>
      <xmax>820.6129032258066</xmax>
      <ymax>2077.8709677419356</ymax>
    </bndbox>
  </object>
  <object>
    <name>ya</name>
    <pose/>
    <truncated/>
    <difficult/>
    <bndbox>
      <xmin>1036.7419354838712</xmin>
      <ymin>1629.483870967742</ymin>
      <xmax>1807.7096774193546</xmax>
      <ymax>2235.935483870968</ymax>
    </bndbox>
  </object>
  <object>
    <name>a</name>
    <pose/>
    <truncated/>
    <difficult/>
    <bndbox>
      <xmin>1930.2903225806454</xmin>
      <ymin>1706.9032258064517</ymin>
      <xmax>2710.935483870968</xmax>
      <ymax>2174.6451612903224</ymax>
    </bndbox>
  </object>
</annotation>
