<annotation>
  <folder/>
  <filename>IMG_E8993.jpg</filename>
  <database/>
  <annotation/>
  <image/>
  <size>
    <height>1093</height>
    <width>2883</width>
    <depth>3</depth>
  </size>
  <segmented/>
  <object>
    <name>ma</name>
    <pose/>
    <truncated/>
    <difficult/>
    <bndbox>
      <xmin>30.13725490196078</xmin>
      <ymin>52.56862745098039</ymin>
      <xmax>483.078431372549</xmax>
      <ymax>360.4117647058823</ymax>
    </bndbox>
  </object>
  <object>
    <name>la</name>
    <pose/>
    <truncated/>
    <difficult/>
    <bndbox>
      <xmin>620.3333333333334</xmin>
      <ymin>62.372549019607845</ymin>
      <xmax>1039.9411764705883</xmax>
      <ymax>362.37254901960785</ymax>
    </bndbox>
  </object>
  <object>
    <name>go</name>
    <pose/>
    <truncated/>
    <difficult/>
    <bndbox>
      <xmin>1092.8823529411764</xmin>
      <ymin>74.13725490196077</ymin>
      <xmax>1630.1372549019607</xmax>
      <ymax>381.98039215686276</ymax>
    </bndbox>
  </object>
  <object>
    <name>pi</name>
    <pose/>
    <truncated/>
    <difficult/>
    <bndbox>
      <xmin>1751.7058823529412</xmin>
      <ymin>74.13725490196077</ymin>
      <xmax>2155.627450980392</xmax>
      <ymax>303.5490196078431</ymax>
    </bndbox>
  </object>
  <object>
    <name>li</name>
    <pose/>
    <truncated/>
    <difficult/>
    <bndbox>
      <xmin>2275.235294117647</xmin>
      <ymin>60.41176470588232</ymin>
      <xmax>2743.8627450980393</xmax>
      <ymax>342.7647058823529</ymax>
    </bndbox>
  </object>
</annotation>
