<annotation>
  <folder/>
  <filename>IMG_20200505_102352.jpg</filename>
  <database/>
  <annotation/>
  <image/>
  <size>
    <height>1455</height>
    <width>2576</width>
    <depth>3</depth>
  </size>
  <segmented/>
  <object>
    <name>nya</name>
    <pose/>
    <truncated/>
    <difficult/>
    <bndbox>
      <xmin>185.2456140350877</xmin>
      <ymin>16.01754385964911</ymin>
      <xmax>506.29824561403507</xmax>
      <ymax>184.43859649122805</ymax>
    </bndbox>
  </object>
  <object>
    <name>j</name>
    <pose/>
    <truncated/>
    <difficult/>
    <bndbox>
      <xmin>688.7543859649122</xmin>
      <ymin>30.052631578947356</ymin>
      <xmax>1118.578947368421</xmax>
      <ymax>240.57894736842104</ymax>
    </bndbox>
  </object>
  <object>
    <name>yang</name>
    <pose/>
    <truncated/>
    <difficult/>
    <bndbox>
      <xmin>1420.3333333333333</xmin>
      <ymin>3.7368421052631504</ymin>
      <xmax>1765.9473684210525</xmax>
      <ymax>238.8245614035087</ymax>
    </bndbox>
  </object>
  <object>
    <name>mi</name>
    <pose/>
    <truncated/>
    <difficult/>
    <bndbox>
      <xmin>160.68421052631578</xmin>
      <ymin>879.1754385964912</ymin>
      <xmax>599.2807017543859</xmax>
      <ymax>1133.5614035087717</ymax>
    </bndbox>
  </object>
  <object>
    <name>nyo</name>
    <pose/>
    <truncated/>
    <difficult/>
    <bndbox>
      <xmin>934.3684210526314</xmin>
      <ymin>951.1052631578946</ymin>
      <xmax>1278.2280701754385</xmax>
      <ymax>1149.3508771929824</ymax>
    </bndbox>
  </object>
  <object>
    <name>go</name>
    <pose/>
    <truncated/>
    <difficult/>
    <bndbox>
      <xmin>1450.1578947368419</xmin>
      <ymin>961.6315789473683</ymin>
      <xmax>1832.614035087719</xmax>
      <ymax>1172.1578947368419</ymax>
    </bndbox>
  </object>
</annotation>
