<annotation>
  <folder/>
  <filename>IMG_20200523_170538.jpg</filename>
  <database/>
  <annotation/>
  <image/>
  <size>
    <height>1248</height>
    <width>1460</width>
    <depth>3</depth>
  </size>
  <segmented/>
  <object>
    <name>nya</name>
    <pose/>
    <truncated/>
    <difficult/>
    <bndbox>
      <xmin>34.82191780821921</xmin>
      <ymin>11.178082191780824</ymin>
      <xmax>236.19178082191786</xmax>
      <ymax>211.17808219178082</ymax>
    </bndbox>
  </object>
  <object>
    <name>nga</name>
    <pose/>
    <truncated/>
    <difficult/>
    <bndbox>
      <xmin>536.1917808219179</xmin>
      <ymin>22.136986301369863</ymin>
      <xmax>817.013698630137</xmax>
      <ymax>250.90410958904113</ymax>
    </bndbox>
  </object>
  <object>
    <name>na</name>
    <pose/>
    <truncated/>
    <difficult/>
    <bndbox>
      <xmin>1181.3972602739727</xmin>
      <ymin>39.945205479452056</ymin>
      <xmax>1397.8356164383563</xmax>
      <ymax>228.986301369863</ymax>
    </bndbox>
  </object>
  <object>
    <name>ta</name>
    <pose/>
    <truncated/>
    <difficult/>
    <bndbox>
      <xmin>47.15068493150687</xmin>
      <ymin>587.8904109589041</ymin>
      <xmax>215.64383561643842</xmax>
      <ymax>724.8767123287671</ymax>
    </bndbox>
  </object>
  <object>
    <name>sa</name>
    <pose/>
    <truncated/>
    <difficult/>
    <bndbox>
      <xmin>517.013698630137</xmin>
      <ymin>624.8767123287671</ymin>
      <xmax>807.4246575342465</xmax>
      <ymax>797.4794520547946</ymax>
    </bndbox>
  </object>
  <object>
    <name>ra</name>
    <pose/>
    <truncated/>
    <difficult/>
    <bndbox>
      <xmin>1163.5890410958905</xmin>
      <ymin>576.931506849315</ymin>
      <xmax>1377.2876712328768</xmax>
      <ymax>779.6712328767123</ymax>
    </bndbox>
  </object>
</annotation>
