<annotation>
  <folder/>
  <filename>IMG_20200523_173224.jpg</filename>
  <database/>
  <annotation/>
  <image/>
  <size>
    <height>1338</height>
    <width>1052</width>
    <depth>3</depth>
  </size>
  <segmented/>
  <object>
    <name>ba</name>
    <pose/>
    <truncated/>
    <difficult/>
    <bndbox>
      <xmin>23.941176470588175</xmin>
      <ymin>49.8235294117647</ymin>
      <xmax>247.47058823529403</xmax>
      <ymax>249.8235294117647</ymax>
    </bndbox>
  </object>
  <object>
    <name>ha</name>
    <pose/>
    <truncated/>
    <difficult/>
    <bndbox>
      <xmin>398.94117647058806</xmin>
      <ymin>33.647058823529406</ymin>
      <xmax>637.1764705882351</xmax>
      <ymax>226.2941176470588</ymax>
    </bndbox>
  </object>
  <object>
    <name>ta</name>
    <pose/>
    <truncated/>
    <difficult/>
    <bndbox>
      <xmin>781.2941176470588</xmin>
      <ymin>76.29411764705881</ymin>
      <xmax>968.0588235294117</xmax>
      <ymax>260.11764705882354</ymax>
    </bndbox>
  </object>
  <object>
    <name>ja</name>
    <pose/>
    <truncated/>
    <difficult/>
    <bndbox>
      <xmin>7.764705882352928</xmin>
      <ymin>643.9411764705882</ymin>
      <xmax>285.7058823529411</xmax>
      <ymax>893.9411764705882</ymax>
    </bndbox>
  </object>
  <object>
    <name>wa</name>
    <pose/>
    <truncated/>
    <difficult/>
    <bndbox>
      <xmin>388.6470588235294</xmin>
      <ymin>679.235294117647</ymin>
      <xmax>629.8235294117646</xmax>
      <ymax>867.470588235294</ymax>
    </bndbox>
  </object>
  <object>
    <name>ya</name>
    <pose/>
    <truncated/>
    <difficult/>
    <bndbox>
      <xmin>806.2941176470588</xmin>
      <ymin>699.8235294117646</ymin>
      <xmax>1023.9411764705881</xmax>
      <ymax>877.7647058823529</ymax>
    </bndbox>
  </object>
</annotation>
