<annotation>
  <folder/>
  <filename>IMG_E1550.jpg</filename>
  <database/>
  <annotation/>
  <image/>
  <size>
    <height>3015</height>
    <width>2764</width>
    <depth>3</depth>
  </size>
  <segmented/>
  <object>
    <name>ma</name>
    <pose/>
    <truncated/>
    <difficult/>
    <bndbox>
      <xmin>82.33333333333348</xmin>
      <ymin>56.66666666666667</ymin>
      <xmax>809.0</xmax>
      <ymax>510.0</ymax>
    </bndbox>
  </object>
  <object>
    <name>ha</name>
    <pose/>
    <truncated/>
    <difficult/>
    <bndbox>
      <xmin>1055.666666666667</xmin>
      <ymin>110.0</ymin>
      <xmax>1675.666666666667</xmax>
      <ymax>606.6666666666667</ymax>
    </bndbox>
  </object>
  <object>
    <name>a</name>
    <pose/>
    <truncated/>
    <difficult/>
    <bndbox>
      <xmin>1902.3333333333335</xmin>
      <ymin>220.0</ymin>
      <xmax>2555.666666666667</xmax>
      <ymax>586.6666666666667</ymax>
    </bndbox>
  </object>
  <object>
    <name>nya</name>
    <pose/>
    <truncated/>
    <difficult/>
    <bndbox>
      <xmin>315.66666666666674</xmin>
      <ymin>1453.3333333333335</ymin>
      <xmax>879.0</xmax>
      <ymax>2153.3333333333335</ymax>
    </bndbox>
  </object>
  <object>
    <name>ja</name>
    <pose/>
    <truncated/>
    <difficult/>
    <bndbox>
      <xmin>1219.0</xmin>
      <ymin>1576.6666666666667</ymin>
      <xmax>1882.3333333333335</xmax>
      <ymax>2153.3333333333335</ymax>
    </bndbox>
  </object>
  <object>
    <name>ta</name>
    <pose/>
    <truncated/>
    <difficult/>
    <bndbox>
      <xmin>2069.0</xmin>
      <ymin>1560.0</ymin>
      <xmax>2559.0</xmax>
      <ymax>2110.0</ymax>
    </bndbox>
  </object>
</annotation>
