<annotation>
  <folder/>
  <filename>IMG_E9046.jpg</filename>
  <database/>
  <annotation/>
  <image/>
  <size>
    <height>1496</height>
    <width>2918</width>
    <depth>3</depth>
  </size>
  <segmented/>
  <object>
    <name>wa</name>
    <pose/>
    <truncated/>
    <difficult/>
    <bndbox>
      <xmin>37.0</xmin>
      <ymin>200.0</ymin>
      <xmax>485.0</xmax>
      <ymax>562.0</ymax>
    </bndbox>
  </object>
  <object>
    <name>ge</name>
    <pose/>
    <truncated/>
    <difficult/>
    <bndbox>
      <xmin>833.0</xmin>
      <ymin>2.0</ymin>
      <xmax>1405.0</xmax>
      <ymax>496.0</ymax>
    </bndbox>
  </object>
  <object>
    <name>u</name>
    <pose/>
    <truncated/>
    <difficult/>
    <bndbox>
      <xmin>1679.0</xmin>
      <ymin>130.0</ymin>
      <xmax>2145.0</xmax>
      <ymax>550.0</ymax>
    </bndbox>
  </object>
  <object>
    <name>p</name>
    <pose/>
    <truncated/>
    <difficult/>
    <bndbox>
      <xmin>2419.0</xmin>
      <ymin>150.0</ymin>
      <xmax>2911.0</xmax>
      <ymax>480.0</ymax>
    </bndbox>
  </object>
</annotation>
