<annotation>
  <folder/>
  <filename>IMG_20200523_123438.jpg</filename>
  <database/>
  <annotation/>
  <image/>
  <size>
    <height>1182</height>
    <width>2004</width>
    <depth>3</depth>
  </size>
  <segmented/>
  <object>
    <name>ga</name>
    <pose/>
    <truncated/>
    <difficult/>
    <bndbox>
      <xmin>83.46153846153845</xmin>
      <ymin>16.666666666666668</ymin>
      <xmax>337.3076923076923</xmax>
      <ymax>169.23076923076923</ymax>
    </bndbox>
  </object>
  <object>
    <name>nga</name>
    <pose/>
    <truncated/>
    <difficult/>
    <bndbox>
      <xmin>848.8461538461538</xmin>
      <ymin>25.64102564102564</ymin>
      <xmax>1048.8461538461538</xmax>
      <ymax>198.7179487179487</ymax>
    </bndbox>
  </object>
  <object>
    <name>pa</name>
    <pose/>
    <truncated/>
    <difficult/>
    <bndbox>
      <xmin>1595.0</xmin>
      <ymin>28.205128205128204</ymin>
      <xmax>1859.102564102564</xmax>
      <ymax>189.74358974358972</ymax>
    </bndbox>
  </object>
  <object>
    <name>ra</name>
    <pose/>
    <truncated/>
    <difficult/>
    <bndbox>
      <xmin>25.769230769230766</xmin>
      <ymin>607.6923076923076</ymin>
      <xmax>253.97435897435895</xmax>
      <ymax>829.4871794871794</ymax>
    </bndbox>
  </object>
  <object>
    <name>ba</name>
    <pose/>
    <truncated/>
    <difficult/>
    <bndbox>
      <xmin>801.4102564102564</xmin>
      <ymin>673.0769230769231</ymin>
      <xmax>1065.5128205128206</xmax>
      <ymax>885.8974358974359</ymax>
    </bndbox>
  </object>
  <object>
    <name>ha</name>
    <pose/>
    <truncated/>
    <difficult/>
    <bndbox>
      <xmin>1569.3589743589744</xmin>
      <ymin>720.5128205128204</ymin>
      <xmax>1816.7948717948718</xmax>
      <ymax>928.2051282051282</ymax>
    </bndbox>
  </object>
</annotation>
