<annotation>
  <folder/>
  <filename>IMG_E9056.jpg</filename>
  <database/>
  <annotation/>
  <image/>
  <size>
    <height>2953</height>
    <width>2915</width>
    <depth>3</depth>
  </size>
  <segmented/>
  <object>
    <name>pa</name>
    <pose/>
    <truncated/>
    <difficult/>
    <bndbox>
      <xmin>164.0</xmin>
      <ymin>177.45161290322582</ymin>
      <xmax>715.6129032258066</xmax>
      <ymax>522.6129032258065</ymax>
    </bndbox>
  </object>
  <object>
    <name>n</name>
    <pose/>
    <truncated/>
    <difficult/>
    <bndbox>
      <xmin>831.741935483871</xmin>
      <ymin>141.96774193548387</ymin>
      <xmax>1512.3870967741937</xmax>
      <ymax>700.0322580645161</ymax>
    </bndbox>
  </object>
  <object>
    <name>do</name>
    <pose/>
    <truncated/>
    <difficult/>
    <bndbox>
      <xmin>1622.0645161290322</xmin>
      <ymin>145.19354838709677</ymin>
      <xmax>2283.3548387096776</xmax>
      <ymax>638.741935483871</ymax>
    </bndbox>
  </object>
  <object>
    <name>ra</name>
    <pose/>
    <truncated/>
    <difficult/>
    <bndbox>
      <xmin>2480.1290322580644</xmin>
      <ymin>241.9677419354839</ymin>
      <xmax>2834.967741935484</xmax>
      <ymax>525.8387096774194</ymax>
    </bndbox>
  </object>
  <object>
    <name>bo</name>
    <pose/>
    <truncated/>
    <difficult/>
    <bndbox>
      <xmin>180.12903225806463</xmin>
      <ymin>1625.8387096774193</ymin>
      <xmax>818.8387096774193</xmax>
      <ymax>2035.516129032258</ymax>
    </bndbox>
  </object>
  <object>
    <name>g</name>
    <pose/>
    <truncated/>
    <difficult/>
    <bndbox>
      <xmin>960.7741935483871</xmin>
      <ymin>1645.1935483870968</ymin>
      <xmax>1618.8387096774195</xmax>
      <ymax>2035.516129032258</ymax>
    </bndbox>
  </object>
  <object>
    <name>s</name>
    <pose/>
    <truncated/>
    <difficult/>
    <bndbox>
      <xmin>1789.8064516129034</xmin>
      <ymin>1600.032258064516</ymin>
      <xmax>2338.1935483870966</xmax>
      <ymax>2054.8709677419356</ymax>
    </bndbox>
  </object>
</annotation>
