<annotation>
  <folder/>
  <filename>IMG_E1381.jpg</filename>
  <database/>
  <annotation/>
  <image/>
  <size>
    <height>2876</height>
    <width>2636</width>
    <depth>3</depth>
  </size>
  <segmented/>
  <object>
    <name>ja</name>
    <pose/>
    <truncated/>
    <difficult/>
    <bndbox>
      <xmin>148.375</xmin>
      <ymin>136.625</ymin>
      <xmax>726.5</xmax>
      <ymax>542.875</ymax>
    </bndbox>
  </object>
  <object>
    <name>pa</name>
    <pose/>
    <truncated/>
    <difficult/>
    <bndbox>
      <xmin>848.375</xmin>
      <ymin>186.625</ymin>
      <xmax>1348.375</xmax>
      <ymax>502.25</ymax>
    </bndbox>
  </object>
  <object>
    <name>ra</name>
    <pose/>
    <truncated/>
    <difficult/>
    <bndbox>
      <xmin>1429.625</xmin>
      <ymin>183.5</ymin>
      <xmax>1973.375</xmax>
      <ymax>617.875</ymax>
    </bndbox>
  </object>
  <object>
    <name>ha</name>
    <pose/>
    <truncated/>
    <difficult/>
    <bndbox>
      <xmin>2092.125</xmin>
      <ymin>208.5</ymin>
      <xmax>2592.125</xmax>
      <ymax>689.75</ymax>
    </bndbox>
  </object>
  <object>
    <name>ga</name>
    <pose/>
    <truncated/>
    <difficult/>
    <bndbox>
      <xmin>354.625</xmin>
      <ymin>1596.0</ymin>
      <xmax>817.125</xmax>
      <ymax>1992.875</ymax>
    </bndbox>
  </object>
  <object>
    <name>sa</name>
    <pose/>
    <truncated/>
    <difficult/>
    <bndbox>
      <xmin>1089.0</xmin>
      <ymin>1630.375</ymin>
      <xmax>1607.75</xmax>
      <ymax>2074.125</ymax>
    </bndbox>
  </object>
  <object>
    <name>la</name>
    <pose/>
    <truncated/>
    <difficult/>
    <bndbox>
      <xmin>1854.625</xmin>
      <ymin>1649.125</ymin>
      <xmax>2448.375</xmax>
      <ymax>2067.875</ymax>
    </bndbox>
  </object>
</annotation>
