<annotation>
  <folder/>
  <filename>IMG_20200523_172102.jpg</filename>
  <database/>
  <annotation/>
  <image/>
  <size>
    <height>1312</height>
    <width>1244</width>
    <depth>3</depth>
  </size>
  <segmented/>
  <object>
    <name>pa</name>
    <pose/>
    <truncated/>
    <difficult/>
    <bndbox>
      <xmin>30.0</xmin>
      <ymin>95.57142857142856</ymin>
      <xmax>342.8571428571428</xmax>
      <ymax>309.85714285714283</ymax>
    </bndbox>
  </object>
  <object>
    <name>ra</name>
    <pose/>
    <truncated/>
    <difficult/>
    <bndbox>
      <xmin>452.8571428571428</xmin>
      <ymin>74.14285714285714</ymin>
      <xmax>757.1428571428571</xmax>
      <ymax>251.28571428571425</ymax>
    </bndbox>
  </object>
  <object>
    <name>nga</name>
    <pose/>
    <truncated/>
    <difficult/>
    <bndbox>
      <xmin>908.5714285714284</xmin>
      <ymin>95.57142857142856</ymin>
      <xmax>1104.2857142857142</xmax>
      <ymax>242.7142857142857</ymax>
    </bndbox>
  </object>
  <object>
    <name>ha</name>
    <pose/>
    <truncated/>
    <difficult/>
    <bndbox>
      <xmin>54.28571428571422</xmin>
      <ymin>729.8571428571428</ymin>
      <xmax>279.9999999999999</xmax>
      <ymax>935.5714285714284</ymax>
    </bndbox>
  </object>
  <object>
    <name>ba</name>
    <pose/>
    <truncated/>
    <difficult/>
    <bndbox>
      <xmin>538.5714285714284</xmin>
      <ymin>721.2857142857142</ymin>
      <xmax>741.4285714285713</xmax>
      <ymax>862.7142857142857</ymax>
    </bndbox>
  </object>
  <object>
    <name>ya</name>
    <pose/>
    <truncated/>
    <difficult/>
    <bndbox>
      <xmin>939.9999999999998</xmin>
      <ymin>685.5714285714286</ymin>
      <xmax>1201.4285714285713</xmax>
      <ymax>844.1428571428571</ymax>
    </bndbox>
  </object>
</annotation>
