<annotation>
  <folder/>
  <filename>IMG_20200522_192936.jpg</filename>
  <database/>
  <annotation/>
  <image/>
  <size>
    <height>2266</height>
    <width>3032</width>
    <depth>3</depth>
  </size>
  <segmented/>
  <object>
    <name>ja</name>
    <pose/>
    <truncated/>
    <difficult/>
    <bndbox>
      <xmin>41.0</xmin>
      <ymin>30.0</ymin>
      <xmax>378.5</xmax>
      <ymax>320.0</ymax>
    </bndbox>
  </object>
  <object>
    <name>la</name>
    <pose/>
    <truncated/>
    <difficult/>
    <bndbox>
      <xmin>1221.0</xmin>
      <ymin>67.5</ymin>
      <xmax>1613.5</xmax>
      <ymax>400.0</ymax>
    </bndbox>
  </object>
  <object>
    <name>wa</name>
    <pose/>
    <truncated/>
    <difficult/>
    <bndbox>
      <xmin>2433.5</xmin>
      <ymin>100.0</ymin>
      <xmax>2858.5</xmax>
      <ymax>417.5</ymax>
    </bndbox>
  </object>
  <object>
    <name>sa</name>
    <pose/>
    <truncated/>
    <difficult/>
    <bndbox>
      <xmin>33.5</xmin>
      <ymin>1235.0</ymin>
      <xmax>338.5</xmax>
      <ymax>1602.5</ymax>
    </bndbox>
  </object>
  <object>
    <name>nga</name>
    <pose/>
    <truncated/>
    <difficult/>
    <bndbox>
      <xmin>1251.0</xmin>
      <ymin>1335.0</ymin>
      <xmax>1641.0</xmax>
      <ymax>1675.0</ymax>
    </bndbox>
  </object>
  <object>
    <name>na</name>
    <pose/>
    <truncated/>
    <difficult/>
    <bndbox>
      <xmin>2458.5</xmin>
      <ymin>1252.5</ymin>
      <xmax>2916.0</xmax>
      <ymax>1615.0</ymax>
    </bndbox>
  </object>
</annotation>
