<annotation>
  <folder/>
  <filename>IMG_20200523_115200.jpg</filename>
  <database/>
  <annotation/>
  <image/>
  <size>
    <height>1996</height>
    <width>3048</width>
    <depth>3</depth>
  </size>
  <segmented/>
  <object>
    <name>ba</name>
    <pose/>
    <truncated/>
    <difficult/>
    <bndbox>
      <xmin>98.60869565217388</xmin>
      <ymin>125.43478260869566</ymin>
      <xmax>648.6086956521739</xmax>
      <ymax>499.3478260869565</ymax>
    </bndbox>
  </object>
  <object>
    <name>da</name>
    <pose/>
    <truncated/>
    <difficult/>
    <bndbox>
      <xmin>1379.0434782608695</xmin>
      <ymin>118.91304347826086</ymin>
      <xmax>1707.3043478260868</xmax>
      <ymax>527.6086956521739</ymax>
    </bndbox>
  </object>
  <object>
    <name>ya</name>
    <pose/>
    <truncated/>
    <difficult/>
    <bndbox>
      <xmin>2574.695652173913</xmin>
      <ymin>177.6086956521739</ymin>
      <xmax>3037.7391304347825</xmax>
      <ymax>481.95652173913044</ymax>
    </bndbox>
  </object>
  <object>
    <name>nya</name>
    <pose/>
    <truncated/>
    <difficult/>
    <bndbox>
      <xmin>200.78260869565213</xmin>
      <ymin>1008.0434782608695</ymin>
      <xmax>535.5652173913044</xmax>
      <ymax>1329.782608695652</ymax>
    </bndbox>
  </object>
  <object>
    <name>nga</name>
    <pose/>
    <truncated/>
    <difficult/>
    <bndbox>
      <xmin>1370.3478260869565</xmin>
      <ymin>1055.8695652173913</ymin>
      <xmax>1768.1739130434783</xmax>
      <ymax>1418.9130434782608</ymax>
    </bndbox>
  </object>
  <object>
    <name>na</name>
    <pose/>
    <truncated/>
    <difficult/>
    <bndbox>
      <xmin>2681.2173913043475</xmin>
      <ymin>1092.8260869565217</ymin>
      <xmax>3042.086956521739</xmax>
      <ymax>1477.6086956521738</ymax>
    </bndbox>
  </object>
</annotation>
