<annotation>
  <folder/>
  <filename>IMG_E1744.jpg</filename>
  <database/>
  <annotation/>
  <image/>
  <size>
    <height>3055</height>
    <width>2382</width>
    <depth>3</depth>
  </size>
  <segmented/>
  <object>
    <name>ra</name>
    <pose/>
    <truncated/>
    <difficult/>
    <bndbox>
      <xmin>71.33333333333348</xmin>
      <ymin>110.0</ymin>
      <xmax>664.666666666667</xmax>
      <ymax>553.3333333333334</ymax>
    </bndbox>
  </object>
  <object>
    <name>sa</name>
    <pose/>
    <truncated/>
    <difficult/>
    <bndbox>
      <xmin>958.0</xmin>
      <ymin>133.33333333333334</ymin>
      <xmax>1431.3333333333335</xmax>
      <ymax>653.3333333333334</ymax>
    </bndbox>
  </object>
  <object>
    <name>nga</name>
    <pose/>
    <truncated/>
    <difficult/>
    <bndbox>
      <xmin>1558.0</xmin>
      <ymin>150.0</ymin>
      <xmax>2004.666666666667</xmax>
      <ymax>640.0</ymax>
    </bndbox>
  </object>
  <object>
    <name>ya</name>
    <pose/>
    <truncated/>
    <difficult/>
    <bndbox>
      <xmin>231.33333333333348</xmin>
      <ymin>1653.3333333333335</ymin>
      <xmax>824.666666666667</xmax>
      <ymax>2006.6666666666667</ymax>
    </bndbox>
  </object>
  <object>
    <name>la</name>
    <pose/>
    <truncated/>
    <difficult/>
    <bndbox>
      <xmin>1054.666666666667</xmin>
      <ymin>1726.6666666666667</ymin>
      <xmax>1598.0</xmax>
      <ymax>2060.0</ymax>
    </bndbox>
  </object>
  <object>
    <name>ma</name>
    <pose/>
    <truncated/>
    <difficult/>
    <bndbox>
      <xmin>1754.666666666667</xmin>
      <ymin>1786.6666666666667</ymin>
      <xmax>2304.666666666667</xmax>
      <ymax>2116.666666666667</ymax>
    </bndbox>
  </object>
</annotation>
