<annotation>
  <folder/>
  <filename>IMG_E1430.jpg</filename>
  <database/>
  <annotation/>
  <image/>
  <size>
    <height>2900</height>
    <width>2495</width>
    <depth>3</depth>
  </size>
  <segmented/>
  <object>
    <name>da</name>
    <pose/>
    <truncated/>
    <difficult/>
    <bndbox>
      <xmin>134.80645161290317</xmin>
      <ymin>78.12903225806451</ymin>
      <xmax>763.8387096774195</xmax>
      <ymax>587.8064516129032</ymax>
    </bndbox>
  </object>
  <object>
    <name>wa</name>
    <pose/>
    <truncated/>
    <difficult/>
    <bndbox>
      <xmin>892.8709677419356</xmin>
      <ymin>194.25806451612902</ymin>
      <xmax>1544.483870967742</xmax>
      <ymax>639.4193548387096</ymax>
    </bndbox>
  </object>
  <object>
    <name>nga</name>
    <pose/>
    <truncated/>
    <difficult/>
    <bndbox>
      <xmin>1718.6774193548385</xmin>
      <ymin>200.70967741935485</ymin>
      <xmax>2189.6451612903224</xmax>
      <ymax>723.2903225806451</ymax>
    </bndbox>
  </object>
  <object>
    <name>pa</name>
    <pose/>
    <truncated/>
    <difficult/>
    <bndbox>
      <xmin>183.19354838709683</xmin>
      <ymin>1645.8709677419356</ymin>
      <xmax>709.0</xmax>
      <ymax>1997.483870967742</ymax>
    </bndbox>
  </object>
  <object>
    <name>a</name>
    <pose/>
    <truncated/>
    <difficult/>
    <bndbox>
      <xmin>915.4516129032259</xmin>
      <ymin>1587.8064516129032</ymin>
      <xmax>1670.2903225806454</xmax>
      <ymax>2039.4193548387098</ymax>
    </bndbox>
  </object>
  <object>
    <name>sa</name>
    <pose/>
    <truncated/>
    <difficult/>
    <bndbox>
      <xmin>1870.2903225806454</xmin>
      <ymin>1658.774193548387</ymin>
      <xmax>2357.3870967741937</xmax>
      <ymax>2107.1612903225805</ymax>
    </bndbox>
  </object>
</annotation>
