<annotation>
  <folder/>
  <filename>IMG_E1418.jpg</filename>
  <database/>
  <annotation/>
  <image/>
  <size>
    <height>2538</height>
    <width>2798</width>
    <depth>3</depth>
  </size>
  <segmented/>
  <object>
    <name>ra</name>
    <pose/>
    <truncated/>
    <difficult/>
    <bndbox>
      <xmin>157.44444444444446</xmin>
      <ymin>107.44444444444444</ymin>
      <xmax>721.3333333333335</xmax>
      <ymax>507.44444444444446</ymax>
    </bndbox>
  </object>
  <object>
    <name>na</name>
    <pose/>
    <truncated/>
    <difficult/>
    <bndbox>
      <xmin>915.7777777777778</xmin>
      <ymin>176.88888888888889</ymin>
      <xmax>1476.8888888888891</xmax>
      <ymax>626.8888888888889</ymax>
    </bndbox>
  </object>
  <object>
    <name>la</name>
    <pose/>
    <truncated/>
    <difficult/>
    <bndbox>
      <xmin>1682.4444444444443</xmin>
      <ymin>182.44444444444446</ymin>
      <xmax>2371.3333333333335</xmax>
      <ymax>560.2222222222223</ymax>
    </bndbox>
  </object>
  <object>
    <name>ma</name>
    <pose/>
    <truncated/>
    <difficult/>
    <bndbox>
      <xmin>113.0</xmin>
      <ymin>1379.6666666666667</ymin>
      <xmax>904.6666666666667</xmax>
      <ymax>1813.0</ymax>
    </bndbox>
  </object>
  <object>
    <name>ja</name>
    <pose/>
    <truncated/>
    <difficult/>
    <bndbox>
      <xmin>1096.3333333333335</xmin>
      <ymin>1360.2222222222222</ymin>
      <xmax>1810.2222222222222</xmax>
      <ymax>1746.3333333333335</ymax>
    </bndbox>
  </object>
  <object>
    <name>wa</name>
    <pose/>
    <truncated/>
    <difficult/>
    <bndbox>
      <xmin>2013.0</xmin>
      <ymin>1365.7777777777778</ymin>
      <xmax>2721.3333333333335</xmax>
      <ymax>1746.3333333333335</ymax>
    </bndbox>
  </object>
</annotation>
