<annotation>
  <folder/>
  <filename>IMG_E1768.jpg</filename>
  <database/>
  <annotation/>
  <image/>
  <size>
    <height>2917</height>
    <width>2500</width>
    <depth>3</depth>
  </size>
  <segmented/>
  <object>
    <name>nya</name>
    <pose/>
    <truncated/>
    <difficult/>
    <bndbox>
      <xmin>102.32258064516122</xmin>
      <ymin>21.612903225806456</ymin>
      <xmax>641.0322580645161</xmax>
      <ymax>479.6774193548387</ymax>
    </bndbox>
  </object>
  <object>
    <name>ra</name>
    <pose/>
    <truncated/>
    <difficult/>
    <bndbox>
      <xmin>863.6129032258063</xmin>
      <ymin>124.83870967741936</ymin>
      <xmax>1479.7419354838712</xmax>
      <ymax>557.0967741935484</ymax>
    </bndbox>
  </object>
  <object>
    <name>sa</name>
    <pose/>
    <truncated/>
    <difficult/>
    <bndbox>
      <xmin>1695.8709677419356</xmin>
      <ymin>189.3548387096774</ymin>
      <xmax>2199.0967741935483</xmax>
      <ymax>708.7096774193549</ymax>
    </bndbox>
  </object>
  <object>
    <name>ma</name>
    <pose/>
    <truncated/>
    <difficult/>
    <bndbox>
      <xmin>24.9032258064517</xmin>
      <ymin>1692.5806451612902</ymin>
      <xmax>705.5483870967741</xmax>
      <ymax>2105.483870967742</ymax>
    </bndbox>
  </object>
  <object>
    <name>na</name>
    <pose/>
    <truncated/>
    <difficult/>
    <bndbox>
      <xmin>999.0967741935483</xmin>
      <ymin>1773.225806451613</ymin>
      <xmax>1550.7096774193546</xmax>
      <ymax>2205.483870967742</ymax>
    </bndbox>
  </object>
  <object>
    <name>ga</name>
    <pose/>
    <truncated/>
    <difficult/>
    <bndbox>
      <xmin>1795.8709677419356</xmin>
      <ymin>1744.1935483870968</ymin>
      <xmax>2360.3870967741937</xmax>
      <ymax>2134.516129032258</ymax>
    </bndbox>
  </object>
</annotation>
