<annotation>
  <folder/>
  <filename>IMG_20200506_101725.jpg</filename>
  <database/>
  <annotation/>
  <image/>
  <size>
    <height>1606</height>
    <width>2478</width>
    <depth>3</depth>
  </size>
  <segmented/>
  <object>
    <name>ba</name>
    <pose/>
    <truncated/>
    <difficult/>
    <bndbox>
      <xmin>142.75862068965517</xmin>
      <ymin>144.55172413793105</ymin>
      <xmax>460.00000000000006</xmax>
      <ymax>370.4137931034483</ymax>
    </bndbox>
  </object>
  <object>
    <name>sa</name>
    <pose/>
    <truncated/>
    <difficult/>
    <bndbox>
      <xmin>99.65517241379311</xmin>
      <ymin>1116.9655172413793</ymin>
      <xmax>306.55172413793105</xmax>
      <ymax>1372.1379310344828</ymax>
    </bndbox>
  </object>
  <object>
    <name>rang</name>
    <pose/>
    <truncated/>
    <difficult/>
    <bndbox>
      <xmin>654.8275862068966</xmin>
      <ymin>177.31034482758622</ymin>
      <xmax>984.1379310344828</xmax>
      <ymax>368.68965517241384</ymax>
    </bndbox>
  </object>
  <object>
    <name>ge</name>
    <pose/>
    <truncated/>
    <difficult/>
    <bndbox>
      <xmin>641.0344827586207</xmin>
      <ymin>1141.103448275862</ymin>
      <xmax>1018.6206896551726</xmax>
      <ymax>1342.8275862068967</ymax>
    </bndbox>
  </object>
  <object>
    <name>na</name>
    <pose/>
    <truncated/>
    <difficult/>
    <bndbox>
      <xmin>1313.448275862069</xmin>
      <ymin>1118.689655172414</ymin>
      <xmax>1630.689655172414</xmax>
      <ymax>1380.7586206896553</ymax>
    </bndbox>
  </object>
  <object>
    <name>bi</name>
    <pose/>
    <truncated/>
    <difficult/>
    <bndbox>
      <xmin>1401.3793103448277</xmin>
      <ymin>263.51724137931035</ymin>
      <xmax>1703.103448275862</xmax>
      <ymax>410.0689655172414</ymax>
    </bndbox>
  </object>
  <object>
    <name>na</name>
    <pose/>
    <truncated/>
    <difficult/>
    <bndbox>
      <xmin>1908.2758620689656</xmin>
      <ymin>311.7931034482759</ymin>
      <xmax>2189.3103448275865</xmax>
      <ymax>539.3793103448277</ymax>
    </bndbox>
  </object>
  <object>
    <name>p</name>
    <pose/>
    <truncated/>
    <difficult/>
    <bndbox>
      <xmin>1849.6551724137933</xmin>
      <ymin>1080.7586206896553</ymin>
      <xmax>2253.1034482758623</xmax>
      <ymax>1254.896551724138</ymax>
    </bndbox>
  </object>
</annotation>
