<annotation>
  <folder/>
  <filename>IMG_E8978.jpg</filename>
  <database/>
  <annotation/>
  <image/>
  <size>
    <height>1342</height>
    <width>2874</width>
    <depth>3</depth>
  </size>
  <segmented/>
  <object>
    <name>be</name>
    <pose/>
    <truncated/>
    <difficult/>
    <bndbox>
      <xmin>22.215686274509807</xmin>
      <ymin>24.627450980392155</ymin>
      <xmax>586.9215686274509</xmax>
      <ymax>461.88235294117646</ymax>
    </bndbox>
  </object>
  <object>
    <name>ru</name>
    <pose/>
    <truncated/>
    <difficult/>
    <bndbox>
      <xmin>790.843137254902</xmin>
      <ymin>105.01960784313724</ymin>
      <xmax>1304.5686274509803</xmax>
      <ymax>577.5686274509803</ymax>
    </bndbox>
  </object>
  <object>
    <name>wa</name>
    <pose/>
    <truncated/>
    <difficult/>
    <bndbox>
      <xmin>1459.4705882352941</xmin>
      <ymin>77.56862745098039</ymin>
      <xmax>1979.078431372549</xmax>
      <ymax>489.33333333333337</ymax>
    </bndbox>
  </object>
  <object>
    <name>m</name>
    <pose/>
    <truncated/>
    <difficult/>
    <bndbox>
      <xmin>2112.4117647058824</xmin>
      <ymin>105.01960784313724</ymin>
      <xmax>2775.156862745098</xmax>
      <ymax>491.2941176470588</ymax>
    </bndbox>
  </object>
</annotation>
