<annotation>
  <folder/>
  <filename>IMG_E0896.jpg</filename>
  <database/>
  <annotation/>
  <image/>
  <size>
    <height>3093</height>
    <width>2667</width>
    <depth>3</depth>
  </size>
  <segmented/>
  <object>
    <name>la</name>
    <pose/>
    <truncated/>
    <difficult/>
    <bndbox>
      <xmin>85.51724137931046</xmin>
      <ymin>176.6896551724138</ymin>
      <xmax>602.7586206896553</xmax>
      <ymax>514.6206896551724</ymax>
    </bndbox>
  </object>
  <object>
    <name>ga</name>
    <pose/>
    <truncated/>
    <difficult/>
    <bndbox>
      <xmin>775.1724137931037</xmin>
      <ymin>152.55172413793105</ymin>
      <xmax>1251.034482758621</xmax>
      <ymax>552.551724137931</ymax>
    </bndbox>
  </object>
  <object>
    <name>nya</name>
    <pose/>
    <truncated/>
    <difficult/>
    <bndbox>
      <xmin>1368.2758620689656</xmin>
      <ymin>121.51724137931035</ymin>
      <xmax>1771.7241379310349</xmax>
      <ymax>662.896551724138</ymax>
    </bndbox>
  </object>
  <object>
    <name>wa</name>
    <pose/>
    <truncated/>
    <difficult/>
    <bndbox>
      <xmin>1895.8620689655177</xmin>
      <ymin>162.89655172413794</ymin>
      <xmax>2413.1034482758623</xmax>
      <ymax>562.896551724138</ymax>
    </bndbox>
  </object>
  <object>
    <name>ba</name>
    <pose/>
    <truncated/>
    <difficult/>
    <bndbox>
      <xmin>257.93103448275883</xmin>
      <ymin>1462.8965517241381</ymin>
      <xmax>816.5517241379312</xmax>
      <ymax>1931.8620689655174</ymax>
    </bndbox>
  </object>
  <object>
    <name>ha</name>
    <pose/>
    <truncated/>
    <difficult/>
    <bndbox>
      <xmin>985.5172413793107</xmin>
      <ymin>1456.0</ymin>
      <xmax>1451.034482758621</xmax>
      <ymax>1952.5517241379312</ymax>
    </bndbox>
  </object>
  <object>
    <name>ta</name>
    <pose/>
    <truncated/>
    <difficult/>
    <bndbox>
      <xmin>1657.9310344827586</xmin>
      <ymin>1459.448275862069</ymin>
      <xmax>2095.8620689655177</xmax>
      <ymax>2031.8620689655172</ymax>
    </bndbox>
  </object>
  <object>
    <name>pa</name>
    <pose/>
    <truncated/>
    <difficult/>
    <bndbox>
      <xmin>2144.137931034483</xmin>
      <ymin>1587.0344827586207</ymin>
      <xmax>2513.1034482758623</xmax>
      <ymax>1821.5172413793105</ymax>
    </bndbox>
  </object>
</annotation>
