<annotation>
  <folder/>
  <filename>IMG_E8825.jpg</filename>
  <database/>
  <annotation/>
  <image/>
  <size>
    <height>3251</height>
    <width>2898</width>
    <depth>3</depth>
  </size>
  <segmented/>
  <object>
    <name>wo</name>
    <pose/>
    <truncated/>
    <difficult/>
    <bndbox>
      <xmin>37.42857142857133</xmin>
      <ymin>22.285714285714278</ymin>
      <xmax>805.2857142857142</xmax>
      <ymax>568.7142857142857</ymax>
    </bndbox>
  </object>
  <object>
    <name>l</name>
    <pose/>
    <truncated/>
    <difficult/>
    <bndbox>
      <xmin>1008.8571428571427</xmin>
      <ymin>11.57142857142857</ymin>
      <xmax>1905.2857142857138</xmax>
      <ymax>518.7142857142857</ymax>
    </bndbox>
  </object>
  <object>
    <name>di</name>
    <pose/>
    <truncated/>
    <difficult/>
    <bndbox>
      <xmin>2090.9999999999995</xmin>
      <ymin>11.57142857142857</ymin>
      <xmax>2794.5714285714284</xmax>
      <ymax>561.5714285714286</ymax>
    </bndbox>
  </object>
  <object>
    <name>ngi</name>
    <pose/>
    <truncated/>
    <difficult/>
    <bndbox>
      <xmin>226.71428571428555</xmin>
      <ymin>1907.9999999999998</ymin>
      <xmax>912.4285714285711</xmax>
      <ymax>2350.8571428571427</ymax>
    </bndbox>
  </object>
  <object>
    <name>n</name>
    <pose/>
    <truncated/>
    <difficult/>
    <bndbox>
      <xmin>1294.5714285714284</xmin>
      <ymin>1857.9999999999998</ymin>
      <xmax>2162.428571428571</xmax>
      <ymax>2432.9999999999995</ymax>
    </bndbox>
  </object>
</annotation>
