<annotation>
  <folder/>
  <filename>IMG_E9090.jpg</filename>
  <database/>
  <annotation/>
  <image/>
  <size>
    <height>1115</height>
    <width>2978</width>
    <depth>3</depth>
  </size>
  <segmented/>
  <object>
    <name>ba</name>
    <pose/>
    <truncated/>
    <difficult/>
    <bndbox>
      <xmin>91.3265306122449</xmin>
      <ymin>66.22448979591837</ymin>
      <xmax>575.0</xmax>
      <ymax>370.30612244897964</ymax>
    </bndbox>
  </object>
  <object>
    <name>d</name>
    <pose/>
    <truncated/>
    <difficult/>
    <bndbox>
      <xmin>656.6326530612245</xmin>
      <ymin>82.55102040816325</ymin>
      <xmax>1177.0408163265306</xmax>
      <ymax>449.8979591836735</ymax>
    </bndbox>
  </object>
  <object>
    <name>ha</name>
    <pose/>
    <truncated/>
    <difficult/>
    <bndbox>
      <xmin>1342.3469387755101</xmin>
      <ymin>68.26530612244898</ymin>
      <xmax>1715.8163265306123</xmax>
      <ymax>394.795918367347</ymax>
    </bndbox>
  </object>
  <object>
    <name>bi</name>
    <pose/>
    <truncated/>
    <difficult/>
    <bndbox>
      <xmin>1842.3469387755101</xmin>
      <ymin>96.83673469387759</ymin>
      <xmax>2375.0</xmax>
      <ymax>415.20408163265313</ymax>
    </bndbox>
  </object>
  <object>
    <name>t</name>
    <pose/>
    <truncated/>
    <difficult/>
    <bndbox>
      <xmin>2426.0204081632655</xmin>
      <ymin>25.408163265306143</ymin>
      <xmax>2885.204081632653</xmax>
      <ymax>398.8775510204082</ymax>
    </bndbox>
  </object>
</annotation>
