<annotation>
  <folder/>
  <filename>IMG_20200504_200431.jpg</filename>
  <database/>
  <annotation/>
  <image/>
  <size>
    <height>1576</height>
    <width>1818</width>
    <depth>3</depth>
  </size>
  <segmented/>
  <object>
    <name>hang</name>
    <pose/>
    <truncated/>
    <difficult/>
    <bndbox>
      <xmin>101.15254237288138</xmin>
      <ymin>58.016949152542374</ymin>
      <xmax>411.3220338983051</xmax>
      <ymax>334.2881355932204</ymax>
    </bndbox>
  </object>
  <object>
    <name>te</name>
    <pose/>
    <truncated/>
    <difficult/>
    <bndbox>
      <xmin>624.8813559322034</xmin>
      <ymin>59.71186440677966</ymin>
      <xmax>896.0677966101696</xmax>
      <ymax>354.6271186440678</ymax>
    </bndbox>
  </object>
  <object>
    <name>ye</name>
    <pose/>
    <truncated/>
    <difficult/>
    <bndbox>
      <xmin>1243.5254237288136</xmin>
      <ymin>85.13559322033899</ymin>
      <xmax>1623.1864406779662</xmax>
      <ymax>346.1525423728814</ymax>
    </bndbox>
  </object>
  <object>
    <name>si</name>
    <pose/>
    <truncated/>
    <difficult/>
    <bndbox>
      <xmin>62.16949152542372</xmin>
      <ymin>795.3050847457628</ymin>
      <xmax>353.69491525423734</xmax>
      <ymax>1117.3389830508474</ymax>
    </bndbox>
  </object>
  <object>
    <name>tang</name>
    <pose/>
    <truncated/>
    <difficult/>
    <bndbox>
      <xmin>782.5084745762713</xmin>
      <ymin>876.6610169491526</ymin>
      <xmax>943.5254237288136</xmax>
      <ymax>1063.1016949152543</ymax>
    </bndbox>
  </object>
  <object>
    <name>pi</name>
    <pose/>
    <truncated/>
    <difficult/>
    <bndbox>
      <xmin>1404.542372881356</xmin>
      <ymin>925.8135593220339</ymin>
      <xmax>1733.3559322033898</xmax>
      <ymax>1083.4406779661017</ymax>
    </bndbox>
  </object>
</annotation>
