<annotation>
  <folder/>
  <filename>IMG_E1191.jpg</filename>
  <database/>
  <annotation/>
  <image/>
  <size>
    <height>2854</height>
    <width>2782</width>
    <depth>3</depth>
  </size>
  <segmented/>
  <object>
    <name>ga</name>
    <pose/>
    <truncated/>
    <difficult/>
    <bndbox>
      <xmin>47.5</xmin>
      <ymin>110.0</ymin>
      <xmax>663.125</xmax>
      <ymax>610.0</ymax>
    </bndbox>
  </object>
  <object>
    <name>pa</name>
    <pose/>
    <truncated/>
    <difficult/>
    <bndbox>
      <xmin>750.625</xmin>
      <ymin>131.875</ymin>
      <xmax>1272.5</xmax>
      <ymax>556.875</ymax>
    </bndbox>
  </object>
  <object>
    <name>ya</name>
    <pose/>
    <truncated/>
    <difficult/>
    <bndbox>
      <xmin>1385.0</xmin>
      <ymin>81.875</ymin>
      <xmax>2022.5</xmax>
      <ymax>525.625</ymax>
    </bndbox>
  </object>
  <object>
    <name>na</name>
    <pose/>
    <truncated/>
    <difficult/>
    <bndbox>
      <xmin>2081.875</xmin>
      <ymin>119.375</ymin>
      <xmax>2619.375</xmax>
      <ymax>547.5</ymax>
    </bndbox>
  </object>
  <object>
    <name>ta</name>
    <pose/>
    <truncated/>
    <difficult/>
    <bndbox>
      <xmin>160.0</xmin>
      <ymin>1488.125</ymin>
      <xmax>650.625</xmax>
      <ymax>2006.875</ymax>
    </bndbox>
  </object>
  <object>
    <name>ma</name>
    <pose/>
    <truncated/>
    <difficult/>
    <bndbox>
      <xmin>853.75</xmin>
      <ymin>1513.125</ymin>
      <xmax>1613.125</xmax>
      <ymax>2000.625</ymax>
    </bndbox>
  </object>
  <object>
    <name>wa</name>
    <pose/>
    <truncated/>
    <difficult/>
    <bndbox>
      <xmin>1816.25</xmin>
      <ymin>1597.5</ymin>
      <xmax>2478.75</xmax>
      <ymax>2097.5</ymax>
    </bndbox>
  </object>
</annotation>
