<annotation>
  <folder/>
  <filename>IMG_20200522_160036.jpg</filename>
  <database/>
  <annotation/>
  <image/>
  <size>
    <height>1978</height>
    <width>2924</width>
    <depth>3</depth>
  </size>
  <segmented/>
  <object>
    <name>nya</name>
    <pose/>
    <truncated/>
    <difficult/>
    <bndbox>
      <xmin>193.1304347826087</xmin>
      <ymin>18.608695652173914</ymin>
      <xmax>460.52173913043475</xmax>
      <ymax>236.0</ymax>
    </bndbox>
  </object>
  <object>
    <name>ra</name>
    <pose/>
    <truncated/>
    <difficult/>
    <bndbox>
      <xmin>1449.6521739130435</xmin>
      <ymin>155.56521739130434</ymin>
      <xmax>1754.0</xmax>
      <ymax>414.2608695652174</ymax>
    </bndbox>
  </object>
  <object>
    <name>na</name>
    <pose/>
    <truncated/>
    <difficult/>
    <bndbox>
      <xmin>2458.3478260869565</xmin>
      <ymin>244.695652173913</ymin>
      <xmax>2771.391304347826</xmax>
      <ymax>479.4782608695652</ymax>
    </bndbox>
  </object>
  <object>
    <name>da</name>
    <pose/>
    <truncated/>
    <difficult/>
    <bndbox>
      <xmin>97.47826086956519</xmin>
      <ymin>933.8260869565217</ymin>
      <xmax>336.6086956521739</xmax>
      <ymax>1153.391304347826</ymax>
    </bndbox>
  </object>
  <object>
    <name>ba</name>
    <pose/>
    <truncated/>
    <difficult/>
    <bndbox>
      <xmin>1454.0</xmin>
      <ymin>1072.9565217391305</ymin>
      <xmax>1714.8695652173913</xmax>
      <ymax>1327.304347826087</ymax>
    </bndbox>
  </object>
  <object>
    <name>na</name>
    <pose/>
    <truncated/>
    <difficult/>
    <bndbox>
      <xmin>2493.1304347826085</xmin>
      <ymin>1305.5652173913043</ymin>
      <xmax>2790.9565217391305</xmax>
      <ymax>1553.391304347826</ymax>
    </bndbox>
  </object>
</annotation>
