<annotation>
  <folder/>
  <filename>IMG_E9078.jpg</filename>
  <database/>
  <annotation/>
  <image/>
  <size>
    <height>1272</height>
    <width>3024</width>
    <depth>3</depth>
  </size>
  <segmented/>
  <object>
    <name>ju</name>
    <pose/>
    <truncated/>
    <difficult/>
    <bndbox>
      <xmin>46.97959183673469</xmin>
      <ymin>64.63265306122452</ymin>
      <xmax>669.4285714285714</xmax>
      <ymax>454.42857142857144</ymax>
    </bndbox>
  </object>
  <object>
    <name>g</name>
    <pose/>
    <truncated/>
    <difficult/>
    <bndbox>
      <xmin>742.8979591836735</xmin>
      <ymin>99.32653061224488</ymin>
      <xmax>1267.3877551020407</xmax>
      <ymax>431.9795918367347</ymax>
    </bndbox>
  </object>
  <object>
    <name>s</name>
    <pose/>
    <truncated/>
    <difficult/>
    <bndbox>
      <xmin>1406.1632653061224</xmin>
      <ymin>68.71428571428572</ymin>
      <xmax>1795.9591836734694</xmax>
      <ymax>415.65306122448976</ymax>
    </bndbox>
  </object>
  <object>
    <name>ho</name>
    <pose/>
    <truncated/>
    <difficult/>
    <bndbox>
      <xmin>1834.734693877551</xmin>
      <ymin>62.59183673469386</ymin>
      <xmax>2320.4489795918366</xmax>
      <ymax>405.44897959183675</ymax>
    </bndbox>
  </object>
  <object>
    <name>t</name>
    <pose/>
    <truncated/>
    <difficult/>
    <bndbox>
      <xmin>2430.6530612244896</xmin>
      <ymin>97.28571428571428</ymin>
      <xmax>2893.918367346939</xmax>
      <ymax>448.30612244897964</ymax>
    </bndbox>
  </object>
</annotation>
