<annotation>
  <folder/>
  <filename>IMG_20200523_152148.jpg</filename>
  <database/>
  <annotation/>
  <image/>
  <size>
    <height>1342</height>
    <width>1128</width>
    <depth>3</depth>
  </size>
  <segmented/>
  <object>
    <name>wa</name>
    <pose/>
    <truncated/>
    <difficult/>
    <bndbox>
      <xmin>75.53846153846155</xmin>
      <ymin>85.46153846153845</ymin>
      <xmax>375.53846153846155</xmax>
      <ymax>291.2307692307692</ymax>
    </bndbox>
  </object>
  <object>
    <name>la</name>
    <pose/>
    <truncated/>
    <difficult/>
    <bndbox>
      <xmin>502.46153846153845</xmin>
      <ymin>102.76923076923076</ymin>
      <xmax>694.7692307692307</xmax>
      <ymax>250.84615384615384</ymax>
    </bndbox>
  </object>
  <object>
    <name>ha</name>
    <pose/>
    <truncated/>
    <difficult/>
    <bndbox>
      <xmin>877.4615384615383</xmin>
      <ymin>98.92307692307692</ymin>
      <xmax>992.8461538461538</xmax>
      <ymax>252.76923076923077</ymax>
    </bndbox>
  </object>
  <object>
    <name>na</name>
    <pose/>
    <truncated/>
    <difficult/>
    <bndbox>
      <xmin>67.84615384615381</xmin>
      <ymin>708.5384615384615</ymin>
      <xmax>335.1538461538461</xmax>
      <ymax>914.3076923076923</ymax>
    </bndbox>
  </object>
  <object>
    <name>wa</name>
    <pose/>
    <truncated/>
    <difficult/>
    <bndbox>
      <xmin>471.6923076923076</xmin>
      <ymin>668.1538461538461</ymin>
      <xmax>650.5384615384614</xmax>
      <ymax>875.8461538461538</ymax>
    </bndbox>
  </object>
  <object>
    <name>nya</name>
    <pose/>
    <truncated/>
    <difficult/>
    <bndbox>
      <xmin>858.2307692307693</xmin>
      <ymin>647.0</ymin>
      <xmax>1071.6923076923076</xmax>
      <ymax>914.3076923076923</ymax>
    </bndbox>
  </object>
</annotation>
