<annotation>
  <folder/>
  <filename>IMG_E0666.jpg</filename>
  <database/>
  <annotation/>
  <image/>
  <size>
    <height>3047</height>
    <width>2412</width>
    <depth>3</depth>
  </size>
  <segmented/>
  <object>
    <name>ya</name>
    <pose/>
    <truncated/>
    <difficult/>
    <bndbox>
      <xmin>183.0</xmin>
      <ymin>66.0</ymin>
      <xmax>739.666666666667</xmax>
      <ymax>456.0</ymax>
    </bndbox>
  </object>
  <object>
    <name>nga</name>
    <pose/>
    <truncated/>
    <difficult/>
    <bndbox>
      <xmin>1119.666666666667</xmin>
      <ymin>86.0</ymin>
      <xmax>1476.3333333333335</xmax>
      <ymax>496.0</ymax>
    </bndbox>
  </object>
  <object>
    <name>da</name>
    <pose/>
    <truncated/>
    <difficult/>
    <bndbox>
      <xmin>1796.3333333333335</xmin>
      <ymin>189.33333333333334</ymin>
      <xmax>2263.0</xmax>
      <ymax>519.3333333333334</ymax>
    </bndbox>
  </object>
  <object>
    <name>pa</name>
    <pose/>
    <truncated/>
    <difficult/>
    <bndbox>
      <xmin>43.0</xmin>
      <ymin>1719.3333333333335</ymin>
      <xmax>526.3333333333335</xmax>
      <ymax>1956.0</ymax>
    </bndbox>
  </object>
  <object>
    <name>ra</name>
    <pose/>
    <truncated/>
    <difficult/>
    <bndbox>
      <xmin>953.0</xmin>
      <ymin>1646.0</ymin>
      <xmax>1463.0</xmax>
      <ymax>2136.0</ymax>
    </bndbox>
  </object>
  <object>
    <name>ha</name>
    <pose/>
    <truncated/>
    <difficult/>
    <bndbox>
      <xmin>1783.0</xmin>
      <ymin>1749.3333333333335</ymin>
      <xmax>2339.666666666667</xmax>
      <ymax>2209.3333333333335</ymax>
    </bndbox>
  </object>
</annotation>
