<annotation>
  <folder/>
  <filename>IMG_20200522_160427.jpg</filename>
  <database/>
  <annotation/>
  <image/>
  <size>
    <height>1490</height>
    <width>3072</width>
    <depth>3</depth>
  </size>
  <segmented/>
  <object>
    <name>ba</name>
    <pose/>
    <truncated/>
    <difficult/>
    <bndbox>
      <xmin>306.7647058823529</xmin>
      <ymin>9.627450980392155</ymin>
      <xmax>544.0196078431372</xmax>
      <ymax>158.6470588235294</ymax>
    </bndbox>
  </object>
  <object>
    <name>pa</name>
    <pose/>
    <truncated/>
    <difficult/>
    <bndbox>
      <xmin>1379.313725490196</xmin>
      <ymin>5.70588235294116</ymin>
      <xmax>1671.4705882352941</xmax>
      <ymax>144.921568627451</ymax>
    </bndbox>
  </object>
  <object>
    <name>na</name>
    <pose/>
    <truncated/>
    <difficult/>
    <bndbox>
      <xmin>2391.078431372549</xmin>
      <ymin>21.392156862745082</ymin>
      <xmax>2734.2156862745096</xmax>
      <ymax>203.7450980392157</ymax>
    </bndbox>
  </object>
  <object>
    <name>nga</name>
    <pose/>
    <truncated/>
    <difficult/>
    <bndbox>
      <xmin>261.6666666666667</xmin>
      <ymin>766.4901960784314</ymin>
      <xmax>545.9803921568628</xmax>
      <ymax>995.9019607843138</ymax>
    </bndbox>
  </object>
  <object>
    <name>nya</name>
    <pose/>
    <truncated/>
    <difficult/>
    <bndbox>
      <xmin>1332.2549019607843</xmin>
      <ymin>815.5098039215686</ymin>
      <xmax>1659.7058823529412</xmax>
      <ymax>1107.6666666666667</ymax>
    </bndbox>
  </object>
  <object>
    <name>ga</name>
    <pose/>
    <truncated/>
    <difficult/>
    <bndbox>
      <xmin>2387.156862745098</xmin>
      <ymin>927.2745098039215</ymin>
      <xmax>2755.78431372549</xmax>
      <ymax>1164.5294117647059</ymax>
    </bndbox>
  </object>
</annotation>
