<annotation>
  <folder/>
  <filename>IMG_20200522_161713.jpg</filename>
  <database/>
  <annotation/>
  <image/>
  <size>
    <height>1396</height>
    <width>2368</width>
    <depth>3</depth>
  </size>
  <segmented/>
  <object>
    <name>na</name>
    <pose/>
    <truncated/>
    <difficult/>
    <bndbox>
      <xmin>24.3030303030303</xmin>
      <ymin>58.090909090909086</ymin>
      <xmax>262.1818181818182</xmax>
      <ymax>252.03030303030303</ymax>
    </bndbox>
  </object>
  <object>
    <name>ra</name>
    <pose/>
    <truncated/>
    <difficult/>
    <bndbox>
      <xmin>1056.121212121212</xmin>
      <ymin>35.36363636363636</ymin>
      <xmax>1295.5151515151515</xmax>
      <ymax>195.96969696969697</ymax>
    </bndbox>
  </object>
  <object>
    <name>la</name>
    <pose/>
    <truncated/>
    <difficult/>
    <bndbox>
      <xmin>1965.212121212121</xmin>
      <ymin>14.15151515151515</ymin>
      <xmax>2178.8484848484845</xmax>
      <ymax>177.78787878787878</ymax>
    </bndbox>
  </object>
  <object>
    <name>ga</name>
    <pose/>
    <truncated/>
    <difficult/>
    <bndbox>
      <xmin>31.878787878787875</xmin>
      <ymin>753.5454545454545</ymin>
      <xmax>292.4848484848485</xmax>
      <ymax>912.6363636363636</ymax>
    </bndbox>
  </object>
  <object>
    <name>nga</name>
    <pose/>
    <truncated/>
    <difficult/>
    <bndbox>
      <xmin>1175.8181818181818</xmin>
      <ymin>812.6363636363636</ymin>
      <xmax>1316.7272727272727</xmax>
      <ymax>968.6969696969696</ymax>
    </bndbox>
  </object>
  <object>
    <name>da</name>
    <pose/>
    <truncated/>
    <difficult/>
    <bndbox>
      <xmin>1995.5151515151515</xmin>
      <ymin>874.7575757575758</ymin>
      <xmax>2204.6060606060605</xmax>
      <ymax>1018.6969696969696</ymax>
    </bndbox>
  </object>
</annotation>
