<annotation>
  <folder/>
  <filename>IMG_E1141.jpg</filename>
  <database/>
  <annotation/>
  <image/>
  <size>
    <height>2858</height>
    <width>2410</width>
    <depth>3</depth>
  </size>
  <segmented/>
  <object>
    <name>ta</name>
    <pose/>
    <truncated/>
    <difficult/>
    <bndbox>
      <xmin>80.25</xmin>
      <ymin>62.0</ymin>
      <xmax>680.25</xmax>
      <ymax>627.625</ymax>
    </bndbox>
  </object>
  <object>
    <name>na</name>
    <pose/>
    <truncated/>
    <difficult/>
    <bndbox>
      <xmin>764.625</xmin>
      <ymin>212.0</ymin>
      <xmax>1205.25</xmax>
      <ymax>583.875</ymax>
    </bndbox>
  </object>
  <object>
    <name>ga</name>
    <pose/>
    <truncated/>
    <difficult/>
    <bndbox>
      <xmin>1317.75</xmin>
      <ymin>187.0</ymin>
      <xmax>1949.0</xmax>
      <ymax>627.625</ymax>
    </bndbox>
  </object>
  <object>
    <name>ma</name>
    <pose/>
    <truncated/>
    <difficult/>
    <bndbox>
      <xmin>214.625</xmin>
      <ymin>1565.125</ymin>
      <xmax>961.5</xmax>
      <ymax>2027.625</ymax>
    </bndbox>
  </object>
  <object>
    <name>ya</name>
    <pose/>
    <truncated/>
    <difficult/>
    <bndbox>
      <xmin>1111.5</xmin>
      <ymin>1630.75</ymin>
      <xmax>1717.75</xmax>
      <ymax>2015.125</ymax>
    </bndbox>
  </object>
  <object>
    <name>sa</name>
    <pose/>
    <truncated/>
    <difficult/>
    <bndbox>
      <xmin>1817.75</xmin>
      <ymin>1637.0</ymin>
      <xmax>2261.5</xmax>
      <ymax>2043.25</ymax>
    </bndbox>
  </object>
</annotation>
