<annotation>
  <folder/>
  <filename>IMG_20200522_172356.jpg</filename>
  <database/>
  <annotation/>
  <image/>
  <size>
    <height>1386</height>
    <width>2213</width>
    <depth>3</depth>
  </size>
  <segmented/>
  <object>
    <name>a</name>
    <pose/>
    <truncated/>
    <difficult/>
    <bndbox>
      <xmin>109.93939393939394</xmin>
      <ymin>159.15151515151516</ymin>
      <xmax>326.60606060606057</xmax>
      <ymax>347.030303030303</ymax>
    </bndbox>
  </object>
  <object>
    <name>ha</name>
    <pose/>
    <truncated/>
    <difficult/>
    <bndbox>
      <xmin>870.5454545454545</xmin>
      <ymin>163.6969696969697</ymin>
      <xmax>1070.5454545454545</xmax>
      <ymax>351.57575757575756</ymax>
    </bndbox>
  </object>
  <object>
    <name>pa</name>
    <pose/>
    <truncated/>
    <difficult/>
    <bndbox>
      <xmin>1641.7575757575758</xmin>
      <ymin>184.9090909090909</ymin>
      <xmax>1837.212121212121</xmax>
      <ymax>304.60606060606057</ymax>
    </bndbox>
  </object>
  <object>
    <name>ra</name>
    <pose/>
    <truncated/>
    <difficult/>
    <bndbox>
      <xmin>125.0909090909091</xmin>
      <ymin>883.3939393939394</ymin>
      <xmax>350.8484848484848</xmax>
      <ymax>1037.939393939394</ymax>
    </bndbox>
  </object>
  <object>
    <name>sa</name>
    <pose/>
    <truncated/>
    <difficult/>
    <bndbox>
      <xmin>944.7878787878788</xmin>
      <ymin>894.0</ymin>
      <xmax>1088.7272727272727</xmax>
      <ymax>1062.1818181818182</ymax>
    </bndbox>
  </object>
  <object>
    <name>ta</name>
    <pose/>
    <truncated/>
    <difficult/>
    <bndbox>
      <xmin>1616.0</xmin>
      <ymin>909.1515151515151</ymin>
      <xmax>1778.121212121212</xmax>
      <ymax>1071.2727272727273</ymax>
    </bndbox>
  </object>
</annotation>
