<annotation>
  <folder/>
  <filename>IMG_E1797.jpg</filename>
  <database/>
  <annotation/>
  <image/>
  <size>
    <height>2951</height>
    <width>2589</width>
    <depth>3</depth>
  </size>
  <segmented/>
  <object>
    <name>ra</name>
    <pose/>
    <truncated/>
    <difficult/>
    <bndbox>
      <xmin>30.193548387096826</xmin>
      <ymin>48.29032258064516</ymin>
      <xmax>585.0322580645161</xmax>
      <ymax>577.3225806451613</ymax>
    </bndbox>
  </object>
  <object>
    <name>ja</name>
    <pose/>
    <truncated/>
    <difficult/>
    <bndbox>
      <xmin>778.5806451612902</xmin>
      <ymin>70.87096774193549</ymin>
      <xmax>1301.1612903225805</xmax>
      <ymax>583.7741935483871</ymax>
    </bndbox>
  </object>
  <object>
    <name>nya</name>
    <pose/>
    <truncated/>
    <difficult/>
    <bndbox>
      <xmin>1456.0</xmin>
      <ymin>61.19354838709677</ymin>
      <xmax>1972.1290322580644</xmax>
      <ymax>587.0</ymax>
    </bndbox>
  </object>
  <object>
    <name>ya</name>
    <pose/>
    <truncated/>
    <difficult/>
    <bndbox>
      <xmin>268.9032258064517</xmin>
      <ymin>1548.2903225806451</ymin>
      <xmax>859.2258064516127</xmax>
      <ymax>2064.4193548387098</ymax>
    </bndbox>
  </object>
  <object>
    <name>wa</name>
    <pose/>
    <truncated/>
    <difficult/>
    <bndbox>
      <xmin>1114.0645161290322</xmin>
      <ymin>1561.1935483870968</ymin>
      <xmax>1768.9032258064517</xmax>
      <ymax>2112.8064516129034</ymax>
    </bndbox>
  </object>
  <object>
    <name>ta</name>
    <pose/>
    <truncated/>
    <difficult/>
    <bndbox>
      <xmin>1923.7419354838712</xmin>
      <ymin>1564.4193548387098</ymin>
      <xmax>2465.6774193548385</xmax>
      <ymax>2145.064516129032</ymax>
    </bndbox>
  </object>
</annotation>
