<annotation>
  <folder/>
  <filename>IMG_E1625.jpg</filename>
  <database/>
  <annotation/>
  <image/>
  <size>
    <height>3177</height>
    <width>2453</width>
    <depth>3</depth>
  </size>
  <segmented/>
  <object>
    <name>nga</name>
    <pose/>
    <truncated/>
    <difficult/>
    <bndbox>
      <xmin>99.20689655172418</xmin>
      <ymin>118.68965517241381</ymin>
      <xmax>599.2068965517242</xmax>
      <ymax>663.5172413793103</ymax>
    </bndbox>
  </object>
  <object>
    <name>ha</name>
    <pose/>
    <truncated/>
    <difficult/>
    <bndbox>
      <xmin>885.4137931034484</xmin>
      <ymin>187.6551724137931</ymin>
      <xmax>1444.034482758621</xmax>
      <ymax>770.4137931034484</ymax>
    </bndbox>
  </object>
  <object>
    <name>pa</name>
    <pose/>
    <truncated/>
    <difficult/>
    <bndbox>
      <xmin>1723.344827586207</xmin>
      <ymin>332.48275862068965</ymin>
      <xmax>2285.4137931034484</xmax>
      <ymax>629.0344827586207</ymax>
    </bndbox>
  </object>
  <object>
    <name>ma</name>
    <pose/>
    <truncated/>
    <difficult/>
    <bndbox>
      <xmin>19.896551724138135</xmin>
      <ymin>1884.2068965517242</ymin>
      <xmax>740.5862068965521</xmax>
      <ymax>2318.689655172414</ymax>
    </bndbox>
  </object>
  <object>
    <name>da</name>
    <pose/>
    <truncated/>
    <difficult/>
    <bndbox>
      <xmin>999.2068965517242</xmin>
      <ymin>1832.4827586206898</ymin>
      <xmax>1502.6551724137935</xmax>
      <ymax>2260.0689655172414</ymax>
    </bndbox>
  </object>
  <object>
    <name>na</name>
    <pose/>
    <truncated/>
    <difficult/>
    <bndbox>
      <xmin>1757.8275862068967</xmin>
      <ymin>1880.7586206896553</ymin>
      <xmax>2333.689655172414</xmax>
      <ymax>2370.4137931034484</ymax>
    </bndbox>
  </object>
</annotation>
