<annotation>
  <folder/>
  <filename>IMG_20200522_155844.jpg</filename>
  <database/>
  <annotation/>
  <image/>
  <size>
    <height>1804</height>
    <width>2720</width>
    <depth>3</depth>
  </size>
  <segmented/>
  <object>
    <name>na</name>
    <pose/>
    <truncated/>
    <difficult/>
    <bndbox>
      <xmin>101.35294117647061</xmin>
      <ymin>15.647058823529413</ymin>
      <xmax>358.21568627450984</xmax>
      <ymax>203.88235294117646</ymax>
    </bndbox>
  </object>
  <object>
    <name>ga</name>
    <pose/>
    <truncated/>
    <difficult/>
    <bndbox>
      <xmin>1191.549019607843</xmin>
      <ymin>88.19607843137254</ymin>
      <xmax>1493.5098039215686</xmax>
      <ymax>256.8235294117647</ymax>
    </bndbox>
  </object>
  <object>
    <name>ra</name>
    <pose/>
    <truncated/>
    <difficult/>
    <bndbox>
      <xmin>2117.0392156862745</xmin>
      <ymin>223.49019607843138</ymin>
      <xmax>2364.098039215686</xmax>
      <ymax>429.37254901960785</ymax>
    </bndbox>
  </object>
  <object>
    <name>ta</name>
    <pose/>
    <truncated/>
    <difficult/>
    <bndbox>
      <xmin>20.960784313725497</xmin>
      <ymin>937.2156862745098</ymin>
      <xmax>252.33333333333331</xmax>
      <ymax>1180.3529411764705</ymax>
    </bndbox>
  </object>
  <object>
    <name>na</name>
    <pose/>
    <truncated/>
    <difficult/>
    <bndbox>
      <xmin>1166.0588235294117</xmin>
      <ymin>1123.4901960784314</ymin>
      <xmax>1466.0588235294117</xmax>
      <ymax>1378.392156862745</ymax>
    </bndbox>
  </object>
  <object>
    <name>sa</name>
    <pose/>
    <truncated/>
    <difficult/>
    <bndbox>
      <xmin>2046.450980392157</xmin>
      <ymin>1231.3333333333333</ymin>
      <xmax>2234.6862745098038</xmax>
      <ymax>1462.7058823529412</ymax>
    </bndbox>
  </object>
</annotation>
