<annotation>
  <folder/>
  <filename>IMG_20200522_155304.jpg</filename>
  <database/>
  <annotation/>
  <image/>
  <size>
    <height>1839</height>
    <width>2548</width>
    <depth>3</depth>
  </size>
  <segmented/>
  <object>
    <name>ja</name>
    <pose/>
    <truncated/>
    <difficult/>
    <bndbox>
      <xmin>20.0</xmin>
      <ymin>155.0</ymin>
      <xmax>230.0</xmax>
      <ymax>349.0</ymax>
    </bndbox>
  </object>
  <object>
    <name>wa</name>
    <pose/>
    <truncated/>
    <difficult/>
    <bndbox>
      <xmin>978.0</xmin>
      <ymin>193.0</ymin>
      <xmax>1360.0</xmax>
      <ymax>417.0</ymax>
    </bndbox>
  </object>
  <object>
    <name>na</name>
    <pose/>
    <truncated/>
    <difficult/>
    <bndbox>
      <xmin>1900.0</xmin>
      <ymin>261.0</ymin>
      <xmax>2162.0</xmax>
      <ymax>469.0</ymax>
    </bndbox>
  </object>
  <object>
    <name>pa</name>
    <pose/>
    <truncated/>
    <difficult/>
    <bndbox>
      <xmin>8.0</xmin>
      <ymin>961.0</ymin>
      <xmax>286.0</xmax>
      <ymax>1153.0</ymax>
    </bndbox>
  </object>
  <object>
    <name>na</name>
    <pose/>
    <truncated/>
    <difficult/>
    <bndbox>
      <xmin>1158.0</xmin>
      <ymin>1063.0</ymin>
      <xmax>1442.0</xmax>
      <ymax>1303.0</ymax>
    </bndbox>
  </object>
  <object>
    <name>ba</name>
    <pose/>
    <truncated/>
    <difficult/>
    <bndbox>
      <xmin>1892.0</xmin>
      <ymin>1183.0</ymin>
      <xmax>2192.0</xmax>
      <ymax>1449.0</ymax>
    </bndbox>
  </object>
</annotation>
