<annotation>
  <folder/>
  <filename>IMG_E1157.jpg</filename>
  <database/>
  <annotation/>
  <image/>
  <size>
    <height>2617</height>
    <width>2762</width>
    <depth>3</depth>
  </size>
  <segmented/>
  <object>
    <name>nya</name>
    <pose/>
    <truncated/>
    <difficult/>
    <bndbox>
      <xmin>98.85714285714278</xmin>
      <ymin>72.85714285714285</ymin>
      <xmax>615.9999999999998</xmax>
      <ymax>584.2857142857142</ymax>
    </bndbox>
  </object>
  <object>
    <name>ha</name>
    <pose/>
    <truncated/>
    <difficult/>
    <bndbox>
      <xmin>727.4285714285713</xmin>
      <ymin>118.57142857142856</ymin>
      <xmax>1284.5714285714284</xmax>
      <ymax>678.5714285714286</ymax>
    </bndbox>
  </object>
  <object>
    <name>ma</name>
    <pose/>
    <truncated/>
    <difficult/>
    <bndbox>
      <xmin>1473.1428571428569</xmin>
      <ymin>115.71428571428571</ymin>
      <xmax>2104.5714285714284</xmax>
      <ymax>655.7142857142857</ymax>
    </bndbox>
  </object>
  <object>
    <name>sa</name>
    <pose/>
    <truncated/>
    <difficult/>
    <bndbox>
      <xmin>2155.9999999999995</xmin>
      <ymin>221.42857142857142</ymin>
      <xmax>2655.9999999999995</xmax>
      <ymax>618.5714285714286</ymax>
    </bndbox>
  </object>
  <object>
    <name>nga</name>
    <pose/>
    <truncated/>
    <difficult/>
    <bndbox>
      <xmin>216.0</xmin>
      <ymin>1624.2857142857142</ymin>
      <xmax>710.2857142857142</xmax>
      <ymax>2098.5714285714284</ymax>
    </bndbox>
  </object>
  <object>
    <name>nga</name>
    <pose/>
    <truncated/>
    <difficult/>
    <bndbox>
      <xmin>913.1428571428569</xmin>
      <ymin>1638.5714285714284</ymin>
      <xmax>1378.8571428571427</xmax>
      <ymax>2032.8571428571427</ymax>
    </bndbox>
  </object>
  <object>
    <name>wa</name>
    <pose/>
    <truncated/>
    <difficult/>
    <bndbox>
      <xmin>1613.1428571428569</xmin>
      <ymin>1578.5714285714284</ymin>
      <xmax>2090.285714285714</xmax>
      <ymax>2001.4285714285713</ymax>
    </bndbox>
  </object>
  <object>
    <name>ya</name>
    <pose/>
    <truncated/>
    <difficult/>
    <bndbox>
      <xmin>2250.2857142857138</xmin>
      <ymin>1549.9999999999998</ymin>
      <xmax>2761</xmax>
      <ymax>1986</ymax>
    </bndbox>
  </object>
</annotation>
