<annotation>
  <folder/>
  <filename>IMG_E0648.jpg</filename>
  <database/>
  <annotation/>
  <image/>
  <size>
    <height>2870</height>
    <width>2279</width>
    <depth>3</depth>
  </size>
  <segmented/>
  <object>
    <name>a</name>
    <pose/>
    <truncated/>
    <difficult/>
    <bndbox>
      <xmin>118.5</xmin>
      <ymin>130.5</ymin>
      <xmax>665.375</xmax>
      <ymax>514.875</ymax>
    </bndbox>
  </object>
  <object>
    <name>pa</name>
    <pose/>
    <truncated/>
    <difficult/>
    <bndbox>
      <xmin>749.75</xmin>
      <ymin>243.0</ymin>
      <xmax>1084.125</xmax>
      <ymax>439.875</ymax>
    </bndbox>
  </object>
  <object>
    <name>la</name>
    <pose/>
    <truncated/>
    <difficult/>
    <bndbox>
      <xmin>1287.25</xmin>
      <ymin>214.875</ymin>
      <xmax>1762.25</xmax>
      <ymax>508.625</ymax>
    </bndbox>
  </object>
  <object>
    <name>da</name>
    <pose/>
    <truncated/>
    <difficult/>
    <bndbox>
      <xmin>1840.375</xmin>
      <ymin>246.125</ymin>
      <xmax>2234.125</xmax>
      <ymax>605.5</ymax>
    </bndbox>
  </object>
  <object>
    <name>ya</name>
    <pose/>
    <truncated/>
    <difficult/>
    <bndbox>
      <xmin>149.75</xmin>
      <ymin>1596.125</ymin>
      <xmax>781.0</xmax>
      <ymax>2027.375</ymax>
    </bndbox>
  </object>
  <object>
    <name>na</name>
    <pose/>
    <truncated/>
    <difficult/>
    <bndbox>
      <xmin>931.0</xmin>
      <ymin>1683.625</ymin>
      <xmax>1346.625</xmax>
      <ymax>2077.375</ymax>
    </bndbox>
  </object>
  <object>
    <name>nya</name>
    <pose/>
    <truncated/>
    <difficult/>
    <bndbox>
      <xmin>1487.25</xmin>
      <ymin>1618.0</ymin>
      <xmax>1940.375</xmax>
      <ymax>2114.875</ymax>
    </bndbox>
  </object>
</annotation>
