<annotation>
  <folder/>
  <filename>IMG_20200522_192854.jpg</filename>
  <database/>
  <annotation/>
  <image/>
  <size>
    <height>1942</height>
    <width>3094</width>
    <depth>3</depth>
  </size>
  <segmented/>
  <object>
    <name>a</name>
    <pose/>
    <truncated/>
    <difficult/>
    <bndbox>
      <xmin>136.70212765957444</xmin>
      <ymin>121.91489361702128</ymin>
      <xmax>483.51063829787233</xmax>
      <ymax>409.1489361702127</ymax>
    </bndbox>
  </object>
  <object>
    <name>ha</name>
    <pose/>
    <truncated/>
    <difficult/>
    <bndbox>
      <xmin>1366.4893617021276</xmin>
      <ymin>141.06382978723403</ymin>
      <xmax>1675.0</xmax>
      <ymax>453.8297872340425</ymax>
    </bndbox>
  </object>
  <object>
    <name>ta</name>
    <pose/>
    <truncated/>
    <difficult/>
    <bndbox>
      <xmin>2596.276595744681</xmin>
      <ymin>221.91489361702125</ymin>
      <xmax>2877.127659574468</xmax>
      <ymax>515.531914893617</ymax>
    </bndbox>
  </object>
  <object>
    <name>sa</name>
    <pose/>
    <truncated/>
    <difficult/>
    <bndbox>
      <xmin>72.87234042553192</xmin>
      <ymin>1326.1702127659573</ymin>
      <xmax>400.531914893617</xmax>
      <ymax>1655.9574468085104</ymax>
    </bndbox>
  </object>
  <object>
    <name>wa</name>
    <pose/>
    <truncated/>
    <difficult/>
    <bndbox>
      <xmin>1298.404255319149</xmin>
      <ymin>1355.9574468085107</ymin>
      <xmax>1677.127659574468</xmax>
      <ymax>1681.4893617021276</ymax>
    </bndbox>
  </object>
  <object>
    <name>ra</name>
    <pose/>
    <truncated/>
    <difficult/>
    <bndbox>
      <xmin>2585.6382978723404</xmin>
      <ymin>1324.0425531914893</ymin>
      <xmax>2911.1702127659573</xmax>
      <ymax>1666.5957446808509</ymax>
    </bndbox>
  </object>
</annotation>
