<annotation>
  <folder/>
  <filename>IMG_E1793.jpg</filename>
  <database/>
  <annotation/>
  <image/>
  <size>
    <height>2773</height>
    <width>2736</width>
    <depth>3</depth>
  </size>
  <segmented/>
  <object>
    <name>ta</name>
    <pose/>
    <truncated/>
    <difficult/>
    <bndbox>
      <xmin>147.6363636363635</xmin>
      <ymin>64.75757575757575</ymin>
      <xmax>596.121212121212</xmax>
      <ymax>504.1515151515151</ymax>
    </bndbox>
  </object>
  <object>
    <name>ra</name>
    <pose/>
    <truncated/>
    <difficult/>
    <bndbox>
      <xmin>977.9393939393938</xmin>
      <ymin>85.96969696969697</ymin>
      <xmax>1477.939393939394</xmax>
      <ymax>567.7878787878788</ymax>
    </bndbox>
  </object>
  <object>
    <name>sa</name>
    <pose/>
    <truncated/>
    <difficult/>
    <bndbox>
      <xmin>1850.6666666666665</xmin>
      <ymin>113.24242424242424</ymin>
      <xmax>2329.4545454545455</xmax>
      <ymax>652.6363636363636</ymax>
    </bndbox>
  </object>
  <object>
    <name>ha</name>
    <pose/>
    <truncated/>
    <difficult/>
    <bndbox>
      <xmin>205.21212121212125</xmin>
      <ymin>1561.7272727272727</ymin>
      <xmax>699.151515151515</xmax>
      <ymax>2010.212121212121</ymax>
    </bndbox>
  </object>
  <object>
    <name>la</name>
    <pose/>
    <truncated/>
    <difficult/>
    <bndbox>
      <xmin>1099.151515151515</xmin>
      <ymin>1589.0</ymin>
      <xmax>1623.3939393939395</xmax>
      <ymax>2022.3333333333333</ymax>
    </bndbox>
  </object>
  <object>
    <name>ya</name>
    <pose/>
    <truncated/>
    <difficult/>
    <bndbox>
      <xmin>1950.6666666666665</xmin>
      <ymin>1579.9090909090908</ymin>
      <xmax>2523.393939393939</xmax>
      <ymax>2034.4545454545453</ymax>
    </bndbox>
  </object>
</annotation>
