<annotation>
  <folder/>
  <filename>IMG_E1740.jpg</filename>
  <database/>
  <annotation/>
  <image/>
  <size>
    <height>952</height>
    <width>2798</width>
    <depth>3</depth>
  </size>
  <segmented/>
  <object>
    <name>ga</name>
    <pose/>
    <truncated/>
    <difficult/>
    <bndbox>
      <xmin>52.92857142857142</xmin>
      <ymin>82.35714285714283</ymin>
      <xmax>343.99999999999994</xmax>
      <ymax>287.71428571428567</ymax>
    </bndbox>
  </object>
  <object>
    <name>ta</name>
    <pose/>
    <truncated/>
    <difficult/>
    <bndbox>
      <xmin>535.0714285714286</xmin>
      <ymin>105.57142857142856</ymin>
      <xmax>801.1428571428571</xmax>
      <ymax>375.21428571428567</ymax>
    </bndbox>
  </object>
  <object>
    <name>ra</name>
    <pose/>
    <truncated/>
    <difficult/>
    <bndbox>
      <xmin>951.142857142857</xmin>
      <ymin>150.21428571428567</ymin>
      <xmax>1301.142857142857</xmax>
      <ymax>428.7857142857142</ymax>
    </bndbox>
  </object>
  <object>
    <name>ma</name>
    <pose/>
    <truncated/>
    <difficult/>
    <bndbox>
      <xmin>1474.3571428571427</xmin>
      <ymin>175.21428571428567</ymin>
      <xmax>1847.5714285714284</xmax>
      <ymax>428.7857142857142</ymax>
    </bndbox>
  </object>
  <object>
    <name>sa</name>
    <pose/>
    <truncated/>
    <difficult/>
    <bndbox>
      <xmin>2002.9285714285713</xmin>
      <ymin>150.21428571428567</ymin>
      <xmax>2294.0</xmax>
      <ymax>473.42857142857133</ymax>
    </bndbox>
  </object>
  <object>
    <name>pa</name>
    <pose/>
    <truncated/>
    <difficult/>
    <bndbox>
      <xmin>2420.785714285714</xmin>
      <ymin>294.8571428571428</ymin>
      <xmax>2674.3571428571427</xmax>
      <ymax>432.3571428571428</ymax>
    </bndbox>
  </object>
</annotation>
