<annotation>
  <folder/>
  <filename>IMG_E9293.jpg</filename>
  <database/>
  <annotation/>
  <image/>
  <size>
    <height>1448</height>
    <width>2879</width>
    <depth>3</depth>
  </size>
  <segmented/>
  <object>
    <name>so</name>
    <pose/>
    <truncated/>
    <difficult/>
    <bndbox>
      <xmin>39.90196078431372</xmin>
      <ymin>28.60784313725489</ymin>
      <xmax>647.7450980392157</xmax>
      <ymax>536.4509803921568</ymax>
    </bndbox>
  </object>
  <object>
    <name>ng</name>
    <pose/>
    <truncated/>
    <difficult/>
    <bndbox>
      <xmin>845.7843137254902</xmin>
      <ymin>107.03921568627453</ymin>
      <xmax>1383.0392156862745</xmax>
      <ymax>575.6666666666666</ymax>
    </bndbox>
  </object>
  <object>
    <name>ge</name>
    <pose/>
    <truncated/>
    <difficult/>
    <bndbox>
      <xmin>1512.450980392157</xmin>
      <ymin>99.19607843137254</ymin>
      <xmax>1985.0</xmax>
      <ymax>591.3529411764706</ymax>
    </bndbox>
  </object>
  <object>
    <name>t</name>
    <pose/>
    <truncated/>
    <difficult/>
    <bndbox>
      <xmin>2185.0</xmin>
      <ymin>44.29411764705881</ymin>
      <xmax>2822.254901960784</xmax>
      <ymax>730.5686274509803</ymax>
    </bndbox>
  </object>
</annotation>
