<annotation>
  <folder/>
  <filename>IMG_E0711.jpg</filename>
  <database/>
  <annotation/>
  <image/>
  <size>
    <height>2768</height>
    <width>2624</width>
    <depth>3</depth>
  </size>
  <segmented/>
  <object>
    <name>ja</name>
    <pose/>
    <truncated/>
    <difficult/>
    <bndbox>
      <xmin>70.42424242424227</xmin>
      <ymin>170.84848484848484</ymin>
      <xmax>528.0</xmax>
      <ymax>492.06060606060606</ymax>
    </bndbox>
  </object>
  <object>
    <name>la</name>
    <pose/>
    <truncated/>
    <difficult/>
    <bndbox>
      <xmin>661.3333333333333</xmin>
      <ymin>237.5151515151515</ymin>
      <xmax>1100.7272727272725</xmax>
      <ymax>498.1212121212121</ymax>
    </bndbox>
  </object>
  <object>
    <name>na</name>
    <pose/>
    <truncated/>
    <difficult/>
    <bndbox>
      <xmin>1249.212121212121</xmin>
      <ymin>289.030303030303</ymin>
      <xmax>1624.969696969697</xmax>
      <ymax>528.4242424242424</ymax>
    </bndbox>
  </object>
  <object>
    <name>ba</name>
    <pose/>
    <truncated/>
    <difficult/>
    <bndbox>
      <xmin>1700.7272727272725</xmin>
      <ymin>264.78787878787875</ymin>
      <xmax>2140.121212121212</xmax>
      <ymax>607.2121212121211</ymax>
    </bndbox>
  </object>
  <object>
    <name>sa</name>
    <pose/>
    <truncated/>
    <difficult/>
    <bndbox>
      <xmin>97.69696969696975</xmin>
      <ymin>1358.7272727272727</ymin>
      <xmax>443.151515151515</xmax>
      <ymax>1731.4545454545453</ymax>
    </bndbox>
  </object>
  <object>
    <name>ra</name>
    <pose/>
    <truncated/>
    <difficult/>
    <bndbox>
      <xmin>682.5454545454545</xmin>
      <ymin>1401.151515151515</ymin>
      <xmax>1149.212121212121</xmax>
      <ymax>1810.2424242424242</ymax>
    </bndbox>
  </object>
  <object>
    <name>ta</name>
    <pose/>
    <truncated/>
    <difficult/>
    <bndbox>
      <xmin>1355.272727272727</xmin>
      <ymin>1452.6666666666665</ymin>
      <xmax>1728.0</xmax>
      <ymax>1925.3939393939393</ymax>
    </bndbox>
  </object>
  <object>
    <name>da</name>
    <pose/>
    <truncated/>
    <difficult/>
    <bndbox>
      <xmin>1928.0</xmin>
      <ymin>1528.4242424242423</ymin>
      <xmax>2443.151515151515</xmax>
      <ymax>1982.9696969696968</ymax>
    </bndbox>
  </object>
</annotation>
