<annotation>
  <folder/>
  <filename>IMG_E0667.jpg</filename>
  <database/>
  <annotation/>
  <image/>
  <size>
    <height>2383</height>
    <width>2426</width>
    <depth>3</depth>
  </size>
  <segmented/>
  <object>
    <name>ha</name>
    <pose/>
    <truncated/>
    <difficult/>
    <bndbox>
      <xmin>23.57894736842104</xmin>
      <ymin>35.89473684210526</ymin>
      <xmax>444.6315789473683</xmax>
      <ymax>364.84210526315786</ymax>
    </bndbox>
  </object>
  <object>
    <name>ba</name>
    <pose/>
    <truncated/>
    <difficult/>
    <bndbox>
      <xmin>605.1578947368421</xmin>
      <ymin>30.631578947368418</ymin>
      <xmax>1020.9473684210527</xmax>
      <ymax>401.6842105263158</ymax>
    </bndbox>
  </object>
  <object>
    <name>la</name>
    <pose/>
    <truncated/>
    <difficult/>
    <bndbox>
      <xmin>1152.5263157894738</xmin>
      <ymin>59.578947368421055</ymin>
      <xmax>1613.0526315789475</xmax>
      <ymax>378.0</ymax>
    </bndbox>
  </object>
  <object>
    <name>nga</name>
    <pose/>
    <truncated/>
    <difficult/>
    <bndbox>
      <xmin>1755.157894736842</xmin>
      <ymin>38.526315789473685</ymin>
      <xmax>2128.842105263158</xmax>
      <ymax>409.57894736842104</ymax>
    </bndbox>
  </object>
  <object>
    <name>pa</name>
    <pose/>
    <truncated/>
    <difficult/>
    <bndbox>
      <xmin>157.78947368421052</xmin>
      <ymin>1370.1052631578948</ymin>
      <xmax>552.5263157894738</xmax>
      <ymax>1575.3684210526314</ymax>
    </bndbox>
  </object>
  <object>
    <name>na</name>
    <pose/>
    <truncated/>
    <difficult/>
    <bndbox>
      <xmin>749.8947368421052</xmin>
      <ymin>1370.1052631578948</ymin>
      <xmax>1165.6842105263158</xmax>
      <ymax>1649.0526315789473</ymax>
    </bndbox>
  </object>
  <object>
    <name>da</name>
    <pose/>
    <truncated/>
    <difficult/>
    <bndbox>
      <xmin>1397.2631578947367</xmin>
      <ymin>1325.3684210526317</ymin>
      <xmax>1757.7894736842104</xmax>
      <ymax>1651.6842105263158</ymax>
    </bndbox>
  </object>
  <object>
    <name>ya</name>
    <pose/>
    <truncated/>
    <difficult/>
    <bndbox>
      <xmin>1902.5263157894738</xmin>
      <ymin>1322.7368421052631</ymin>
      <xmax>2405.157894736842</xmax>
      <ymax>1628.0</ymax>
    </bndbox>
  </object>
</annotation>
