<annotation>
  <folder/>
  <filename>IMG_E1234.jpg</filename>
  <database/>
  <annotation/>
  <image/>
  <size>
    <height>3258</height>
    <width>2544</width>
    <depth>3</depth>
  </size>
  <segmented/>
  <object>
    <name>ga</name>
    <pose/>
    <truncated/>
    <difficult/>
    <bndbox>
      <xmin>72.14285714285688</xmin>
      <ymin>91.71428571428571</ymin>
      <xmax>832.8571428571427</xmax>
      <ymax>552.4285714285713</ymax>
    </bndbox>
  </object>
  <object>
    <name>ra</name>
    <pose/>
    <truncated/>
    <difficult/>
    <bndbox>
      <xmin>968.5714285714284</xmin>
      <ymin>70.28571428571428</ymin>
      <xmax>1536.428571428571</xmax>
      <ymax>506.0</ymax>
    </bndbox>
  </object>
  <object>
    <name>a</name>
    <pose/>
    <truncated/>
    <difficult/>
    <bndbox>
      <xmin>1697.1428571428569</xmin>
      <ymin>98.85714285714285</ymin>
      <xmax>2468.571428571428</xmax>
      <ymax>488.1428571428571</ymax>
    </bndbox>
  </object>
  <object>
    <name>ta</name>
    <pose/>
    <truncated/>
    <difficult/>
    <bndbox>
      <xmin>286.42857142857133</xmin>
      <ymin>1666.7142857142856</ymin>
      <xmax>943.5714285714284</xmax>
      <ymax>2116.7142857142853</ymax>
    </bndbox>
  </object>
  <object>
    <name>ba</name>
    <pose/>
    <truncated/>
    <difficult/>
    <bndbox>
      <xmin>1089.9999999999995</xmin>
      <ymin>1698.8571428571427</ymin>
      <xmax>1707.8571428571427</xmax>
      <ymax>2238.142857142857</ymax>
    </bndbox>
  </object>
  <object>
    <name>nya</name>
    <pose/>
    <truncated/>
    <difficult/>
    <bndbox>
      <xmin>1939.9999999999995</xmin>
      <ymin>1702.4285714285713</ymin>
      <xmax>2493.571428571428</xmax>
      <ymax>2202.428571428571</ymax>
    </bndbox>
  </object>
</annotation>
