<annotation>
  <folder/>
  <filename>IMG_20200504_142727.jpg</filename>
  <database/>
  <annotation/>
  <image/>
  <size>
    <height>2032</height>
    <width>2882</width>
    <depth>3</depth>
  </size>
  <segmented/>
  <object>
    <name>a</name>
    <pose/>
    <truncated/>
    <difficult/>
    <bndbox>
      <xmin>24.111111111111114</xmin>
      <ymin>92.33333333333333</ymin>
      <xmax>579.6666666666666</xmax>
      <ymax>334.55555555555554</ymax>
    </bndbox>
  </object>
  <object>
    <name>ha</name>
    <pose/>
    <truncated/>
    <difficult/>
    <bndbox>
      <xmin>1004.1111111111111</xmin>
      <ymin>156.77777777777777</ymin>
      <xmax>1361.888888888889</xmax>
      <ymax>385.66666666666663</ymax>
    </bndbox>
  </object>
  <object>
    <name>do</name>
    <pose/>
    <truncated/>
    <difficult/>
    <bndbox>
      <xmin>1768.5555555555554</xmin>
      <ymin>136.77777777777777</ymin>
      <xmax>2293.0</xmax>
      <ymax>476.77777777777777</ymax>
    </bndbox>
  </object>
  <object>
    <name>la</name>
    <pose/>
    <truncated/>
    <difficult/>
    <bndbox>
      <xmin>73.0</xmin>
      <ymin>707.8888888888889</ymin>
      <xmax>604.1111111111111</xmax>
      <ymax>979.0</ymax>
    </bndbox>
  </object>
  <object>
    <name>ba</name>
    <pose/>
    <truncated/>
    <difficult/>
    <bndbox>
      <xmin>1053.0</xmin>
      <ymin>903.4444444444445</ymin>
      <xmax>1521.888888888889</xmax>
      <ymax>1147.888888888889</ymax>
    </bndbox>
  </object>
  <object>
    <name>na</name>
    <pose/>
    <truncated/>
    <difficult/>
    <bndbox>
      <xmin>1939.6666666666665</xmin>
      <ymin>934.5555555555555</ymin>
      <xmax>2377.4444444444443</xmax>
      <ymax>1254.5555555555554</ymax>
    </bndbox>
  </object>
</annotation>
