<annotation>
  <folder/>
  <filename>IMG_E0847.jpg</filename>
  <database/>
  <annotation/>
  <image/>
  <size>
    <height>3066</height>
    <width>2756</width>
    <depth>3</depth>
  </size>
  <segmented/>
  <object>
    <name>ma</name>
    <pose/>
    <truncated/>
    <difficult/>
    <bndbox>
      <xmin>18.333333333333485</xmin>
      <ymin>168.33333333333334</ymin>
      <xmax>648.3333333333335</xmax>
      <ymax>485.0</ymax>
    </bndbox>
  </object>
  <object>
    <name>ha</name>
    <pose/>
    <truncated/>
    <difficult/>
    <bndbox>
      <xmin>918.3333333333335</xmin>
      <ymin>141.66666666666669</ymin>
      <xmax>1371.666666666667</xmax>
      <ymax>565.0</ymax>
    </bndbox>
  </object>
  <object>
    <name>nga</name>
    <pose/>
    <truncated/>
    <difficult/>
    <bndbox>
      <xmin>1588.3333333333335</xmin>
      <ymin>188.33333333333334</ymin>
      <xmax>1965.0</xmax>
      <ymax>598.3333333333334</ymax>
    </bndbox>
  </object>
  <object>
    <name>na</name>
    <pose/>
    <truncated/>
    <difficult/>
    <bndbox>
      <xmin>2141.666666666667</xmin>
      <ymin>268.33333333333337</ymin>
      <xmax>2578.3333333333335</xmax>
      <ymax>625.0</ymax>
    </bndbox>
  </object>
  <object>
    <name>ba</name>
    <pose/>
    <truncated/>
    <difficult/>
    <bndbox>
      <xmin>348.3333333333335</xmin>
      <ymin>1718.3333333333335</ymin>
      <xmax>911.666666666667</xmax>
      <ymax>2125.0</ymax>
    </bndbox>
  </object>
  <object>
    <name>ta</name>
    <pose/>
    <truncated/>
    <difficult/>
    <bndbox>
      <xmin>1118.3333333333335</xmin>
      <ymin>1721.6666666666667</ymin>
      <xmax>1595.0</xmax>
      <ymax>2208.3333333333335</ymax>
    </bndbox>
  </object>
  <object>
    <name>ga</name>
    <pose/>
    <truncated/>
    <difficult/>
    <bndbox>
      <xmin>1781.666666666667</xmin>
      <ymin>1788.3333333333335</ymin>
      <xmax>2338.3333333333335</xmax>
      <ymax>2201.666666666667</ymax>
    </bndbox>
  </object>
</annotation>
