<annotation>
  <folder/>
  <filename>IMG_E1219.jpg</filename>
  <database/>
  <annotation/>
  <image/>
  <size>
    <height>3082</height>
    <width>2718</width>
    <depth>3</depth>
  </size>
  <segmented/>
  <object>
    <name>ga</name>
    <pose/>
    <truncated/>
    <difficult/>
    <bndbox>
      <xmin>159.34482758620697</xmin>
      <ymin>43.10344827586208</ymin>
      <xmax>828.3103448275865</xmax>
      <ymax>532.7586206896552</ymax>
    </bndbox>
  </object>
  <object>
    <name>ha</name>
    <pose/>
    <truncated/>
    <difficult/>
    <bndbox>
      <xmin>1049.0</xmin>
      <ymin>112.0689655172414</ymin>
      <xmax>1766.241379310345</xmax>
      <ymax>574.1379310344828</ymax>
    </bndbox>
  </object>
  <object>
    <name>da</name>
    <pose/>
    <truncated/>
    <difficult/>
    <bndbox>
      <xmin>1955.8965517241381</xmin>
      <ymin>153.44827586206898</ymin>
      <xmax>2507.6206896551726</xmax>
      <ymax>629.3103448275863</ymax>
    </bndbox>
  </object>
  <object>
    <name>a</name>
    <pose/>
    <truncated/>
    <difficult/>
    <bndbox>
      <xmin>262.79310344827604</xmin>
      <ymin>1674.1379310344828</ymin>
      <xmax>1017.9655172413795</xmax>
      <ymax>2150.0</ymax>
    </bndbox>
  </object>
  <object>
    <name>ta</name>
    <pose/>
    <truncated/>
    <difficult/>
    <bndbox>
      <xmin>1238.6551724137935</xmin>
      <ymin>1767.2413793103449</ymin>
      <xmax>1873.1379310344828</xmax>
      <ymax>2377.586206896552</ymax>
    </bndbox>
  </object>
  <object>
    <name>ba</name>
    <pose/>
    <truncated/>
    <difficult/>
    <bndbox>
      <xmin>1962.7931034482763</xmin>
      <ymin>1829.3103448275863</ymin>
      <xmax>2559.344827586207</xmax>
      <ymax>2353.4482758620693</ymax>
    </bndbox>
  </object>
</annotation>
