<annotation>
  <folder/>
  <filename>IMG_E8833.jpg</filename>
  <database/>
  <annotation/>
  <image/>
  <size>
    <height>1169</height>
    <width>2954</width>
    <depth>3</depth>
  </size>
  <segmented/>
  <object>
    <name>te</name>
    <pose/>
    <truncated/>
    <difficult/>
    <bndbox>
      <xmin>66.79245283018868</xmin>
      <ymin>73.81132075471697</ymin>
      <xmax>598.8679245283018</xmax>
      <ymax>483.2452830188679</ymax>
    </bndbox>
  </object>
  <object>
    <name>ra</name>
    <pose/>
    <truncated/>
    <difficult/>
    <bndbox>
      <xmin>832.8301886792452</xmin>
      <ymin>134.18867924528297</ymin>
      <xmax>1319.6226415094338</xmax>
      <ymax>545.5094339622641</ymax>
    </bndbox>
  </object>
  <object>
    <name>go</name>
    <pose/>
    <truncated/>
    <difficult/>
    <bndbox>
      <xmin>1713.9622641509434</xmin>
      <ymin>81.35849056603774</ymin>
      <xmax>2247.9245283018868</xmax>
      <ymax>443.62264150943395</ymax>
    </bndbox>
  </object>
  <object>
    <name>ta</name>
    <pose/>
    <truncated/>
    <difficult/>
    <bndbox>
      <xmin>2478.1132075471696</xmin>
      <ymin>60.60377358490564</ymin>
      <xmax>2863.018867924528</xmax>
      <ymax>500.2264150943396</ymax>
    </bndbox>
  </object>
</annotation>
