<annotation>
  <folder/>
  <filename>IMG_20200522_204127.jpg</filename>
  <database/>
  <annotation/>
  <image/>
  <size>
    <height>1715</height>
    <width>2882</width>
    <depth>3</depth>
  </size>
  <segmented/>
  <object>
    <name>ja</name>
    <pose/>
    <truncated/>
    <difficult/>
    <bndbox>
      <xmin>31.58490566037736</xmin>
      <ymin>117.18867924528303</ymin>
      <xmax>391.9622641509434</xmax>
      <ymax>428.50943396226415</ymax>
    </bndbox>
  </object>
  <object>
    <name>la</name>
    <pose/>
    <truncated/>
    <difficult/>
    <bndbox>
      <xmin>1084.4150943396226</xmin>
      <ymin>162.47169811320754</ymin>
      <xmax>1474.9811320754716</xmax>
      <ymax>439.8301886792453</ymax>
    </bndbox>
  </object>
  <object>
    <name>wa</name>
    <pose/>
    <truncated/>
    <difficult/>
    <bndbox>
      <xmin>2278.754716981132</xmin>
      <ymin>130.39622641509433</ymin>
      <xmax>2629.698113207547</xmax>
      <ymax>411.5283018867924</ymax>
    </bndbox>
  </object>
  <object>
    <name>ya</name>
    <pose/>
    <truncated/>
    <difficult/>
    <bndbox>
      <xmin>58.0</xmin>
      <ymin>1145.4905660377358</ymin>
      <xmax>510.8301886792452</xmax>
      <ymax>1405.8679245283017</ymax>
    </bndbox>
  </object>
  <object>
    <name>nya</name>
    <pose/>
    <truncated/>
    <difficult/>
    <bndbox>
      <xmin>954.2264150943396</xmin>
      <ymin>1179.4528301886792</ymin>
      <xmax>1312.7169811320755</xmax>
      <ymax>1451.1509433962262</ymax>
    </bndbox>
  </object>
  <object>
    <name>nga</name>
    <pose/>
    <truncated/>
    <difficult/>
    <bndbox>
      <xmin>2346.6792452830186</xmin>
      <ymin>1226.6226415094338</ymin>
      <xmax>2624.0377358490564</xmax>
      <ymax>1498.3207547169811</ymax>
    </bndbox>
  </object>
</annotation>
