<annotation>
  <folder/>
  <filename>IMG_20200504_202030.jpg</filename>
  <database/>
  <annotation/>
  <image/>
  <size>
    <height>964</height>
    <width>1110</width>
    <depth>3</depth>
  </size>
  <segmented/>
  <object>
    <name>pa</name>
    <pose/>
    <truncated/>
    <difficult/>
    <bndbox>
      <xmin>23.625</xmin>
      <ymin>10.583333333333334</ymin>
      <xmax>196.54166666666669</xmax>
      <ymax>59.54166666666667</ymax>
    </bndbox>
  </object>
  <object>
    <name>r</name>
    <pose/>
    <truncated/>
    <difficult/>
    <bndbox>
      <xmin>319.45833333333337</xmin>
      <ymin>15.791666666666668</ymin>
      <xmax>512.1666666666667</xmax>
      <ymax>114.75</ymax>
    </bndbox>
  </object>
  <object>
    <name>tu</name>
    <pose/>
    <truncated/>
    <difficult/>
    <bndbox>
      <xmin>594.4583333333334</xmin>
      <ymin>27.25</ymin>
      <xmax>703.8333333333334</xmax>
      <ymax>122.04166666666667</ymax>
    </bndbox>
  </object>
  <object>
    <name>tu</name>
    <pose/>
    <truncated/>
    <difficult/>
    <bndbox>
      <xmin>799.6666666666667</xmin>
      <ymin>9.541666666666668</ymin>
      <xmax>893.4166666666667</xmax>
      <ymax>108.5</ymax>
    </bndbox>
  </object>
  <object>
    <name>ra</name>
    <pose/>
    <truncated/>
    <difficult/>
    <bndbox>
      <xmin>12.166666666666686</xmin>
      <ymin>237.66666666666669</ymin>
      <xmax>153.83333333333337</xmax>
      <ymax>336.625</ymax>
    </bndbox>
  </object>
  <object>
    <name>ra</name>
    <pose/>
    <truncated/>
    <difficult/>
    <bndbox>
      <xmin>291.33333333333337</xmin>
      <ymin>288.70833333333337</ymin>
      <xmax>481.95833333333337</xmax>
      <ymax>369.95833333333337</ymax>
    </bndbox>
  </object>
  <object>
    <name>ni</name>
    <pose/>
    <truncated/>
    <difficult/>
    <bndbox>
      <xmin>583.0</xmin>
      <ymin>297.0416666666667</ymin>
      <xmax>795.5</xmax>
      <ymax>384.5416666666667</ymax>
    </bndbox>
  </object>
  <object>
    <name>si</name>
    <pose/>
    <truncated/>
    <difficult/>
    <bndbox>
      <xmin>2.7916666666666856</xmin>
      <ymin>475.1666666666667</ymin>
      <xmax>136.125</xmax>
      <ymax>624.125</ymax>
    </bndbox>
  </object>
  <object>
    <name>se</name>
    <pose/>
    <truncated/>
    <difficult/>
    <bndbox>
      <xmin>304.875</xmin>
      <ymin>531.4166666666667</ymin>
      <xmax>424.66666666666674</xmax>
      <ymax>658.5</ymax>
    </bndbox>
  </object>
  <object>
    <name>m</name>
    <pose/>
    <truncated/>
    <difficult/>
    <bndbox>
      <xmin>616.3333333333334</xmin>
      <ymin>552.25</ymin>
      <xmax>839.25</xmax>
      <ymax>678.2916666666667</ymax>
    </bndbox>
  </object>
</annotation>
