<annotation>
  <folder/>
  <filename>IMG_20200523_151523.jpg</filename>
  <database/>
  <annotation/>
  <image/>
  <size>
    <height>811</height>
    <width>1068</width>
    <depth>3</depth>
  </size>
  <segmented/>
  <object>
    <name>la</name>
    <pose/>
    <truncated/>
    <difficult/>
    <bndbox>
      <xmin>91.7906976744186</xmin>
      <ymin>14.279069767441861</ymin>
      <xmax>237.13953488372096</xmax>
      <ymax>104.97674418604652</ymax>
    </bndbox>
  </object>
  <object>
    <name>pa</name>
    <pose/>
    <truncated/>
    <difficult/>
    <bndbox>
      <xmin>439.4651162790698</xmin>
      <ymin>43.348837209302324</ymin>
      <xmax>601.0930232558139</xmax>
      <ymax>132.88372093023256</ymax>
    </bndbox>
  </object>
  <object>
    <name>ga</name>
    <pose/>
    <truncated/>
    <difficult/>
    <bndbox>
      <xmin>777.8372093023256</xmin>
      <ymin>59.627906976744185</ymin>
      <xmax>944.1162790697674</xmax>
      <ymax>216.6046511627907</ymax>
    </bndbox>
  </object>
  <object>
    <name>ra</name>
    <pose/>
    <truncated/>
    <difficult/>
    <bndbox>
      <xmin>55.74418604651163</xmin>
      <ymin>317.7674418604651</ymin>
      <xmax>219.69767441860466</xmax>
      <ymax>472.4186046511628</ymax>
    </bndbox>
  </object>
  <object>
    <name>nga</name>
    <pose/>
    <truncated/>
    <difficult/>
    <bndbox>
      <xmin>379.0</xmin>
      <ymin>372.4186046511628</ymin>
      <xmax>638.3023255813954</xmax>
      <ymax>563.1162790697674</ymax>
    </bndbox>
  </object>
  <object>
    <name>ba</name>
    <pose/>
    <truncated/>
    <difficult/>
    <bndbox>
      <xmin>711.5581395348837</xmin>
      <ymin>411.95348837209303</ymin>
      <xmax>915.046511627907</xmax>
      <ymax>609.6279069767442</ymax>
    </bndbox>
  </object>
</annotation>
