<annotation>
  <folder/>
  <filename>IMG_20200523_180435.jpg</filename>
  <database/>
  <annotation/>
  <image/>
  <size>
    <height>1114</height>
    <width>980</width>
    <depth>3</depth>
  </size>
  <segmented/>
  <object>
    <name>sa</name>
    <pose/>
    <truncated/>
    <difficult/>
    <bndbox>
      <xmin>121.14285714285717</xmin>
      <ymin>47.61904761904762</ymin>
      <xmax>249.71428571428567</xmax>
      <ymax>152.38095238095238</ymax>
    </bndbox>
  </object>
  <object>
    <name>ta</name>
    <pose/>
    <truncated/>
    <difficult/>
    <bndbox>
      <xmin>444.95238095238096</xmin>
      <ymin>50.79365079365079</ymin>
      <xmax>538.6031746031746</xmax>
      <ymax>153.96825396825398</ymax>
    </bndbox>
  </object>
  <object>
    <name>nya</name>
    <pose/>
    <truncated/>
    <difficult/>
    <bndbox>
      <xmin>776.6984126984128</xmin>
      <ymin>57.142857142857146</ymin>
      <xmax>883.047619047619</xmax>
      <ymax>163.4920634920635</ymax>
    </bndbox>
  </object>
  <object>
    <name>la</name>
    <pose/>
    <truncated/>
    <difficult/>
    <bndbox>
      <xmin>94.15873015873018</xmin>
      <ymin>633.3333333333334</ymin>
      <xmax>224.31746031746036</xmax>
      <ymax>730.1587301587301</ymax>
    </bndbox>
  </object>
  <object>
    <name>ja</name>
    <pose/>
    <truncated/>
    <difficult/>
    <bndbox>
      <xmin>367.17460317460313</xmin>
      <ymin>641.2698412698412</ymin>
      <xmax>527.4920634920635</xmax>
      <ymax>725.3968253968254</ymax>
    </bndbox>
  </object>
  <object>
    <name>sa</name>
    <pose/>
    <truncated/>
    <difficult/>
    <bndbox>
      <xmin>700.5079365079364</xmin>
      <ymin>617.4603174603175</ymin>
      <xmax>833.8412698412699</xmax>
      <ymax>719.047619047619</ymax>
    </bndbox>
  </object>
</annotation>
