<annotation>
  <folder/>
  <filename>IMG_20200523_165644.jpg</filename>
  <database/>
  <annotation/>
  <image/>
  <size>
    <height>1389</height>
    <width>1206</width>
    <depth>3</depth>
  </size>
  <segmented/>
  <object>
    <name>ba</name>
    <pose/>
    <truncated/>
    <difficult/>
    <bndbox>
      <xmin>141.78787878787875</xmin>
      <ymin>50.54545454545454</ymin>
      <xmax>420.5757575757575</xmax>
      <ymax>315.6969696969697</ymax>
    </bndbox>
  </object>
  <object>
    <name>da</name>
    <pose/>
    <truncated/>
    <difficult/>
    <bndbox>
      <xmin>552.3939393939393</xmin>
      <ymin>23.27272727272727</ymin>
      <xmax>769.060606060606</xmax>
      <ymax>255.09090909090907</ymax>
    </bndbox>
  </object>
  <object>
    <name>nya</name>
    <pose/>
    <truncated/>
    <difficult/>
    <bndbox>
      <xmin>897.8484848484848</xmin>
      <ymin>58.12121212121212</ymin>
      <xmax>1108.4545454545453</xmax>
      <ymax>261.1515151515151</ymax>
    </bndbox>
  </object>
  <object>
    <name>nya</name>
    <pose/>
    <truncated/>
    <difficult/>
    <bndbox>
      <xmin>66.030303030303</xmin>
      <ymin>746.0</ymin>
      <xmax>364.5151515151515</xmax>
      <ymax>1056.6060606060605</ymax>
    </bndbox>
  </object>
  <object>
    <name>ta</name>
    <pose/>
    <truncated/>
    <difficult/>
    <bndbox>
      <xmin>544.8181818181818</xmin>
      <ymin>849.030303030303</ymin>
      <xmax>764.5151515151515</xmax>
      <ymax>1094.4848484848485</ymax>
    </bndbox>
  </object>
  <object>
    <name>nga</name>
    <pose/>
    <truncated/>
    <difficult/>
    <bndbox>
      <xmin>894.8181818181818</xmin>
      <ymin>886.9090909090909</ymin>
      <xmax>1140.2727272727273</xmax>
      <ymax>1121.7575757575758</ymax>
    </bndbox>
  </object>
</annotation>
