<annotation>
  <folder/>
  <filename>IMG_E8827.jpg</filename>
  <database/>
  <annotation/>
  <image/>
  <size>
    <height>3345</height>
    <width>3024</width>
    <depth>3</depth>
  </size>
  <segmented/>
  <object>
    <name>wa</name>
    <pose/>
    <truncated/>
    <difficult/>
    <bndbox>
      <xmin>107.33333333333326</xmin>
      <ymin>65.22222222222221</ymin>
      <xmax>796.2222222222222</xmax>
      <ymax>657.8148148148148</ymax>
    </bndbox>
  </object>
  <object>
    <name>ta</name>
    <pose/>
    <truncated/>
    <difficult/>
    <bndbox>
      <xmin>1148.074074074074</xmin>
      <ymin>35.59259259259258</ymin>
      <xmax>1866.5925925925922</xmax>
      <ymax>720.7777777777777</ymax>
    </bndbox>
  </object>
  <object>
    <name>g</name>
    <pose/>
    <truncated/>
    <difficult/>
    <bndbox>
      <xmin>1892.5185185185182</xmin>
      <ymin>57.81481481481481</ymin>
      <xmax>2729.5555555555557</xmax>
      <ymax>683.7407407407406</ymax>
    </bndbox>
  </object>
  <object>
    <name>wa</name>
    <pose/>
    <truncated/>
    <difficult/>
    <bndbox>
      <xmin>122.14814814814804</xmin>
      <ymin>1024.4814814814815</ymin>
      <xmax>736.962962962963</xmax>
      <ymax>1524.4814814814813</ymax>
    </bndbox>
  </object>
  <object>
    <name>ta</name>
    <pose/>
    <truncated/>
    <difficult/>
    <bndbox>
      <xmin>1229.5555555555552</xmin>
      <ymin>1072.6296296296296</ymin>
      <xmax>1788.8148148148148</xmax>
      <ymax>1517.074074074074</ymax>
    </bndbox>
  </object>
  <object>
    <name>g</name>
    <pose/>
    <truncated/>
    <difficult/>
    <bndbox>
      <xmin>2011.037037037037</xmin>
      <ymin>987.4444444444443</ymin>
      <xmax>2722.148148148148</xmax>
      <ymax>1813.3703703703702</ymax>
    </bndbox>
  </object>
  <object>
    <name>b</name>
    <pose/>
    <truncated/>
    <difficult/>
    <bndbox>
      <xmin>140.66666666666652</xmin>
      <ymin>1905.9629629629628</ymin>
      <xmax>859.1851851851852</xmax>
      <ymax>2424.4814814814813</ymax>
    </bndbox>
  </object>
  <object>
    <name>i</name>
    <pose/>
    <truncated/>
    <difficult/>
    <bndbox>
      <xmin>1229.5555555555552</xmin>
      <ymin>1850.4074074074074</ymin>
      <xmax>1785.1111111111109</xmax>
      <ymax>2691.148148148148</ymax>
    </bndbox>
  </object>
  <object>
    <name>g</name>
    <pose/>
    <truncated/>
    <difficult/>
    <bndbox>
      <xmin>2092.5185185185182</xmin>
      <ymin>1957.8148148148148</ymin>
      <xmax>2925.8518518518513</xmax>
      <ymax>2402.259259259259</ymax>
    </bndbox>
  </object>
</annotation>
