<annotation>
  <folder/>
  <filename>IMG_20200523_130641.jpg</filename>
  <database/>
  <annotation/>
  <image/>
  <size>
    <height>1386</height>
    <width>2072</width>
    <depth>3</depth>
  </size>
  <segmented/>
  <object>
    <name>ja</name>
    <pose/>
    <truncated/>
    <difficult/>
    <bndbox>
      <xmin>74.78787878787878</xmin>
      <ymin>74.3030303030303</ymin>
      <xmax>346.0</xmax>
      <ymax>268.24242424242425</ymax>
    </bndbox>
  </object>
  <object>
    <name>la</name>
    <pose/>
    <truncated/>
    <difficult/>
    <bndbox>
      <xmin>989.939393939394</xmin>
      <ymin>100.06060606060606</ymin>
      <xmax>1273.2727272727273</xmax>
      <ymax>294.0</ymax>
    </bndbox>
  </object>
  <object>
    <name>wa</name>
    <pose/>
    <truncated/>
    <difficult/>
    <bndbox>
      <xmin>1718.7272727272727</xmin>
      <ymin>121.27272727272727</ymin>
      <xmax>2030.8484848484845</xmax>
      <ymax>359.1515151515151</ymax>
    </bndbox>
  </object>
  <object>
    <name>nya</name>
    <pose/>
    <truncated/>
    <difficult/>
    <bndbox>
      <xmin>5.0909090909090935</xmin>
      <ymin>600.060606060606</ymin>
      <xmax>270.24242424242425</xmax>
      <ymax>877.3333333333333</ymax>
    </bndbox>
  </object>
  <object>
    <name>pa</name>
    <pose/>
    <truncated/>
    <difficult/>
    <bndbox>
      <xmin>896.0</xmin>
      <ymin>724.3030303030303</ymin>
      <xmax>1223.2727272727273</xmax>
      <ymax>948.5454545454545</ymax>
    </bndbox>
  </object>
  <object>
    <name>ba</name>
    <pose/>
    <truncated/>
    <difficult/>
    <bndbox>
      <xmin>1752.060606060606</xmin>
      <ymin>790.9696969696969</ymin>
      <xmax>2015.6969696969695</xmax>
      <ymax>1034.9090909090908</ymax>
    </bndbox>
  </object>
</annotation>
