<annotation>
  <folder/>
  <filename>IMG_E1584.jpg</filename>
  <database/>
  <annotation/>
  <image/>
  <size>
    <height>2768</height>
    <width>2372</width>
    <depth>3</depth>
  </size>
  <segmented/>
  <object>
    <name>nga</name>
    <pose/>
    <truncated/>
    <difficult/>
    <bndbox>
      <xmin>117.15151515151501</xmin>
      <ymin>67.81818181818181</ymin>
      <xmax>602.0</xmax>
      <ymax>552.6666666666666</ymax>
    </bndbox>
  </object>
  <object>
    <name>ja</name>
    <pose/>
    <truncated/>
    <difficult/>
    <bndbox>
      <xmin>820.181818181818</xmin>
      <ymin>64.78787878787878</ymin>
      <xmax>1471.6969696969695</xmax>
      <ymax>613.2727272727273</ymax>
    </bndbox>
  </object>
  <object>
    <name>ta</name>
    <pose/>
    <truncated/>
    <difficult/>
    <bndbox>
      <xmin>1659.5757575757575</xmin>
      <ymin>158.72727272727272</ymin>
      <xmax>2208.060606060606</xmax>
      <ymax>710.2424242424242</ymax>
    </bndbox>
  </object>
  <object>
    <name>pa</name>
    <pose/>
    <truncated/>
    <difficult/>
    <bndbox>
      <xmin>123.21212121212125</xmin>
      <ymin>1713.2727272727273</ymin>
      <xmax>635.3333333333333</xmax>
      <ymax>2004.181818181818</ymax>
    </bndbox>
  </object>
  <object>
    <name>ha</name>
    <pose/>
    <truncated/>
    <difficult/>
    <bndbox>
      <xmin>880.7878787878785</xmin>
      <ymin>1576.9090909090908</ymin>
      <xmax>1459.5757575757575</xmax>
      <ymax>2119.333333333333</ymax>
    </bndbox>
  </object>
  <object>
    <name>ga</name>
    <pose/>
    <truncated/>
    <difficult/>
    <bndbox>
      <xmin>1756.5454545454545</xmin>
      <ymin>1655.6969696969695</ymin>
      <xmax>2274.7272727272725</xmax>
      <ymax>2016.3030303030303</ymax>
    </bndbox>
  </object>
</annotation>
