<annotation>
  <folder/>
  <filename>IMG_E1790.jpg</filename>
  <database/>
  <annotation/>
  <image/>
  <size>
    <height>1063</height>
    <width>2783</width>
    <depth>3</depth>
  </size>
  <segmented/>
  <object>
    <name>ma</name>
    <pose/>
    <truncated/>
    <difficult/>
    <bndbox>
      <xmin>40.57142857142857</xmin>
      <ymin>84.78571428571428</ymin>
      <xmax>445.9285714285714</xmax>
      <ymax>363.3571428571428</ymax>
    </bndbox>
  </object>
  <object>
    <name>ja</name>
    <pose/>
    <truncated/>
    <difficult/>
    <bndbox>
      <xmin>601.2857142857142</xmin>
      <ymin>70.49999999999994</ymin>
      <xmax>1029.8571428571427</xmax>
      <ymax>375.8571428571428</ymax>
    </bndbox>
  </object>
  <object>
    <name>wa</name>
    <pose/>
    <truncated/>
    <difficult/>
    <bndbox>
      <xmin>1129.8571428571427</xmin>
      <ymin>106.21428571428567</ymin>
      <xmax>1470.9285714285713</xmax>
      <ymax>381.21428571428567</ymax>
    </bndbox>
  </object>
  <object>
    <name>ha</name>
    <pose/>
    <truncated/>
    <difficult/>
    <bndbox>
      <xmin>1617.3571428571427</xmin>
      <ymin>77.64285714285711</ymin>
      <xmax>1915.5714285714284</xmax>
      <ymax>390.1428571428571</ymax>
    </bndbox>
  </object>
  <object>
    <name>ga</name>
    <pose/>
    <truncated/>
    <difficult/>
    <bndbox>
      <xmin>2011.9999999999998</xmin>
      <ymin>95.49999999999994</ymin>
      <xmax>2295.928571428571</xmax>
      <ymax>343.71428571428567</ymax>
    </bndbox>
  </object>
  <object>
    <name>ya</name>
    <pose/>
    <truncated/>
    <difficult/>
    <bndbox>
      <xmin>2376.285714285714</xmin>
      <ymin>131.21428571428567</ymin>
      <xmax>2724.4999999999995</xmax>
      <ymax>374.07142857142856</ymax>
    </bndbox>
  </object>
</annotation>
