<annotation>
  <folder/>
  <filename>IMG_20200505_140943.jpg</filename>
  <database/>
  <annotation/>
  <image/>
  <size>
    <height>2522</height>
    <width>3444</width>
    <depth>3</depth>
  </size>
  <segmented/>
  <object>
    <name>bi</name>
    <pose/>
    <truncated/>
    <difficult/>
    <bndbox>
      <xmin>191.55555555555554</xmin>
      <ymin>8.444444444444443</ymin>
      <xmax>838.7777777777778</xmax>
      <ymax>239.0</ymax>
    </bndbox>
  </object>
  <object>
    <name>lo</name>
    <pose/>
    <truncated/>
    <difficult/>
    <bndbox>
      <xmin>1352.6666666666667</xmin>
      <ymin>2.888888888888893</ymin>
      <xmax>2024.8888888888891</xmax>
      <ymax>283.44444444444446</ymax>
    </bndbox>
  </object>
  <object>
    <name>ho</name>
    <pose/>
    <truncated/>
    <difficult/>
    <bndbox>
      <xmin>2655.4444444444443</xmin>
      <ymin>75.11111111111111</ymin>
      <xmax>3147.1111111111113</xmax>
      <ymax>433.44444444444446</ymax>
    </bndbox>
  </object>
  <object>
    <name>pang</name>
    <pose/>
    <truncated/>
    <difficult/>
    <bndbox>
      <xmin>172.11111111111114</xmin>
      <ymin>1489.0</ymin>
      <xmax>691.5555555555557</xmax>
      <ymax>1772.3333333333335</ymax>
    </bndbox>
  </object>
  <object>
    <name>gang</name>
    <pose/>
    <truncated/>
    <difficult/>
    <bndbox>
      <xmin>1299.888888888889</xmin>
      <ymin>1561.2222222222222</ymin>
      <xmax>1974.8888888888891</xmax>
      <ymax>1944.5555555555557</ymax>
    </bndbox>
  </object>
  <object>
    <name>ji</name>
    <pose/>
    <truncated/>
    <difficult/>
    <bndbox>
      <xmin>2544.3333333333335</xmin>
      <ymin>1555.6666666666667</ymin>
      <xmax>3297.1111111111113</xmax>
      <ymax>1911.2222222222224</ymax>
    </bndbox>
  </object>
</annotation>
