<annotation>
  <folder/>
  <filename>IMG_E1618.jpg</filename>
  <database/>
  <annotation/>
  <image/>
  <size>
    <height>3194</height>
    <width>2734</width>
    <depth>3</depth>
  </size>
  <segmented/>
  <object>
    <name>pa</name>
    <pose/>
    <truncated/>
    <difficult/>
    <bndbox>
      <xmin>53.42857142857133</xmin>
      <ymin>177.57142857142856</ymin>
      <xmax>596.285714285714</xmax>
      <ymax>491.8571428571428</ymax>
    </bndbox>
  </object>
  <object>
    <name>ya</name>
    <pose/>
    <truncated/>
    <difficult/>
    <bndbox>
      <xmin>771.2857142857142</xmin>
      <ymin>123.99999999999997</ymin>
      <xmax>1589.1428571428569</xmax>
      <ymax>609.7142857142857</ymax>
    </bndbox>
  </object>
  <object>
    <name>ha</name>
    <pose/>
    <truncated/>
    <difficult/>
    <bndbox>
      <xmin>1856.9999999999995</xmin>
      <ymin>159.7142857142857</ymin>
      <xmax>2560.571428571428</xmax>
      <ymax>720.4285714285713</ymax>
    </bndbox>
  </object>
  <object>
    <name>sa</name>
    <pose/>
    <truncated/>
    <difficult/>
    <bndbox>
      <xmin>124.85714285714266</xmin>
      <ymin>1481.142857142857</ymin>
      <xmax>678.4285714285711</xmax>
      <ymax>2149.0</ymax>
    </bndbox>
  </object>
  <object>
    <name>nya</name>
    <pose/>
    <truncated/>
    <difficult/>
    <bndbox>
      <xmin>1049.8571428571427</xmin>
      <ymin>1616.8571428571427</ymin>
      <xmax>1614.1428571428569</xmax>
      <ymax>2241.8571428571427</ymax>
    </bndbox>
  </object>
  <object>
    <name>ta</name>
    <pose/>
    <truncated/>
    <difficult/>
    <bndbox>
      <xmin>1989.1428571428569</xmin>
      <ymin>1663.2857142857142</ymin>
      <xmax>2567.7142857142853</xmax>
      <ymax>2302.5714285714284</ymax>
    </bndbox>
  </object>
</annotation>
