<annotation>
  <folder/>
  <filename>IMG_E9283.jpg</filename>
  <database/>
  <annotation/>
  <image/>
  <size>
    <height>885</height>
    <width>2764</width>
    <depth>3</depth>
  </size>
  <segmented/>
  <object>
    <name>ga</name>
    <pose/>
    <truncated/>
    <difficult/>
    <bndbox>
      <xmin>33.94339622641509</xmin>
      <ymin>69.54716981132071</ymin>
      <xmax>358.47169811320754</xmax>
      <ymax>314.8301886792452</ymax>
    </bndbox>
  </object>
  <object>
    <name>nye</name>
    <pose/>
    <truncated/>
    <difficult/>
    <bndbox>
      <xmin>466.01886792452825</xmin>
      <ymin>41.245283018867894</ymin>
      <xmax>847.1509433962264</xmax>
      <ymax>384.64150943396226</ymax>
    </bndbox>
  </object>
  <object>
    <name>pi</name>
    <pose/>
    <truncated/>
    <difficult/>
    <bndbox>
      <xmin>916.9622641509434</xmin>
      <ymin>139.35849056603774</ymin>
      <xmax>1264.132075471698</xmax>
      <ymax>390.3018867924528</ymax>
    </bndbox>
  </object>
  <object>
    <name>yang</name>
    <pose/>
    <truncated/>
    <difficult/>
    <bndbox>
      <xmin>1313.1886792452829</xmin>
      <ymin>129.92452830188677</ymin>
      <xmax>1747.1509433962262</xmax>
      <ymax>426.15094339622635</ymax>
    </bndbox>
  </object>
  <object>
    <name>ma</name>
    <pose/>
    <truncated/>
    <difficult/>
    <bndbox>
      <xmin>1843.377358490566</xmin>
      <ymin>139.35849056603774</ymin>
      <xmax>2320.7358490566035</xmax>
      <ymax>386.5283018867924</ymax>
    </bndbox>
  </object>
  <object>
    <name>ngu</name>
    <pose/>
    <truncated/>
    <difficult/>
    <bndbox>
      <xmin>2415.0754716981132</xmin>
      <ymin>156.33962264150944</ymin>
      <xmax>2760.3584905660377</xmax>
      <ymax>531.8113207547169</ymax>
    </bndbox>
  </object>
</annotation>
