<annotation>
  <folder/>
  <filename>IMG_20200523_165137.jpg</filename>
  <database/>
  <annotation/>
  <image/>
  <size>
    <height>1376</height>
    <width>1198</width>
    <depth>3</depth>
  </size>
  <segmented/>
  <object>
    <name>ra</name>
    <pose/>
    <truncated/>
    <difficult/>
    <bndbox>
      <xmin>90.17910447761187</xmin>
      <ymin>62.6865671641791</ymin>
      <xmax>376.7462686567163</xmax>
      <ymax>270.14925373134326</ymax>
    </bndbox>
  </object>
  <object>
    <name>sa</name>
    <pose/>
    <truncated/>
    <difficult/>
    <bndbox>
      <xmin>499.1343283582089</xmin>
      <ymin>50.74626865671642</ymin>
      <xmax>749.8805970149253</xmax>
      <ymax>268.65671641791045</ymax>
    </bndbox>
  </object>
  <object>
    <name>pa</name>
    <pose/>
    <truncated/>
    <difficult/>
    <bndbox>
      <xmin>851.3731343283582</xmin>
      <ymin>49.253731343283576</ymin>
      <xmax>1096.1492537313432</xmax>
      <ymax>253.73134328358208</ymax>
    </bndbox>
  </object>
  <object>
    <name>ja</name>
    <pose/>
    <truncated/>
    <difficult/>
    <bndbox>
      <xmin>2.1194029850745437</xmin>
      <ymin>900.0</ymin>
      <xmax>196.14925373134326</xmax>
      <ymax>1061.1940298507461</ymax>
    </bndbox>
  </object>
  <object>
    <name>ga</name>
    <pose/>
    <truncated/>
    <difficult/>
    <bndbox>
      <xmin>351.3731343283581</xmin>
      <ymin>913.4328358208954</ymin>
      <xmax>591.6716417910447</xmax>
      <ymax>1129.8507462686566</ymax>
    </bndbox>
  </object>
  <object>
    <name>a</name>
    <pose/>
    <truncated/>
    <difficult/>
    <bndbox>
      <xmin>745.4029850746267</xmin>
      <ymin>916.4179104477612</ymin>
      <xmax>994.6567164179103</xmax>
      <ymax>1123.8805970149253</ymax>
    </bndbox>
  </object>
</annotation>
