<annotation>
  <folder/>
  <filename>IMG_20200523_151939.jpg</filename>
  <database/>
  <annotation/>
  <image/>
  <size>
    <height>1387</height>
    <width>1234</width>
    <depth>3</depth>
  </size>
  <segmented/>
  <object>
    <name>ta</name>
    <pose/>
    <truncated/>
    <difficult/>
    <bndbox>
      <xmin>74.0</xmin>
      <ymin>60.0</ymin>
      <xmax>236.0</xmax>
      <ymax>198.0</ymax>
    </bndbox>
  </object>
  <object>
    <name>na</name>
    <pose/>
    <truncated/>
    <difficult/>
    <bndbox>
      <xmin>392.0</xmin>
      <ymin>44.0</ymin>
      <xmax>636.0</xmax>
      <ymax>218.0</ymax>
    </bndbox>
  </object>
  <object>
    <name>wa</name>
    <pose/>
    <truncated/>
    <difficult/>
    <bndbox>
      <xmin>814.0</xmin>
      <ymin>50.0</ymin>
      <xmax>1052.0</xmax>
      <ymax>192.0</ymax>
    </bndbox>
  </object>
  <object>
    <name>ya</name>
    <pose/>
    <truncated/>
    <difficult/>
    <bndbox>
      <xmin>70.0</xmin>
      <ymin>680.0</ymin>
      <xmax>306.0</xmax>
      <ymax>892.0</ymax>
    </bndbox>
  </object>
  <object>
    <name>ta</name>
    <pose/>
    <truncated/>
    <difficult/>
    <bndbox>
      <xmin>466.0</xmin>
      <ymin>668.0</ymin>
      <xmax>654.0</xmax>
      <ymax>832.0</ymax>
    </bndbox>
  </object>
  <object>
    <name>na</name>
    <pose/>
    <truncated/>
    <difficult/>
    <bndbox>
      <xmin>820.0</xmin>
      <ymin>608.0</ymin>
      <xmax>1098.0</xmax>
      <ymax>822.0</ymax>
    </bndbox>
  </object>
</annotation>
