<annotation>
  <folder/>
  <filename>IMG_20200522_222656.jpg</filename>
  <database/>
  <annotation/>
  <image/>
  <size>
    <height>1520</height>
    <width>2542</width>
    <depth>3</depth>
  </size>
  <segmented/>
  <object>
    <name>a</name>
    <pose/>
    <truncated/>
    <difficult/>
    <bndbox>
      <xmin>103.66666666666669</xmin>
      <ymin>49.333333333333336</ymin>
      <xmax>480.33333333333337</xmax>
      <ymax>311.0</ymax>
    </bndbox>
  </object>
  <object>
    <name>la</name>
    <pose/>
    <truncated/>
    <difficult/>
    <bndbox>
      <xmin>1043.6666666666667</xmin>
      <ymin>29.333333333333336</ymin>
      <xmax>1318.6666666666667</xmax>
      <ymax>272.6666666666667</ymax>
    </bndbox>
  </object>
  <object>
    <name>wa</name>
    <pose/>
    <truncated/>
    <difficult/>
    <bndbox>
      <xmin>1880.3333333333335</xmin>
      <ymin>22.666666666666668</ymin>
      <xmax>2260.3333333333335</xmax>
      <ymax>291.0</ymax>
    </bndbox>
  </object>
  <object>
    <name>ya</name>
    <pose/>
    <truncated/>
    <difficult/>
    <bndbox>
      <xmin>72.0</xmin>
      <ymin>809.3333333333334</ymin>
      <xmax>458.6666666666667</xmax>
      <ymax>1126.0</ymax>
    </bndbox>
  </object>
  <object>
    <name>nya</name>
    <pose/>
    <truncated/>
    <difficult/>
    <bndbox>
      <xmin>1073.6666666666667</xmin>
      <ymin>887.6666666666667</ymin>
      <xmax>1363.6666666666667</xmax>
      <ymax>1197.6666666666667</ymax>
    </bndbox>
  </object>
  <object>
    <name>nga</name>
    <pose/>
    <truncated/>
    <difficult/>
    <bndbox>
      <xmin>1948.6666666666667</xmin>
      <ymin>906.0</ymin>
      <xmax>2298.666666666667</xmax>
      <ymax>1189.3333333333335</ymax>
    </bndbox>
  </object>
</annotation>
