<annotation>
  <folder/>
  <filename>IMG_E1355.jpg</filename>
  <database/>
  <annotation/>
  <image/>
  <size>
    <height>2734</height>
    <width>2530</width>
    <depth>3</depth>
  </size>
  <segmented/>
  <object>
    <name>wa</name>
    <pose/>
    <truncated/>
    <difficult/>
    <bndbox>
      <xmin>184.0</xmin>
      <ymin>96.27272727272727</ymin>
      <xmax>808.2424242424242</xmax>
      <ymax>584.1515151515151</ymax>
    </bndbox>
  </object>
  <object>
    <name>ra</name>
    <pose/>
    <truncated/>
    <difficult/>
    <bndbox>
      <xmin>935.5151515151515</xmin>
      <ymin>50.81818181818181</ymin>
      <xmax>1511.272727272727</xmax>
      <ymax>487.18181818181813</ymax>
    </bndbox>
  </object>
  <object>
    <name>ja</name>
    <pose/>
    <truncated/>
    <difficult/>
    <bndbox>
      <xmin>1665.8181818181815</xmin>
      <ymin>114.45454545454544</ymin>
      <xmax>2311.272727272727</xmax>
      <ymax>556.8787878787879</ymax>
    </bndbox>
  </object>
  <object>
    <name>ma</name>
    <pose/>
    <truncated/>
    <difficult/>
    <bndbox>
      <xmin>138.5454545454545</xmin>
      <ymin>1441.7272727272727</ymin>
      <xmax>880.9696969696968</xmax>
      <ymax>1920.5151515151515</ymax>
    </bndbox>
  </object>
  <object>
    <name>pa</name>
    <pose/>
    <truncated/>
    <difficult/>
    <bndbox>
      <xmin>1068.8484848484845</xmin>
      <ymin>1514.4545454545453</ymin>
      <xmax>1626.4242424242425</xmax>
      <ymax>2162.939393939394</ymax>
    </bndbox>
  </object>
  <object>
    <name>da</name>
    <pose/>
    <truncated/>
    <difficult/>
    <bndbox>
      <xmin>1850.6666666666665</xmin>
      <ymin>1532.6363636363635</ymin>
      <xmax>2465.8181818181815</xmax>
      <ymax>2002.3333333333333</ymax>
    </bndbox>
  </object>
</annotation>
