<annotation>
  <folder/>
  <filename>IMG_E1746.jpg</filename>
  <database/>
  <annotation/>
  <image/>
  <size>
    <height>3103</height>
    <width>2669</width>
    <depth>3</depth>
  </size>
  <segmented/>
  <object>
    <name>ga</name>
    <pose/>
    <truncated/>
    <difficult/>
    <bndbox>
      <xmin>121.0</xmin>
      <ymin>112.7241379310345</ymin>
      <xmax>741.689655172414</xmax>
      <ymax>450.65517241379314</ymax>
    </bndbox>
  </object>
  <object>
    <name>na</name>
    <pose/>
    <truncated/>
    <difficult/>
    <bndbox>
      <xmin>865.8275862068967</xmin>
      <ymin>143.75862068965517</ymin>
      <xmax>1410.6551724137935</xmax>
      <ymax>574.7931034482759</ymax>
    </bndbox>
  </object>
  <object>
    <name>ra</name>
    <pose/>
    <truncated/>
    <difficult/>
    <bndbox>
      <xmin>1572.7241379310349</xmin>
      <ymin>112.7241379310345</ymin>
      <xmax>2224.4482758620693</xmax>
      <ymax>623.0689655172414</ymax>
    </bndbox>
  </object>
  <object>
    <name>ja</name>
    <pose/>
    <truncated/>
    <difficult/>
    <bndbox>
      <xmin>317.55172413793116</xmin>
      <ymin>1478.2413793103449</ymin>
      <xmax>924.4482758620693</xmax>
      <ymax>2047.2068965517242</ymax>
    </bndbox>
  </object>
  <object>
    <name>ya</name>
    <pose/>
    <truncated/>
    <difficult/>
    <bndbox>
      <xmin>1114.1034482758623</xmin>
      <ymin>1602.3793103448277</ymin>
      <xmax>1748.586206896552</xmax>
      <ymax>2074.793103448276</ymax>
    </bndbox>
  </object>
  <object>
    <name>pa</name>
    <pose/>
    <truncated/>
    <difficult/>
    <bndbox>
      <xmin>1979.6206896551726</xmin>
      <ymin>1698.9310344827588</ymin>
      <xmax>2510.6551724137935</xmax>
      <ymax>2005.8275862068967</ymax>
    </bndbox>
  </object>
</annotation>
