<annotation>
  <folder/>
  <filename>IMG_E1551.jpg</filename>
  <database/>
  <annotation/>
  <image/>
  <size>
    <height>983</height>
    <width>3024</width>
    <depth>3</depth>
  </size>
  <segmented/>
  <object>
    <name>pa</name>
    <pose/>
    <truncated/>
    <difficult/>
    <bndbox>
      <xmin>97.07692307692308</xmin>
      <ymin>126.15384615384619</ymin>
      <xmax>443.2307692307692</xmax>
      <ymax>310.7692307692307</ymax>
    </bndbox>
  </object>
  <object>
    <name>sa</name>
    <pose/>
    <truncated/>
    <difficult/>
    <bndbox>
      <xmin>622.0769230769231</xmin>
      <ymin>101.15384615384613</ymin>
      <xmax>966.3076923076923</xmax>
      <ymax>416.53846153846155</ymax>
    </bndbox>
  </object>
  <object>
    <name>ha</name>
    <pose/>
    <truncated/>
    <difficult/>
    <bndbox>
      <xmin>1112.4615384615383</xmin>
      <ymin>112.69230769230768</ymin>
      <xmax>1502.8461538461538</xmax>
      <ymax>426.1538461538461</ymax>
    </bndbox>
  </object>
  <object>
    <name>ma</name>
    <pose/>
    <truncated/>
    <difficult/>
    <bndbox>
      <xmin>1599.0</xmin>
      <ymin>143.46153846153845</ymin>
      <xmax>2029.7692307692307</xmax>
      <ymax>455.0</ymax>
    </bndbox>
  </object>
  <object>
    <name>sa</name>
    <pose/>
    <truncated/>
    <difficult/>
    <bndbox>
      <xmin>2168.230769230769</xmin>
      <ymin>130.0</ymin>
      <xmax>2460.5384615384614</xmax>
      <ymax>439.61538461538464</ymax>
    </bndbox>
  </object>
  <object>
    <name>ta</name>
    <pose/>
    <truncated/>
    <difficult/>
    <bndbox>
      <xmin>2575.9230769230767</xmin>
      <ymin>155.0</ymin>
      <xmax>2891.3076923076924</xmax>
      <ymax>503.0769230769231</ymax>
    </bndbox>
  </object>
</annotation>
