<annotation>
  <folder/>
  <filename>IMG_E1545.jpg</filename>
  <database/>
  <annotation/>
  <image/>
  <size>
    <height>3003</height>
    <width>2657</width>
    <depth>3</depth>
  </size>
  <segmented/>
  <object>
    <name>a</name>
    <pose/>
    <truncated/>
    <difficult/>
    <bndbox>
      <xmin>72.66666666666674</xmin>
      <ymin>67.33333333333334</ymin>
      <xmax>642.6666666666667</xmax>
      <ymax>510.66666666666674</ymax>
    </bndbox>
  </object>
  <object>
    <name>ga</name>
    <pose/>
    <truncated/>
    <difficult/>
    <bndbox>
      <xmin>862.666666666667</xmin>
      <ymin>134.0</ymin>
      <xmax>1466.0</xmax>
      <ymax>510.66666666666674</ymax>
    </bndbox>
  </object>
  <object>
    <name>nga</name>
    <pose/>
    <truncated/>
    <difficult/>
    <bndbox>
      <xmin>1582.666666666667</xmin>
      <ymin>74.0</ymin>
      <xmax>2109.3333333333335</xmax>
      <ymax>617.3333333333334</ymax>
    </bndbox>
  </object>
  <object>
    <name>nya</name>
    <pose/>
    <truncated/>
    <difficult/>
    <bndbox>
      <xmin>262.66666666666674</xmin>
      <ymin>1480.6666666666667</ymin>
      <xmax>919.3333333333335</xmax>
      <ymax>2177.3333333333335</ymax>
    </bndbox>
  </object>
  <object>
    <name>a</name>
    <pose/>
    <truncated/>
    <difficult/>
    <bndbox>
      <xmin>1172.666666666667</xmin>
      <ymin>1634.0</ymin>
      <xmax>1912.666666666667</xmax>
      <ymax>2170.666666666667</ymax>
    </bndbox>
  </object>
  <object>
    <name>ra</name>
    <pose/>
    <truncated/>
    <difficult/>
    <bndbox>
      <xmin>2122.666666666667</xmin>
      <ymin>1674.0</ymin>
      <xmax>2649.3333333333335</xmax>
      <ymax>2187.3333333333335</ymax>
    </bndbox>
  </object>
</annotation>
