<annotation>
  <folder/>
  <filename>IMG_20200505_103302.jpg</filename>
  <database/>
  <annotation/>
  <image/>
  <size>
    <height>1476</height>
    <width>1994</width>
    <depth>3</depth>
  </size>
  <segmented/>
  <object>
    <name>di</name>
    <pose/>
    <truncated/>
    <difficult/>
    <bndbox>
      <xmin>132.6984126984127</xmin>
      <ymin>19.22222222222222</ymin>
      <xmax>364.44444444444446</xmax>
      <ymax>252.55555555555554</ymax>
    </bndbox>
  </object>
  <object>
    <name>pa</name>
    <pose/>
    <truncated/>
    <difficult/>
    <bndbox>
      <xmin>500.95238095238096</xmin>
      <ymin>77.95238095238095</ymin>
      <xmax>766.031746031746</xmax>
      <ymax>258.9047619047619</ymax>
    </bndbox>
  </object>
  <object>
    <name>ma</name>
    <pose/>
    <truncated/>
    <difficult/>
    <bndbox>
      <xmin>920.0</xmin>
      <ymin>133.5079365079365</ymin>
      <xmax>1178.7301587301588</xmax>
      <ymax>363.6666666666667</ymax>
    </bndbox>
  </object>
  <object>
    <name>lu</name>
    <pose/>
    <truncated/>
    <difficult/>
    <bndbox>
      <xmin>1426.3492063492063</xmin>
      <ymin>309.6984126984127</ymin>
      <xmax>1658.095238095238</xmax>
      <ymax>447.7936507936508</ymax>
    </bndbox>
  </object>
  <object>
    <name>m</name>
    <pose/>
    <truncated/>
    <difficult/>
    <bndbox>
      <xmin>61.269841269841265</xmin>
      <ymin>635.0952380952381</ymin>
      <xmax>413.6507936507936</xmax>
      <ymax>809.6984126984127</ymax>
    </bndbox>
  </object>
  <object>
    <name>su</name>
    <pose/>
    <truncated/>
    <difficult/>
    <bndbox>
      <xmin>550.1587301587301</xmin>
      <ymin>757.3174603174604</ymin>
      <xmax>804.1269841269841</xmax>
      <ymax>1009.6984126984127</ymax>
    </bndbox>
  </object>
  <object>
    <name>hu</name>
    <pose/>
    <truncated/>
    <difficult/>
    <bndbox>
      <xmin>1043.8095238095239</xmin>
      <ymin>846.2063492063492</ymin>
      <xmax>1307.3015873015872</xmax>
      <ymax>1079.5396825396826</ymax>
    </bndbox>
  </object>
  <object>
    <name>ng</name>
    <pose/>
    <truncated/>
    <difficult/>
    <bndbox>
      <xmin>1494.6031746031747</xmin>
      <ymin>922.3968253968254</ymin>
      <xmax>1848.5714285714287</xmax>
      <ymax>1093.8253968253969</ymax>
    </bndbox>
  </object>
</annotation>
