<annotation>
  <folder/>
  <filename>IMG_E1593.jpg</filename>
  <database/>
  <annotation/>
  <image/>
  <size>
    <height>2778</height>
    <width>2515</width>
    <depth>3</depth>
  </size>
  <segmented/>
  <object>
    <name>ya</name>
    <pose/>
    <truncated/>
    <difficult/>
    <bndbox>
      <xmin>21.4848484848485</xmin>
      <ymin>121.30303030303028</ymin>
      <xmax>551.7878787878788</xmax>
      <ymax>445.5454545454545</ymax>
    </bndbox>
  </object>
  <object>
    <name>wa</name>
    <pose/>
    <truncated/>
    <difficult/>
    <bndbox>
      <xmin>724.5151515151515</xmin>
      <ymin>100.09090909090908</ymin>
      <xmax>1309.363636363636</xmax>
      <ymax>430.3939393939394</ymax>
    </bndbox>
  </object>
  <object>
    <name>ra</name>
    <pose/>
    <truncated/>
    <difficult/>
    <bndbox>
      <xmin>1545.7272727272725</xmin>
      <ymin>124.33333333333331</ymin>
      <xmax>2036.6363636363635</xmax>
      <ymax>515.2424242424242</ymax>
    </bndbox>
  </object>
  <object>
    <name>sa</name>
    <pose/>
    <truncated/>
    <difficult/>
    <bndbox>
      <xmin>239.66666666666652</xmin>
      <ymin>1424.3333333333333</ymin>
      <xmax>739.6666666666665</xmax>
      <ymax>1960.6969696969695</ymax>
    </bndbox>
  </object>
  <object>
    <name>ma</name>
    <pose/>
    <truncated/>
    <difficult/>
    <bndbox>
      <xmin>933.6060606060605</xmin>
      <ymin>1491.0</ymin>
      <xmax>1630.5757575757575</xmax>
      <ymax>1966.7575757575758</ymax>
    </bndbox>
  </object>
  <object>
    <name>na</name>
    <pose/>
    <truncated/>
    <difficult/>
    <bndbox>
      <xmin>1897.242424242424</xmin>
      <ymin>1533.4242424242423</ymin>
      <xmax>2412.393939393939</xmax>
      <ymax>1957.6666666666665</ymax>
    </bndbox>
  </object>
</annotation>
