<annotation>
  <folder/>
  <filename>IMG_E1181.jpg</filename>
  <database/>
  <annotation/>
  <image/>
  <size>
    <height>2704</height>
    <width>2691</width>
    <depth>3</depth>
  </size>
  <segmented/>
  <object>
    <name>ya</name>
    <pose/>
    <truncated/>
    <difficult/>
    <bndbox>
      <xmin>125.17647058823513</xmin>
      <ymin>192.05882352941174</ymin>
      <xmax>654.5882352941176</xmax>
      <ymax>683.235294117647</ymax>
    </bndbox>
  </object>
  <object>
    <name>ga</name>
    <pose/>
    <truncated/>
    <difficult/>
    <bndbox>
      <xmin>754.5882352941176</xmin>
      <ymin>183.23529411764704</ymin>
      <xmax>1263.411764705882</xmax>
      <ymax>659.7058823529411</ymax>
    </bndbox>
  </object>
  <object>
    <name>ta</name>
    <pose/>
    <truncated/>
    <difficult/>
    <bndbox>
      <xmin>1416.3529411764703</xmin>
      <ymin>200.88235294117646</ymin>
      <xmax>1860.4705882352937</xmax>
      <ymax>680.2941176470588</ymax>
    </bndbox>
  </object>
  <object>
    <name>nga</name>
    <pose/>
    <truncated/>
    <difficult/>
    <bndbox>
      <xmin>2060.4705882352937</xmin>
      <ymin>215.58823529411762</ymin>
      <xmax>2539.882352941176</xmax>
      <ymax>759.7058823529411</ymax>
    </bndbox>
  </object>
  <object>
    <name>ha</name>
    <pose/>
    <truncated/>
    <difficult/>
    <bndbox>
      <xmin>104.58823529411757</xmin>
      <ymin>1468.5294117647059</ymin>
      <xmax>481.0588235294117</xmax>
      <ymax>1883.2352941176468</ymax>
    </bndbox>
  </object>
  <object>
    <name>ma</name>
    <pose/>
    <truncated/>
    <difficult/>
    <bndbox>
      <xmin>701.6470588235293</xmin>
      <ymin>1495.0</ymin>
      <xmax>1331.0588235294117</xmax>
      <ymax>1997.941176470588</ymax>
    </bndbox>
  </object>
  <object>
    <name>ra</name>
    <pose/>
    <truncated/>
    <difficult/>
    <bndbox>
      <xmin>1501.6470588235293</xmin>
      <ymin>1615.5882352941176</ymin>
      <xmax>2031.0588235294117</xmax>
      <ymax>2039.1176470588234</ymax>
    </bndbox>
  </object>
  <object>
    <name>sa</name>
    <pose/>
    <truncated/>
    <difficult/>
    <bndbox>
      <xmin>2154.5882352941176</xmin>
      <ymin>1521.470588235294</ymin>
      <xmax>2636.941176470588</xmax>
      <ymax>2042.0588235294117</ymax>
    </bndbox>
  </object>
</annotation>
