<annotation>
  <folder/>
  <filename>IMG_E1786.jpg</filename>
  <database/>
  <annotation/>
  <image/>
  <size>
    <height>2632</height>
    <width>2535</width>
    <depth>3</depth>
  </size>
  <segmented/>
  <object>
    <name>wa</name>
    <pose/>
    <truncated/>
    <difficult/>
    <bndbox>
      <xmin>36.142857142857</xmin>
      <ymin>66.57142857142857</ymin>
      <xmax>516.1428571428571</xmax>
      <ymax>349.4285714285714</ymax>
    </bndbox>
  </object>
  <object>
    <name>nya</name>
    <pose/>
    <truncated/>
    <difficult/>
    <bndbox>
      <xmin>744.7142857142856</xmin>
      <ymin>52.28571428571428</ymin>
      <xmax>1184.7142857142853</xmax>
      <ymax>455.1428571428571</ymax>
    </bndbox>
  </object>
  <object>
    <name>na</name>
    <pose/>
    <truncated/>
    <difficult/>
    <bndbox>
      <xmin>1339.0</xmin>
      <ymin>166.57142857142856</ymin>
      <xmax>1733.2857142857142</xmax>
      <ymax>506.5714285714285</ymax>
    </bndbox>
  </object>
  <object>
    <name>ga</name>
    <pose/>
    <truncated/>
    <difficult/>
    <bndbox>
      <xmin>1918.9999999999995</xmin>
      <ymin>203.7142857142857</ymin>
      <xmax>2398.9999999999995</xmax>
      <ymax>503.71428571428567</ymax>
    </bndbox>
  </object>
  <object>
    <name>ra</name>
    <pose/>
    <truncated/>
    <difficult/>
    <bndbox>
      <xmin>107.57142857142844</xmin>
      <ymin>1315.142857142857</ymin>
      <xmax>521.8571428571427</xmax>
      <ymax>1735.1428571428569</ymax>
    </bndbox>
  </object>
  <object>
    <name>sa</name>
    <pose/>
    <truncated/>
    <difficult/>
    <bndbox>
      <xmin>793.2857142857142</xmin>
      <ymin>1346.5714285714284</ymin>
      <xmax>1253.2857142857142</xmax>
      <ymax>1880.8571428571427</ymax>
    </bndbox>
  </object>
  <object>
    <name>la</name>
    <pose/>
    <truncated/>
    <difficult/>
    <bndbox>
      <xmin>1404.7142857142853</xmin>
      <ymin>1480.8571428571427</ymin>
      <xmax>1847.5714285714284</xmax>
      <ymax>1849.4285714285713</ymax>
    </bndbox>
  </object>
  <object>
    <name>ta</name>
    <pose/>
    <truncated/>
    <difficult/>
    <bndbox>
      <xmin>2067.5714285714284</xmin>
      <ymin>1500.8571428571427</ymin>
      <xmax>2436.142857142857</xmax>
      <ymax>1857.9999999999998</ymax>
    </bndbox>
  </object>
</annotation>
