<annotation>
  <folder/>
  <filename>IMG_E1580.jpg</filename>
  <database/>
  <annotation/>
  <image/>
  <size>
    <height>3037</height>
    <width>2619</width>
    <depth>3</depth>
  </size>
  <segmented/>
  <object>
    <name>ba</name>
    <pose/>
    <truncated/>
    <difficult/>
    <bndbox>
      <xmin>53.66666666666674</xmin>
      <ymin>57.66666666666667</ymin>
      <xmax>730.3333333333335</xmax>
      <ymax>554.3333333333334</ymax>
    </bndbox>
  </object>
  <object>
    <name>ra</name>
    <pose/>
    <truncated/>
    <difficult/>
    <bndbox>
      <xmin>853.666666666667</xmin>
      <ymin>104.33333333333334</ymin>
      <xmax>1450.3333333333335</xmax>
      <ymax>631.0</ymax>
    </bndbox>
  </object>
  <object>
    <name>ja</name>
    <pose/>
    <truncated/>
    <difficult/>
    <bndbox>
      <xmin>1617.0</xmin>
      <ymin>134.33333333333334</ymin>
      <xmax>2340.3333333333335</xmax>
      <ymax>717.6666666666667</ymax>
    </bndbox>
  </object>
  <object>
    <name>ma</name>
    <pose/>
    <truncated/>
    <difficult/>
    <bndbox>
      <xmin>140.33333333333348</xmin>
      <ymin>1734.3333333333335</ymin>
      <xmax>963.666666666667</xmax>
      <ymax>2164.3333333333335</ymax>
    </bndbox>
  </object>
  <object>
    <name>a</name>
    <pose/>
    <truncated/>
    <difficult/>
    <bndbox>
      <xmin>1170.3333333333335</xmin>
      <ymin>1701.0</ymin>
      <xmax>1810.3333333333335</xmax>
      <ymax>2117.666666666667</ymax>
    </bndbox>
  </object>
  <object>
    <name>pa</name>
    <pose/>
    <truncated/>
    <difficult/>
    <bndbox>
      <xmin>1970.3333333333335</xmin>
      <ymin>1784.3333333333335</ymin>
      <xmax>2510.3333333333335</xmax>
      <ymax>2081.0</ymax>
    </bndbox>
  </object>
</annotation>
