<annotation>
  <folder/>
  <filename>IMG_20200522_172608.jpg</filename>
  <database/>
  <annotation/>
  <image/>
  <size>
    <height>1922</height>
    <width>2424</width>
    <depth>3</depth>
  </size>
  <segmented/>
  <object>
    <name>ha</name>
    <pose/>
    <truncated/>
    <difficult/>
    <bndbox>
      <xmin>97.91666666666674</xmin>
      <ymin>120.83333333333334</ymin>
      <xmax>258.33333333333337</xmax>
      <ymax>312.5</ymax>
    </bndbox>
  </object>
  <object>
    <name>da</name>
    <pose/>
    <truncated/>
    <difficult/>
    <bndbox>
      <xmin>810.4166666666667</xmin>
      <ymin>79.16666666666667</ymin>
      <xmax>962.5</xmax>
      <ymax>268.75</ymax>
    </bndbox>
  </object>
  <object>
    <name>la</name>
    <pose/>
    <truncated/>
    <difficult/>
    <bndbox>
      <xmin>1735.416666666667</xmin>
      <ymin>20.833333333333336</ymin>
      <xmax>2066.666666666667</xmax>
      <ymax>200.0</ymax>
    </bndbox>
  </object>
  <object>
    <name>nga</name>
    <pose/>
    <truncated/>
    <difficult/>
    <bndbox>
      <xmin>64.58333333333337</xmin>
      <ymin>1006.25</ymin>
      <xmax>272.91666666666674</xmax>
      <ymax>1200.0</ymax>
    </bndbox>
  </object>
  <object>
    <name>ta</name>
    <pose/>
    <truncated/>
    <difficult/>
    <bndbox>
      <xmin>864.5833333333335</xmin>
      <ymin>983.3333333333334</ymin>
      <xmax>1045.8333333333335</xmax>
      <ymax>1172.9166666666667</ymax>
    </bndbox>
  </object>
  <object>
    <name>ga</name>
    <pose/>
    <truncated/>
    <difficult/>
    <bndbox>
      <xmin>1889.5833333333335</xmin>
      <ymin>816.6666666666667</ymin>
      <xmax>2156.25</xmax>
      <ymax>1079.1666666666667</ymax>
    </bndbox>
  </object>
</annotation>
