<annotation>
  <folder/>
  <filename>IMG_E1595.jpg</filename>
  <database/>
  <annotation/>
  <image/>
  <size>
    <height>2901</height>
    <width>2551</width>
    <depth>3</depth>
  </size>
  <segmented/>
  <object>
    <name>ra</name>
    <pose/>
    <truncated/>
    <difficult/>
    <bndbox>
      <xmin>33.774193548387075</xmin>
      <ymin>107.16129032258064</ymin>
      <xmax>624.0967741935483</xmax>
      <ymax>591.0322580645161</ymax>
    </bndbox>
  </object>
  <object>
    <name>wa</name>
    <pose/>
    <truncated/>
    <difficult/>
    <bndbox>
      <xmin>833.7741935483873</xmin>
      <ymin>171.67741935483872</ymin>
      <xmax>1501.516129032258</xmax>
      <ymax>594.258064516129</ymax>
    </bndbox>
  </object>
  <object>
    <name>ma</name>
    <pose/>
    <truncated/>
    <difficult/>
    <bndbox>
      <xmin>1604.7419354838712</xmin>
      <ymin>74.90322580645162</ymin>
      <xmax>2375.7096774193546</xmax>
      <ymax>574.9032258064516</ymax>
    </bndbox>
  </object>
  <object>
    <name>ha</name>
    <pose/>
    <truncated/>
    <difficult/>
    <bndbox>
      <xmin>262.8064516129032</xmin>
      <ymin>1723.2903225806451</ymin>
      <xmax>817.6451612903224</xmax>
      <ymax>2203.935483870968</ymax>
    </bndbox>
  </object>
  <object>
    <name>ba</name>
    <pose/>
    <truncated/>
    <difficult/>
    <bndbox>
      <xmin>1066.032258064516</xmin>
      <ymin>1587.8064516129032</ymin>
      <xmax>1704.7419354838712</xmax>
      <ymax>2071.6774193548385</ymax>
    </bndbox>
  </object>
  <object>
    <name>na</name>
    <pose/>
    <truncated/>
    <difficult/>
    <bndbox>
      <xmin>1862.8064516129034</xmin>
      <ymin>1620.0645161290322</ymin>
      <xmax>2550</xmax>
      <ymax>2027</ymax>
    </bndbox>
  </object>
</annotation>
