<annotation>
  <folder/>
  <filename>IMG_20200523_115413.jpg</filename>
  <database/>
  <annotation/>
  <image/>
  <size>
    <height>1871</height>
    <width>2542</width>
    <depth>3</depth>
  </size>
  <segmented/>
  <object>
    <name>ga</name>
    <pose/>
    <truncated/>
    <difficult/>
    <bndbox>
      <xmin>26.18367346938777</xmin>
      <ymin>55.224489795918366</ymin>
      <xmax>358.8367346938776</xmax>
      <ymax>363.38775510204084</ymax>
    </bndbox>
  </object>
  <object>
    <name>na</name>
    <pose/>
    <truncated/>
    <difficult/>
    <bndbox>
      <xmin>911.8979591836735</xmin>
      <ymin>81.75510204081633</ymin>
      <xmax>1303.734693877551</xmax>
      <ymax>414.40816326530614</ymax>
    </bndbox>
  </object>
  <object>
    <name>ta</name>
    <pose/>
    <truncated/>
    <difficult/>
    <bndbox>
      <xmin>1926.183673469388</xmin>
      <ymin>75.63265306122449</ymin>
      <xmax>2287.408163265306</xmax>
      <ymax>394.0</ymax>
    </bndbox>
  </object>
  <object>
    <name>ra</name>
    <pose/>
    <truncated/>
    <difficult/>
    <bndbox>
      <xmin>34.34693877551024</xmin>
      <ymin>955.2244897959184</ymin>
      <xmax>354.7551020408164</xmax>
      <ymax>1298.0816326530612</ymax>
    </bndbox>
  </object>
  <object>
    <name>sa</name>
    <pose/>
    <truncated/>
    <difficult/>
    <bndbox>
      <xmin>950.6734693877552</xmin>
      <ymin>1006.2448979591837</ymin>
      <xmax>1387.4081632653063</xmax>
      <ymax>1375.6326530612246</ymax>
    </bndbox>
  </object>
  <object>
    <name>da</name>
    <pose/>
    <truncated/>
    <difficult/>
    <bndbox>
      <xmin>2020.0612244897961</xmin>
      <ymin>1059.3061224489795</ymin>
      <xmax>2385.3673469387754</xmax>
      <ymax>1345.0204081632653</ymax>
    </bndbox>
  </object>
</annotation>
