<annotation>
  <folder/>
  <filename>IMG_E1542.jpg</filename>
  <database/>
  <annotation/>
  <image/>
  <size>
    <height>2786</height>
    <width>2581</width>
    <depth>3</depth>
  </size>
  <segmented/>
  <object>
    <name>ha</name>
    <pose/>
    <truncated/>
    <difficult/>
    <bndbox>
      <xmin>106.0</xmin>
      <ymin>34.39393939393939</ymin>
      <xmax>663.5757575757575</xmax>
      <ymax>482.8787878787879</ymax>
    </bndbox>
  </object>
  <object>
    <name>ja</name>
    <pose/>
    <truncated/>
    <difficult/>
    <bndbox>
      <xmin>933.2727272727273</xmin>
      <ymin>125.30303030303028</ymin>
      <xmax>1578.7272727272725</xmax>
      <ymax>585.9090909090909</ymax>
    </bndbox>
  </object>
  <object>
    <name>da</name>
    <pose/>
    <truncated/>
    <difficult/>
    <bndbox>
      <xmin>1736.30303030303</xmin>
      <ymin>185.9090909090909</ymin>
      <xmax>2309.030303030303</xmax>
      <ymax>622.2727272727273</ymax>
    </bndbox>
  </object>
  <object>
    <name>pa</name>
    <pose/>
    <truncated/>
    <difficult/>
    <bndbox>
      <xmin>90.84848484848476</xmin>
      <ymin>1504.090909090909</ymin>
      <xmax>602.969696969697</xmax>
      <ymax>1758.6363636363635</ymax>
    </bndbox>
  </object>
  <object>
    <name>ya</name>
    <pose/>
    <truncated/>
    <difficult/>
    <bndbox>
      <xmin>881.7575757575758</xmin>
      <ymin>1488.9393939393938</ymin>
      <xmax>1545.3939393939395</xmax>
      <ymax>1843.4848484848485</ymax>
    </bndbox>
  </object>
  <object>
    <name>nga</name>
    <pose/>
    <truncated/>
    <difficult/>
    <bndbox>
      <xmin>1896.909090909091</xmin>
      <ymin>1455.6060606060605</ymin>
      <xmax>2366.6060606060605</xmax>
      <ymax>1888.9393939393938</ymax>
    </bndbox>
  </object>
</annotation>
