<annotation>
  <folder/>
  <filename>IMG_E9247.jpg</filename>
  <database/>
  <annotation/>
  <image/>
  <size>
    <height>1254</height>
    <width>2794</width>
    <depth>3</depth>
  </size>
  <segmented/>
  <object>
    <name>go</name>
    <pose/>
    <truncated/>
    <difficult/>
    <bndbox>
      <xmin>37.62264150943396</xmin>
      <ymin>59.20754716981128</ymin>
      <xmax>581.0188679245283</xmax>
      <ymax>432.7924528301886</ymax>
    </bndbox>
  </object>
  <object>
    <name>me</name>
    <pose/>
    <truncated/>
    <difficult/>
    <bndbox>
      <xmin>716.8679245283018</xmin>
      <ymin>36.56603773584902</ymin>
      <xmax>1247.0566037735848</xmax>
      <ymax>425.2452830188679</ymax>
    </bndbox>
  </object>
  <object>
    <name>ri</name>
    <pose/>
    <truncated/>
    <difficult/>
    <bndbox>
      <xmin>1528.1886792452829</xmin>
      <ymin>125.2452830188679</ymin>
      <xmax>2069.698113207547</xmax>
      <ymax>479.9622641509434</ymax>
    </bndbox>
  </object>
  <object>
    <name>ng</name>
    <pose/>
    <truncated/>
    <difficult/>
    <bndbox>
      <xmin>2250.830188679245</xmin>
      <ymin>134.67924528301887</ymin>
      <xmax>2777.2452830188677</xmax>
      <ymax>489.39622641509425</ymax>
    </bndbox>
  </object>
</annotation>
