<annotation>
  <folder/>
  <filename>IMG_E0665.jpg</filename>
  <database/>
  <annotation/>
  <image/>
  <size>
    <height>3122</height>
    <width>2268</width>
    <depth>3</depth>
  </size>
  <segmented/>
  <object>
    <name>ta</name>
    <pose/>
    <truncated/>
    <difficult/>
    <bndbox>
      <xmin>89.96551724137953</xmin>
      <ymin>1.0344827586206904</ymin>
      <xmax>527.8965517241381</xmax>
      <ymax>545.8620689655173</ymax>
    </bndbox>
  </object>
  <object>
    <name>da</name>
    <pose/>
    <truncated/>
    <difficult/>
    <bndbox>
      <xmin>776.1724137931037</xmin>
      <ymin>104.48275862068965</ymin>
      <xmax>1276.1724137931037</xmax>
      <ymax>518.2758620689656</ymax>
    </bndbox>
  </object>
  <object>
    <name>la</name>
    <pose/>
    <truncated/>
    <difficult/>
    <bndbox>
      <xmin>1538.241379310345</xmin>
      <ymin>180.34482758620692</ymin>
      <xmax>2045.1379310344828</xmax>
      <ymax>601.0344827586207</ymax>
    </bndbox>
  </object>
  <object>
    <name>nga</name>
    <pose/>
    <truncated/>
    <difficult/>
    <bndbox>
      <xmin>79.62068965517255</xmin>
      <ymin>1573.448275862069</ymin>
      <xmax>476.1724137931037</xmax>
      <ymax>2004.4827586206898</ymax>
    </bndbox>
  </object>
  <object>
    <name>ba</name>
    <pose/>
    <truncated/>
    <difficult/>
    <bndbox>
      <xmin>834.7931034482758</xmin>
      <ymin>1670.0000000000002</ymin>
      <xmax>1365.8275862068967</xmax>
      <ymax>2090.689655172414</ymax>
    </bndbox>
  </object>
  <object>
    <name>a</name>
    <pose/>
    <truncated/>
    <difficult/>
    <bndbox>
      <xmin>1593.4137931034484</xmin>
      <ymin>1694.1379310344828</ymin>
      <xmax>2183.068965517242</xmax>
      <ymax>2087.241379310345</ymax>
    </bndbox>
  </object>
</annotation>
