<annotation>
  <folder/>
  <filename>IMG_E0883.jpg</filename>
  <database/>
  <annotation/>
  <image/>
  <size>
    <height>2880</height>
    <width>2398</width>
    <depth>3</depth>
  </size>
  <segmented/>
  <object>
    <name>ma</name>
    <pose/>
    <truncated/>
    <difficult/>
    <bndbox>
      <xmin>21.25</xmin>
      <ymin>110.5</ymin>
      <xmax>561.875</xmax>
      <ymax>438.625</ymax>
    </bndbox>
  </object>
  <object>
    <name>ra</name>
    <pose/>
    <truncated/>
    <difficult/>
    <bndbox>
      <xmin>758.75</xmin>
      <ymin>119.875</ymin>
      <xmax>1230.625</xmax>
      <ymax>504.25</ymax>
    </bndbox>
  </object>
  <object>
    <name>ba</name>
    <pose/>
    <truncated/>
    <difficult/>
    <bndbox>
      <xmin>1377.5</xmin>
      <ymin>76.125</ymin>
      <xmax>1871.25</xmax>
      <ymax>498.0</ymax>
    </bndbox>
  </object>
  <object>
    <name>ga</name>
    <pose/>
    <truncated/>
    <difficult/>
    <bndbox>
      <xmin>318.125</xmin>
      <ymin>1548.0</ymin>
      <xmax>899.375</xmax>
      <ymax>1932.375</ymax>
    </bndbox>
  </object>
  <object>
    <name>wa</name>
    <pose/>
    <truncated/>
    <difficult/>
    <bndbox>
      <xmin>1071.25</xmin>
      <ymin>1576.125</ymin>
      <xmax>1599.375</xmax>
      <ymax>1932.375</ymax>
    </bndbox>
  </object>
  <object>
    <name>la</name>
    <pose/>
    <truncated/>
    <difficult/>
    <bndbox>
      <xmin>1727.5</xmin>
      <ymin>1594.875</ymin>
      <xmax>2261.875</xmax>
      <ymax>1929.25</ymax>
    </bndbox>
  </object>
</annotation>
