<annotation>
  <folder/>
  <filename>IMG_20200504_140121.jpg</filename>
  <database/>
  <annotation/>
  <image/>
  <size>
    <height>1738</height>
    <width>2392</width>
    <depth>3</depth>
  </size>
  <segmented/>
  <object>
    <name>ma</name>
    <pose/>
    <truncated/>
    <difficult/>
    <bndbox>
      <xmin>94.1132075471698</xmin>
      <ymin>6.867924528301884</ymin>
      <xmax>609.2075471698113</xmax>
      <ymax>240.83018867924528</ymax>
    </bndbox>
  </object>
  <object>
    <name>r</name>
    <pose/>
    <truncated/>
    <difficult/>
    <bndbox>
      <xmin>933.7358490566037</xmin>
      <ymin>55.924528301886795</ymin>
      <xmax>1494.1132075471696</xmax>
      <ymax>318.188679245283</ymax>
    </bndbox>
  </object>
  <object>
    <name>hu</name>
    <pose/>
    <truncated/>
    <difficult/>
    <bndbox>
      <xmin>1814.8679245283017</xmin>
      <ymin>69.13207547169812</ymin>
      <xmax>2199.7735849056603</xmax>
      <ymax>454.03773584905656</ymax>
    </bndbox>
  </object>
  <object>
    <name>a</name>
    <pose/>
    <truncated/>
    <difficult/>
    <bndbox>
      <xmin>1.660377358490564</xmin>
      <ymin>525.7358490566038</ymin>
      <xmax>652.6037735849056</xmax>
      <ymax>765.3584905660377</ymax>
    </bndbox>
  </object>
  <object>
    <name>ro</name>
    <pose/>
    <truncated/>
    <difficult/>
    <bndbox>
      <xmin>871.4716981132076</xmin>
      <ymin>584.2264150943396</ymin>
      <xmax>1409.2075471698113</xmax>
      <ymax>901.2075471698113</ymax>
    </bndbox>
  </object>
  <object>
    <name>i</name>
    <pose/>
    <truncated/>
    <difficult/>
    <bndbox>
      <xmin>1694.1132075471696</xmin>
      <ymin>629.5094339622641</ymin>
      <xmax>2118.6415094339623</xmax>
      <ymax>959.6981132075471</ymax>
    </bndbox>
  </object>
  <object>
    <name>ba</name>
    <pose/>
    <truncated/>
    <difficult/>
    <bndbox>
      <xmin>5.433962264150921</xmin>
      <ymin>1069.132075471698</ymin>
      <xmax>379.0188679245283</xmax>
      <ymax>1344.6037735849056</ymax>
    </bndbox>
  </object>
  <object>
    <name>na</name>
    <pose/>
    <truncated/>
    <difficult/>
    <bndbox>
      <xmin>890.3396226415093</xmin>
      <ymin>1238.943396226415</ymin>
      <xmax>1282.7924528301885</xmax>
      <ymax>1450.264150943396</ymax>
    </bndbox>
  </object>
</annotation>
