<annotation>
  <folder/>
  <filename>IMG_20200523_182354.jpg</filename>
  <database/>
  <annotation/>
  <image/>
  <size>
    <height>1676</height>
    <width>1247</width>
    <depth>3</depth>
  </size>
  <segmented/>
  <object>
    <name>ba</name>
    <pose/>
    <truncated/>
    <difficult/>
    <bndbox>
      <xmin>10.097560975609667</xmin>
      <ymin>223.46341463414632</ymin>
      <xmax>136.92682926829264</xmax>
      <ymax>364.92682926829264</ymax>
    </bndbox>
  </object>
  <object>
    <name>da</name>
    <pose/>
    <truncated/>
    <difficult/>
    <bndbox>
      <xmin>446.6829268292681</xmin>
      <ymin>196.6341463414634</ymin>
      <xmax>575.9512195121949</xmax>
      <ymax>308.8292682926829</ymax>
    </bndbox>
  </object>
  <object>
    <name>ha</name>
    <pose/>
    <truncated/>
    <difficult/>
    <bndbox>
      <xmin>875.9512195121949</xmin>
      <ymin>162.48780487804876</ymin>
      <xmax>1024.731707317073</xmax>
      <ymax>267.36585365853654</ymax>
    </bndbox>
  </object>
  <object>
    <name>nya</name>
    <pose/>
    <truncated/>
    <difficult/>
    <bndbox>
      <xmin>71.07317073170725</xmin>
      <ymin>996.6341463414633</ymin>
      <xmax>246.68292682926824</xmax>
      <ymax>1135.6585365853657</ymax>
    </bndbox>
  </object>
  <object>
    <name>nga</name>
    <pose/>
    <truncated/>
    <difficult/>
    <bndbox>
      <xmin>454.0</xmin>
      <ymin>1018.5853658536585</ymin>
      <xmax>610.0975609756097</xmax>
      <ymax>1147.8536585365853</ymax>
    </bndbox>
  </object>
  <object>
    <name>na</name>
    <pose/>
    <truncated/>
    <difficult/>
    <bndbox>
      <xmin>863.7560975609756</xmin>
      <ymin>999.0731707317073</ymin>
      <xmax>1002.780487804878</xmax>
      <ymax>1121.0243902439024</ymax>
    </bndbox>
  </object>
</annotation>
