<annotation>
  <folder/>
  <filename>IMG_E0698.jpg</filename>
  <database/>
  <annotation/>
  <image/>
  <size>
    <height>2613</height>
    <width>2279</width>
    <depth>3</depth>
  </size>
  <segmented/>
  <object>
    <name>nga</name>
    <pose/>
    <truncated/>
    <difficult/>
    <bndbox>
      <xmin>90.99999999999977</xmin>
      <ymin>65.14285714285714</ymin>
      <xmax>425.2857142857142</xmax>
      <ymax>365.1428571428571</ymax>
    </bndbox>
  </object>
  <object>
    <name>ta</name>
    <pose/>
    <truncated/>
    <difficult/>
    <bndbox>
      <xmin>579.5714285714284</xmin>
      <ymin>70.85714285714285</ymin>
      <xmax>936.7142857142856</xmax>
      <ymax>410.85714285714283</ymax>
    </bndbox>
  </object>
  <object>
    <name>la</name>
    <pose/>
    <truncated/>
    <difficult/>
    <bndbox>
      <xmin>1176.7142857142853</xmin>
      <ymin>133.7142857142857</ymin>
      <xmax>1588.1428571428569</xmax>
      <ymax>456.57142857142856</ymax>
    </bndbox>
  </object>
  <object>
    <name>da</name>
    <pose/>
    <truncated/>
    <difficult/>
    <bndbox>
      <xmin>1728.1428571428569</xmin>
      <ymin>96.57142857142856</ymin>
      <xmax>2136.7142857142853</xmax>
      <ymax>430.85714285714283</ymax>
    </bndbox>
  </object>
  <object>
    <name>ja</name>
    <pose/>
    <truncated/>
    <difficult/>
    <bndbox>
      <xmin>139.57142857142844</xmin>
      <ymin>1385.142857142857</ymin>
      <xmax>576.7142857142856</xmax>
      <ymax>1805.1428571428569</ymax>
    </bndbox>
  </object>
  <object>
    <name>sa</name>
    <pose/>
    <truncated/>
    <difficult/>
    <bndbox>
      <xmin>756.7142857142856</xmin>
      <ymin>1387.9999999999998</ymin>
      <xmax>1116.7142857142853</xmax>
      <ymax>1765.1428571428569</ymax>
    </bndbox>
  </object>
  <object>
    <name>ma</name>
    <pose/>
    <truncated/>
    <difficult/>
    <bndbox>
      <xmin>1290.9999999999995</xmin>
      <ymin>1450.8571428571427</ymin>
      <xmax>1805.2857142857142</xmax>
      <ymax>1753.7142857142856</ymax>
    </bndbox>
  </object>
</annotation>
