<annotation>
  <folder/>
  <filename>IMG_20200523_114121.jpg</filename>
  <database/>
  <annotation/>
  <image/>
  <size>
    <height>1688</height>
    <width>2758</width>
    <depth>3</depth>
  </size>
  <segmented/>
  <object>
    <name>pa</name>
    <pose/>
    <truncated/>
    <difficult/>
    <bndbox>
      <xmin>137.86486486486487</xmin>
      <ymin>63.02702702702703</ymin>
      <xmax>383.81081081081084</xmax>
      <ymax>263.02702702702703</ymax>
    </bndbox>
  </object>
  <object>
    <name>ra</name>
    <pose/>
    <truncated/>
    <difficult/>
    <bndbox>
      <xmin>975.7027027027027</xmin>
      <ymin>90.05405405405406</ymin>
      <xmax>1205.4324324324325</xmax>
      <ymax>276.5405405405405</ymax>
    </bndbox>
  </object>
  <object>
    <name>nga</name>
    <pose/>
    <truncated/>
    <difficult/>
    <bndbox>
      <xmin>1745.972972972973</xmin>
      <ymin>176.54054054054055</ymin>
      <xmax>1954.081081081081</xmax>
      <ymax>363.02702702702703</ymax>
    </bndbox>
  </object>
  <object>
    <name>da</name>
    <pose/>
    <truncated/>
    <difficult/>
    <bndbox>
      <xmin>94.62162162162163</xmin>
      <ymin>933.2972972972973</ymin>
      <xmax>283.81081081081084</xmax>
      <ymax>1090.0540540540542</ymax>
    </bndbox>
  </object>
  <object>
    <name>ba</name>
    <pose/>
    <truncated/>
    <difficult/>
    <bndbox>
      <xmin>986.5135135135135</xmin>
      <ymin>1095.4594594594594</ymin>
      <xmax>1281.1081081081081</xmax>
      <ymax>1249.5135135135135</ymax>
    </bndbox>
  </object>
  <object>
    <name>ha</name>
    <pose/>
    <truncated/>
    <difficult/>
    <bndbox>
      <xmin>2073.0</xmin>
      <ymin>1095.4594594594594</ymin>
      <xmax>2327.054054054054</xmax>
      <ymax>1317.081081081081</ymax>
    </bndbox>
  </object>
</annotation>
