<annotation>
  <folder/>
  <filename>IMG_E8951.jpg</filename>
  <database/>
  <annotation/>
  <image/>
  <size>
    <height>1254</height>
    <width>2939</width>
    <depth>3</depth>
  </size>
  <segmented/>
  <object>
    <name>me</name>
    <pose/>
    <truncated/>
    <difficult/>
    <bndbox>
      <xmin>59.79245283018868</xmin>
      <ymin>12.037735849056617</ymin>
      <xmax>708.8490566037735</xmax>
      <ymax>440.33962264150944</ymax>
    </bndbox>
  </object>
  <object>
    <name>ni</name>
    <pose/>
    <truncated/>
    <difficult/>
    <bndbox>
      <xmin>905.0754716981131</xmin>
      <ymin>55.43396226415092</ymin>
      <xmax>1514.509433962264</xmax>
      <ymax>470.5283018867924</ymax>
    </bndbox>
  </object>
  <object>
    <name>ga</name>
    <pose/>
    <truncated/>
    <difficult/>
    <bndbox>
      <xmin>1601.3018867924527</xmin>
      <ymin>106.377358490566</ymin>
      <xmax>2110.7358490566035</xmax>
      <ymax>408.2641509433962</ymax>
    </bndbox>
  </object>
  <object>
    <name>h</name>
    <pose/>
    <truncated/>
    <difficult/>
    <bndbox>
      <xmin>2227.7169811320755</xmin>
      <ymin>30.90566037735846</ymin>
      <xmax>2820.1698113207544</xmax>
      <ymax>498.8301886792452</ymax>
    </bndbox>
  </object>
</annotation>
