<annotation>
  <folder/>
  <filename>IMG_20200504_135757.jpg</filename>
  <database/>
  <annotation/>
  <image/>
  <size>
    <height>1862</height>
    <width>2788</width>
    <depth>3</depth>
  </size>
  <segmented/>
  <object>
    <name>so</name>
    <pose/>
    <truncated/>
    <difficult/>
    <bndbox>
      <xmin>78.0</xmin>
      <ymin>29.0</ymin>
      <xmax>532.0</xmax>
      <ymax>381.0</ymax>
    </bndbox>
  </object>
  <object>
    <name>ngo</name>
    <pose/>
    <truncated/>
    <difficult/>
    <bndbox>
      <xmin>806.0</xmin>
      <ymin>151.0</ymin>
      <xmax>1410.0</xmax>
      <ymax>569.0</ymax>
    </bndbox>
  </object>
  <object>
    <name>n</name>
    <pose/>
    <truncated/>
    <difficult/>
    <bndbox>
      <xmin>1628.0</xmin>
      <ymin>303.0</ymin>
      <xmax>2320.0</xmax>
      <ymax>595.0</ymax>
    </bndbox>
  </object>
  <object>
    <name>a</name>
    <pose/>
    <truncated/>
    <difficult/>
    <bndbox>
      <xmin>18.0</xmin>
      <ymin>747.0</ymin>
      <xmax>440.0</xmax>
      <ymax>989.0</ymax>
    </bndbox>
  </object>
  <object>
    <name>ha</name>
    <pose/>
    <truncated/>
    <difficult/>
    <bndbox>
      <xmin>822.0</xmin>
      <ymin>843.0</ymin>
      <xmax>1342.0</xmax>
      <ymax>1153.0</ymax>
    </bndbox>
  </object>
  <object>
    <name>wa</name>
    <pose/>
    <truncated/>
    <difficult/>
    <bndbox>
      <xmin>1702.0</xmin>
      <ymin>941.0</ymin>
      <xmax>2180.0</xmax>
      <ymax>1259.0</ymax>
    </bndbox>
  </object>
  <object>
    <name>r</name>
    <pose/>
    <truncated/>
    <difficult/>
    <bndbox>
      <xmin>2344.0</xmin>
      <ymin>993.0</ymin>
      <xmax>2768.0</xmax>
      <ymax>1283.0</ymax>
    </bndbox>
  </object>
  <object>
    <name>na</name>
    <pose/>
    <truncated/>
    <difficult/>
    <bndbox>
      <xmin>18.0</xmin>
      <ymin>1391.0</ymin>
      <xmax>472.0</xmax>
      <ymax>1645.0</ymax>
    </bndbox>
  </object>
  <object>
    <name>na</name>
    <pose/>
    <truncated/>
    <difficult/>
    <bndbox>
      <xmin>922.0</xmin>
      <ymin>1453.0</ymin>
      <xmax>1314.0</xmax>
      <ymax>1689.0</ymax>
    </bndbox>
  </object>
</annotation>
