<annotation>
  <folder/>
  <filename>IMG_E1626.jpg</filename>
  <database/>
  <annotation/>
  <image/>
  <size>
    <height>3014</height>
    <width>2679</width>
    <depth>3</depth>
  </size>
  <segmented/>
  <object>
    <name>ya</name>
    <pose/>
    <truncated/>
    <difficult/>
    <bndbox>
      <xmin>123.66666666666674</xmin>
      <ymin>45.66666666666667</ymin>
      <xmax>830.3333333333335</xmax>
      <ymax>479.0</ymax>
    </bndbox>
  </object>
  <object>
    <name>ta</name>
    <pose/>
    <truncated/>
    <difficult/>
    <bndbox>
      <xmin>1027.0</xmin>
      <ymin>19.0</ymin>
      <xmax>1680.3333333333335</xmax>
      <ymax>535.6666666666667</ymax>
    </bndbox>
  </object>
  <object>
    <name>la</name>
    <pose/>
    <truncated/>
    <difficult/>
    <bndbox>
      <xmin>1797.0</xmin>
      <ymin>125.66666666666669</ymin>
      <xmax>2510.3333333333335</xmax>
      <ymax>592.3333333333334</ymax>
    </bndbox>
  </object>
  <object>
    <name>nya</name>
    <pose/>
    <truncated/>
    <difficult/>
    <bndbox>
      <xmin>207.0</xmin>
      <ymin>1459.0</ymin>
      <xmax>773.666666666667</xmax>
      <ymax>2105.666666666667</ymax>
    </bndbox>
  </object>
  <object>
    <name>ra</name>
    <pose/>
    <truncated/>
    <difficult/>
    <bndbox>
      <xmin>1070.3333333333335</xmin>
      <ymin>1582.3333333333335</ymin>
      <xmax>1717.0</xmax>
      <ymax>2115.666666666667</ymax>
    </bndbox>
  </object>
  <object>
    <name>ma</name>
    <pose/>
    <truncated/>
    <difficult/>
    <bndbox>
      <xmin>1807.0</xmin>
      <ymin>1715.6666666666667</ymin>
      <xmax>2647.0</xmax>
      <ymax>2272.3333333333335</ymax>
    </bndbox>
  </object>
</annotation>
