<annotation>
  <folder/>
  <filename>IMG_E8980.jpg</filename>
  <database/>
  <annotation/>
  <image/>
  <size>
    <height>2661</height>
    <width>2609</width>
    <depth>3</depth>
  </size>
  <segmented/>
  <object>
    <name>ja</name>
    <pose/>
    <truncated/>
    <difficult/>
    <bndbox>
      <xmin>87.85714285714278</xmin>
      <ymin>34.14285714285714</ymin>
      <xmax>576.4285714285713</xmax>
      <ymax>476.99999999999994</ymax>
    </bndbox>
  </object>
  <object>
    <name>g</name>
    <pose/>
    <truncated/>
    <difficult/>
    <bndbox>
      <xmin>796.4285714285713</xmin>
      <ymin>51.28571428571428</ymin>
      <xmax>1373.5714285714284</xmax>
      <ymax>488.4285714285714</ymax>
    </bndbox>
  </object>
  <object>
    <name>ra</name>
    <pose/>
    <truncated/>
    <difficult/>
    <bndbox>
      <xmin>1485.0</xmin>
      <ymin>28.428571428571427</ymin>
      <xmax>2019.2857142857142</xmax>
      <ymax>679.8571428571428</ymax>
    </bndbox>
  </object>
  <object>
    <name>m</name>
    <pose/>
    <truncated/>
    <difficult/>
    <bndbox>
      <xmin>2039.2857142857142</xmin>
      <ymin>91.28571428571428</ymin>
      <xmax>2576.428571428571</xmax>
      <ymax>545.5714285714286</ymax>
    </bndbox>
  </object>
  <object>
    <name>be</name>
    <pose/>
    <truncated/>
    <difficult/>
    <bndbox>
      <xmin>73.57142857142844</xmin>
      <ymin>1385.5714285714284</ymin>
      <xmax>462.1428571428571</xmax>
      <ymax>1788.4285714285713</ymax>
    </bndbox>
  </object>
  <object>
    <name>ni</name>
    <pose/>
    <truncated/>
    <difficult/>
    <bndbox>
      <xmin>876.4285714285713</xmin>
      <ymin>1436.9999999999998</ymin>
      <xmax>1442.1428571428569</xmax>
      <ymax>1919.8571428571427</ymax>
    </bndbox>
  </object>
  <object>
    <name>h</name>
    <pose/>
    <truncated/>
    <difficult/>
    <bndbox>
      <xmin>1616.428571428571</xmin>
      <ymin>1325.5714285714284</ymin>
      <xmax>2327.8571428571427</xmax>
      <ymax>1939.8571428571427</ymax>
    </bndbox>
  </object>
</annotation>
