<annotation>
  <folder/>
  <filename>IMG_E1828.jpg</filename>
  <database/>
  <annotation/>
  <image/>
  <size>
    <height>2159</height>
    <width>1921</width>
    <depth>3</depth>
  </size>
  <segmented/>
  <object>
    <name>a</name>
    <pose/>
    <truncated/>
    <difficult/>
    <bndbox>
      <xmin>113.19047619047615</xmin>
      <ymin>66.71428571428572</ymin>
      <xmax>508.42857142857156</xmax>
      <ymax>390.5238095238095</ymax>
    </bndbox>
  </object>
  <object>
    <name>ya</name>
    <pose/>
    <truncated/>
    <difficult/>
    <bndbox>
      <xmin>648.9047619047619</xmin>
      <ymin>52.42857142857143</ymin>
      <xmax>1087.0</xmax>
      <ymax>400.04761904761904</ymax>
    </bndbox>
  </object>
  <object>
    <name>pa</name>
    <pose/>
    <truncated/>
    <difficult/>
    <bndbox>
      <xmin>1167.9523809523812</xmin>
      <ymin>54.80952380952381</ymin>
      <xmax>1544.1428571428573</xmax>
      <ymax>369.09523809523813</ymax>
    </bndbox>
  </object>
  <object>
    <name>la</name>
    <pose/>
    <truncated/>
    <difficult/>
    <bndbox>
      <xmin>194.1428571428571</xmin>
      <ymin>1081.0</ymin>
      <xmax>613.1904761904761</xmax>
      <ymax>1471.4761904761906</ymax>
    </bndbox>
  </object>
  <object>
    <name>ba</name>
    <pose/>
    <truncated/>
    <difficult/>
    <bndbox>
      <xmin>717.952380952381</xmin>
      <ymin>1097.6666666666667</ymin>
      <xmax>1234.6190476190477</xmax>
      <ymax>1566.7142857142858</ymax>
    </bndbox>
  </object>
  <object>
    <name>ra</name>
    <pose/>
    <truncated/>
    <difficult/>
    <bndbox>
      <xmin>1363.1904761904761</xmin>
      <ymin>1126.2380952380952</ymin>
      <xmax>1782.2380952380954</xmax>
      <ymax>1542.904761904762</ymax>
    </bndbox>
  </object>
</annotation>
