<annotation>
  <folder/>
  <filename>IMG_20200523_111248.jpg</filename>
  <database/>
  <annotation/>
  <image/>
  <size>
    <height>2256</height>
    <width>3120</width>
    <depth>3</depth>
  </size>
  <segmented/>
  <object>
    <name>nya</name>
    <pose/>
    <truncated/>
    <difficult/>
    <bndbox>
      <xmin>127.5</xmin>
      <ymin>50.0</ymin>
      <xmax>535.0</xmax>
      <ymax>372.5</ymax>
    </bndbox>
  </object>
  <object>
    <name>wa</name>
    <pose/>
    <truncated/>
    <difficult/>
    <bndbox>
      <xmin>1355.0</xmin>
      <ymin>102.5</ymin>
      <xmax>1802.5</xmax>
      <ymax>555.0</ymax>
    </bndbox>
  </object>
  <object>
    <name>nga</name>
    <pose/>
    <truncated/>
    <difficult/>
    <bndbox>
      <xmin>2687.5</xmin>
      <ymin>137.5</ymin>
      <xmax>3012.5</xmax>
      <ymax>537.5</ymax>
    </bndbox>
  </object>
  <object>
    <name>ra</name>
    <pose/>
    <truncated/>
    <difficult/>
    <bndbox>
      <xmin>65.0</xmin>
      <ymin>1112.5</ymin>
      <xmax>470.0</xmax>
      <ymax>1497.5</ymax>
    </bndbox>
  </object>
  <object>
    <name>pa</name>
    <pose/>
    <truncated/>
    <difficult/>
    <bndbox>
      <xmin>1230.0</xmin>
      <ymin>1325.0</ymin>
      <xmax>1655.0</xmax>
      <ymax>1667.5</ymax>
    </bndbox>
  </object>
  <object>
    <name>ga</name>
    <pose/>
    <truncated/>
    <difficult/>
    <bndbox>
      <xmin>2540.0</xmin>
      <ymin>1397.5</ymin>
      <xmax>2942.5</xmax>
      <ymax>1752.5</ymax>
    </bndbox>
  </object>
</annotation>
