<annotation>
  <folder/>
  <filename>IMG_E9254.jpg</filename>
  <database/>
  <annotation/>
  <image/>
  <size>
    <height>3016</height>
    <width>2900</width>
    <depth>3</depth>
  </size>
  <segmented/>
  <object>
    <name>ho</name>
    <pose/>
    <truncated/>
    <difficult/>
    <bndbox>
      <xmin>70.33333333333348</xmin>
      <ymin>18.66666666666667</ymin>
      <xmax>623.6666666666667</xmax>
      <ymax>438.6666666666667</ymax>
    </bndbox>
  </object>
  <object>
    <name>gi</name>
    <pose/>
    <truncated/>
    <difficult/>
    <bndbox>
      <xmin>783.6666666666667</xmin>
      <ymin>45.33333333333334</ymin>
      <xmax>1437.0</xmax>
      <ymax>478.66666666666674</ymax>
    </bndbox>
  </object>
  <object>
    <name>ye</name>
    <pose/>
    <truncated/>
    <difficult/>
    <bndbox>
      <xmin>1480.3333333333335</xmin>
      <ymin>55.33333333333334</ymin>
      <xmax>1970.3333333333335</xmax>
      <ymax>448.6666666666667</ymax>
    </bndbox>
  </object>
  <object>
    <name>ga</name>
    <pose/>
    <truncated/>
    <difficult/>
    <bndbox>
      <xmin>80.33333333333348</xmin>
      <ymin>1588.6666666666667</ymin>
      <xmax>607.0</xmax>
      <ymax>2025.3333333333335</ymax>
    </bndbox>
  </object>
  <object>
    <name>n</name>
    <pose/>
    <truncated/>
    <difficult/>
    <bndbox>
      <xmin>813.6666666666667</xmin>
      <ymin>1682.0</ymin>
      <xmax>1410.3333333333335</xmax>
      <ymax>2088.666666666667</ymax>
    </bndbox>
  </object>
  <object>
    <name>to</name>
    <pose/>
    <truncated/>
    <difficult/>
    <bndbox>
      <xmin>1570.3333333333335</xmin>
      <ymin>1578.6666666666667</ymin>
      <xmax>2063.666666666667</xmax>
      <ymax>2242.0</ymax>
    </bndbox>
  </object>
  <object>
    <name>n</name>
    <pose/>
    <truncated/>
    <difficult/>
    <bndbox>
      <xmin>2297.0</xmin>
      <ymin>1652.0</ymin>
      <xmax>2833.666666666667</xmax>
      <ymax>2238.666666666667</ymax>
    </bndbox>
  </object>
</annotation>
