<annotation>
  <folder/>
  <filename>IMG_E1556.jpg</filename>
  <database/>
  <annotation/>
  <image/>
  <size>
    <height>2916</height>
    <width>2496</width>
    <depth>3</depth>
  </size>
  <segmented/>
  <object>
    <name>ja</name>
    <pose/>
    <truncated/>
    <difficult/>
    <bndbox>
      <xmin>71.29032258064512</xmin>
      <ymin>153.8709677419355</ymin>
      <xmax>800.3225806451615</xmax>
      <ymax>670.0</ymax>
    </bndbox>
  </object>
  <object>
    <name>ma</name>
    <pose/>
    <truncated/>
    <difficult/>
    <bndbox>
      <xmin>897.0967741935483</xmin>
      <ymin>179.67741935483872</ymin>
      <xmax>1629.3548387096776</xmax>
      <ymax>705.483870967742</ymax>
    </bndbox>
  </object>
  <object>
    <name>pa</name>
    <pose/>
    <truncated/>
    <difficult/>
    <bndbox>
      <xmin>1745.483870967742</xmin>
      <ymin>240.9677419354839</ymin>
      <xmax>2203.548387096774</xmax>
      <ymax>560.3225806451613</ymax>
    </bndbox>
  </object>
  <object>
    <name>ga</name>
    <pose/>
    <truncated/>
    <difficult/>
    <bndbox>
      <xmin>239.0322580645161</xmin>
      <ymin>1605.483870967742</ymin>
      <xmax>819.6774193548385</xmax>
      <ymax>2018.3870967741937</ymax>
    </bndbox>
  </object>
  <object>
    <name>nya</name>
    <pose/>
    <truncated/>
    <difficult/>
    <bndbox>
      <xmin>1039.032258064516</xmin>
      <ymin>1650.6451612903227</ymin>
      <xmax>1629.3548387096776</xmax>
      <ymax>2128.064516129032</ymax>
    </bndbox>
  </object>
  <object>
    <name>la</name>
    <pose/>
    <truncated/>
    <difficult/>
    <bndbox>
      <xmin>1810.0</xmin>
      <ymin>1682.9032258064517</ymin>
      <xmax>2403.548387096774</xmax>
      <ymax>2089.3548387096776</ymax>
    </bndbox>
  </object>
</annotation>
