<annotation>
  <folder/>
  <filename>IMG_20200523_180839.jpg</filename>
  <database/>
  <annotation/>
  <image/>
  <size>
    <height>1238</height>
    <width>1058</width>
    <depth>3</depth>
  </size>
  <segmented/>
  <object>
    <name>la</name>
    <pose/>
    <truncated/>
    <difficult/>
    <bndbox>
      <xmin>141.07142857142856</xmin>
      <ymin>114.42857142857142</ymin>
      <xmax>280.3571428571428</xmax>
      <ymax>209.07142857142856</ymax>
    </bndbox>
  </object>
  <object>
    <name>ja</name>
    <pose/>
    <truncated/>
    <difficult/>
    <bndbox>
      <xmin>428.57142857142844</xmin>
      <ymin>116.21428571428571</ymin>
      <xmax>574.9999999999999</xmax>
      <ymax>216.2142857142857</ymax>
    </bndbox>
  </object>
  <object>
    <name>sa</name>
    <pose/>
    <truncated/>
    <difficult/>
    <bndbox>
      <xmin>757.1428571428571</xmin>
      <ymin>105.49999999999999</ymin>
      <xmax>876.7857142857142</xmax>
      <ymax>187.6428571428571</ymax>
    </bndbox>
  </object>
  <object>
    <name>ga</name>
    <pose/>
    <truncated/>
    <difficult/>
    <bndbox>
      <xmin>101.78571428571422</xmin>
      <ymin>757.2857142857142</ymin>
      <xmax>237.4999999999999</xmax>
      <ymax>857.2857142857142</ymax>
    </bndbox>
  </object>
  <object>
    <name>ja</name>
    <pose/>
    <truncated/>
    <difficult/>
    <bndbox>
      <xmin>392.8571428571428</xmin>
      <ymin>769.7857142857142</ymin>
      <xmax>549.9999999999999</xmax>
      <ymax>880.4999999999999</ymax>
    </bndbox>
  </object>
  <object>
    <name>ga</name>
    <pose/>
    <truncated/>
    <difficult/>
    <bndbox>
      <xmin>701.7857142857142</xmin>
      <ymin>776.9285714285713</ymin>
      <xmax>839.2857142857142</xmax>
      <ymax>866.2142857142857</ymax>
    </bndbox>
  </object>
</annotation>
