<annotation>
  <folder/>
  <filename>IMG_20200504_201841.jpg</filename>
  <database/>
  <annotation/>
  <image/>
  <size>
    <height>1203</height>
    <width>1430</width>
    <depth>3</depth>
  </size>
  <segmented/>
  <object>
    <name>pi</name>
    <pose/>
    <truncated/>
    <difficult/>
    <bndbox>
      <xmin>123.42857142857144</xmin>
      <ymin>92.1038961038961</ymin>
      <xmax>385.76623376623377</xmax>
      <ymax>208.98701298701297</ymax>
    </bndbox>
  </object>
  <object>
    <name>ho</name>
    <pose/>
    <truncated/>
    <difficult/>
    <bndbox>
      <xmin>568.8831168831168</xmin>
      <ymin>127.16883116883116</ymin>
      <xmax>787.0649350649351</xmax>
      <ymax>245.35064935064935</ymax>
    </bndbox>
  </object>
  <object>
    <name>m</name>
    <pose/>
    <truncated/>
    <difficult/>
    <bndbox>
      <xmin>864.987012987013</xmin>
      <ymin>144.05194805194805</ymin>
      <xmax>1168.8831168831168</xmax>
      <ymax>292.1038961038961</ymax>
    </bndbox>
  </object>
  <object>
    <name>pa</name>
    <pose/>
    <truncated/>
    <difficult/>
    <bndbox>
      <xmin>111.74025974025972</xmin>
      <ymin>396.0</ymin>
      <xmax>342.9090909090909</xmax>
      <ymax>472.6233766233766</ymax>
    </bndbox>
  </object>
  <object>
    <name>r</name>
    <pose/>
    <truncated/>
    <difficult/>
    <bndbox>
      <xmin>520.8311688311688</xmin>
      <ymin>405.09090909090907</ymin>
      <xmax>802.6493506493507</xmax>
      <ymax>571.3246753246754</ymax>
    </bndbox>
  </object>
  <object>
    <name>ni</name>
    <pose/>
    <truncated/>
    <difficult/>
    <bndbox>
      <xmin>996.1558441558441</xmin>
      <ymin>446.64935064935065</ymin>
      <xmax>1261.090909090909</xmax>
      <ymax>593.4025974025974</ymax>
    </bndbox>
  </object>
  <object>
    <name>si</name>
    <pose/>
    <truncated/>
    <difficult/>
    <bndbox>
      <xmin>71.48051948051949</xmin>
      <ymin>677.8181818181818</ymin>
      <xmax>259.79220779220776</xmax>
      <ymax>855.7402597402597</ymax>
    </bndbox>
  </object>
  <object>
    <name>ta</name>
    <pose/>
    <truncated/>
    <difficult/>
    <bndbox>
      <xmin>542.9090909090909</xmin>
      <ymin>740.1558441558442</ymin>
      <xmax>639.012987012987</xmax>
      <ymax>890.8051948051948</ymax>
    </bndbox>
  </object>
  <object>
    <name>ra</name>
    <pose/>
    <truncated/>
    <difficult/>
    <bndbox>
      <xmin>853.2987012987012</xmin>
      <ymin>801.1948051948052</ymin>
      <xmax>1032.5194805194806</xmax>
      <ymax>941.4545454545454</ymax>
    </bndbox>
  </object>
</annotation>
