<annotation>
  <folder/>
  <filename>IMG_E0869.jpg</filename>
  <database/>
  <annotation/>
  <image/>
  <size>
    <height>1017</height>
    <width>2904</width>
    <depth>3</depth>
  </size>
  <segmented/>
  <object>
    <name>nga</name>
    <pose/>
    <truncated/>
    <difficult/>
    <bndbox>
      <xmin>69.07407407407408</xmin>
      <ymin>170.66666666666663</ymin>
      <xmax>289.4444444444444</xmax>
      <ymax>428.074074074074</ymax>
    </bndbox>
  </object>
  <object>
    <name>ba</name>
    <pose/>
    <truncated/>
    <difficult/>
    <bndbox>
      <xmin>426.48148148148147</xmin>
      <ymin>196.5925925925926</ymin>
      <xmax>748.7037037037037</xmax>
      <ymax>437.33333333333326</ymax>
    </bndbox>
  </object>
  <object>
    <name>ra</name>
    <pose/>
    <truncated/>
    <difficult/>
    <bndbox>
      <xmin>856.1111111111111</xmin>
      <ymin>242.8888888888888</ymin>
      <xmax>1150.5555555555554</xmax>
      <ymax>494.74074074074065</ymax>
    </bndbox>
  </object>
  <object>
    <name>a</name>
    <pose/>
    <truncated/>
    <difficult/>
    <bndbox>
      <xmin>1276.4814814814813</xmin>
      <ymin>289.1851851851851</ymin>
      <xmax>1580.185185185185</xmax>
      <ymax>507.7037037037037</ymax>
    </bndbox>
  </object>
  <object>
    <name>pa</name>
    <pose/>
    <truncated/>
    <difficult/>
    <bndbox>
      <xmin>1648.7037037037037</xmin>
      <ymin>315.1111111111111</ymin>
      <xmax>1882.037037037037</xmax>
      <ymax>459.55555555555554</ymax>
    </bndbox>
  </object>
  <object>
    <name>na</name>
    <pose/>
    <truncated/>
    <difficult/>
    <bndbox>
      <xmin>2076.4814814814813</xmin>
      <ymin>341.03703703703695</ymin>
      <xmax>2350.555555555555</xmax>
      <ymax>507.7037037037037</ymax>
    </bndbox>
  </object>
  <object>
    <name>ha</name>
    <pose/>
    <truncated/>
    <difficult/>
    <bndbox>
      <xmin>2456.111111111111</xmin>
      <ymin>294.74074074074065</ymin>
      <xmax>2743.148148148148</xmax>
      <ymax>533.6296296296296</ymax>
    </bndbox>
  </object>
</annotation>
