<annotation>
  <folder/>
  <filename>IMG_E1422.jpg</filename>
  <database/>
  <annotation/>
  <image/>
  <size>
    <height>3156</height>
    <width>2628</width>
    <depth>3</depth>
  </size>
  <segmented/>
  <object>
    <name>ba</name>
    <pose/>
    <truncated/>
    <difficult/>
    <bndbox>
      <xmin>173.41379310344837</xmin>
      <ymin>21.48275862068966</ymin>
      <xmax>666.5172413793107</xmax>
      <ymax>500.79310344827593</ymax>
    </bndbox>
  </object>
  <object>
    <name>nga</name>
    <pose/>
    <truncated/>
    <difficult/>
    <bndbox>
      <xmin>956.1724137931037</xmin>
      <ymin>90.44827586206897</ymin>
      <xmax>1390.6551724137935</xmax>
      <ymax>597.344827586207</ymax>
    </bndbox>
  </object>
  <object>
    <name>pa</name>
    <pose/>
    <truncated/>
    <difficult/>
    <bndbox>
      <xmin>1638.9310344827586</xmin>
      <ymin>142.17241379310346</ymin>
      <xmax>2238.931034482759</xmax>
      <ymax>504.2413793103449</ymax>
    </bndbox>
  </object>
  <object>
    <name>ya</name>
    <pose/>
    <truncated/>
    <difficult/>
    <bndbox>
      <xmin>176.86206896551744</xmin>
      <ymin>1676.6551724137933</ymin>
      <xmax>745.8275862068967</xmax>
      <ymax>2100.793103448276</ymax>
    </bndbox>
  </object>
  <object>
    <name>na</name>
    <pose/>
    <truncated/>
    <difficult/>
    <bndbox>
      <xmin>1014.7931034482758</xmin>
      <ymin>1735.2758620689656</ymin>
      <xmax>1587.2068965517242</xmax>
      <ymax>2169.7586206896553</ymax>
    </bndbox>
  </object>
  <object>
    <name>a</name>
    <pose/>
    <truncated/>
    <difficult/>
    <bndbox>
      <xmin>1832.034482758621</xmin>
      <ymin>1655.9655172413795</ymin>
      <xmax>2511.344827586207</xmax>
      <ymax>2087.0</ymax>
    </bndbox>
  </object>
</annotation>
