<annotation>
  <folder/>
  <filename>IMG_20200523_180419.jpg</filename>
  <database/>
  <annotation/>
  <image/>
  <size>
    <height>1254</height>
    <width>1072</width>
    <depth>3</depth>
  </size>
  <segmented/>
  <object>
    <name>ba</name>
    <pose/>
    <truncated/>
    <difficult/>
    <bndbox>
      <xmin>188.18181818181813</xmin>
      <ymin>83.54545454545453</ymin>
      <xmax>328.18181818181813</xmax>
      <ymax>194.45454545454544</ymax>
    </bndbox>
  </object>
  <object>
    <name>sa</name>
    <pose/>
    <truncated/>
    <difficult/>
    <bndbox>
      <xmin>548.1818181818181</xmin>
      <ymin>65.36363636363636</ymin>
      <xmax>657.2727272727273</xmax>
      <ymax>165.36363636363635</ymax>
    </bndbox>
  </object>
  <object>
    <name>ta</name>
    <pose/>
    <truncated/>
    <difficult/>
    <bndbox>
      <xmin>866.3636363636363</xmin>
      <ymin>92.63636363636363</ymin>
      <xmax>971.8181818181818</xmax>
      <ymax>181.72727272727272</ymax>
    </bndbox>
  </object>
  <object>
    <name>ba</name>
    <pose/>
    <truncated/>
    <difficult/>
    <bndbox>
      <xmin>193.63636363636363</xmin>
      <ymin>674.4545454545454</ymin>
      <xmax>362.72727272727263</xmax>
      <ymax>785.3636363636363</ymax>
    </bndbox>
  </object>
  <object>
    <name>la</name>
    <pose/>
    <truncated/>
    <difficult/>
    <bndbox>
      <xmin>517.2727272727273</xmin>
      <ymin>674.4545454545454</ymin>
      <xmax>642.7272727272727</xmax>
      <ymax>759.9090909090909</ymax>
    </bndbox>
  </object>
  <object>
    <name>ja</name>
    <pose/>
    <truncated/>
    <difficult/>
    <bndbox>
      <xmin>773.6363636363635</xmin>
      <ymin>665.3636363636363</ymin>
      <xmax>926.3636363636363</xmax>
      <ymax>763.5454545454545</ymax>
    </bndbox>
  </object>
</annotation>
