<annotation>
  <folder/>
  <filename>IMG_20200523_125933.jpg</filename>
  <database/>
  <annotation/>
  <image/>
  <size>
    <height>1066</height>
    <width>1782</width>
    <depth>3</depth>
  </size>
  <segmented/>
  <object>
    <name>nya</name>
    <pose/>
    <truncated/>
    <difficult/>
    <bndbox>
      <xmin>38.46511627906977</xmin>
      <ymin>34.2093023255814</ymin>
      <xmax>217.53488372093022</xmax>
      <ymax>198.1627906976744</ymax>
    </bndbox>
  </object>
  <object>
    <name>ya</name>
    <pose/>
    <truncated/>
    <difficult/>
    <bndbox>
      <xmin>712.8837209302326</xmin>
      <ymin>21.41860465116279</ymin>
      <xmax>969.8604651162791</xmax>
      <ymax>171.41860465116278</ymax>
    </bndbox>
  </object>
  <object>
    <name>da</name>
    <pose/>
    <truncated/>
    <difficult/>
    <bndbox>
      <xmin>1352.418604651163</xmin>
      <ymin>1.6511627906976747</ymin>
      <xmax>1538.46511627907</xmax>
      <ymax>164.4418604651163</ymax>
    </bndbox>
  </object>
  <object>
    <name>la</name>
    <pose/>
    <truncated/>
    <difficult/>
    <bndbox>
      <xmin>84.97674418604652</xmin>
      <ymin>571.4186046511628</ymin>
      <xmax>304.74418604651163</xmax>
      <ymax>770.2558139534884</ymax>
    </bndbox>
  </object>
  <object>
    <name>nga</name>
    <pose/>
    <truncated/>
    <difficult/>
    <bndbox>
      <xmin>798.9302325581396</xmin>
      <ymin>584.2093023255813</ymin>
      <xmax>1017.5348837209303</xmax>
      <ymax>793.5116279069767</ymax>
    </bndbox>
  </object>
  <object>
    <name>na</name>
    <pose/>
    <truncated/>
    <difficult/>
    <bndbox>
      <xmin>1468.6976744186047</xmin>
      <ymin>585.3720930232558</ymin>
      <xmax>1679.1627906976744</xmax>
      <ymax>770.2558139534884</ymax>
    </bndbox>
  </object>
</annotation>
