<annotation>
  <folder/>
  <filename>IMG_E1357.jpg</filename>
  <database/>
  <annotation/>
  <image/>
  <size>
    <height>1163</height>
    <width>2823</width>
    <depth>3</depth>
  </size>
  <segmented/>
  <object>
    <name>ha</name>
    <pose/>
    <truncated/>
    <difficult/>
    <bndbox>
      <xmin>55.72727272727272</xmin>
      <ymin>19.363636363636317</ymin>
      <xmax>508.4545454545454</xmax>
      <ymax>333.9090909090909</ymax>
    </bndbox>
  </object>
  <object>
    <name>ta</name>
    <pose/>
    <truncated/>
    <difficult/>
    <bndbox>
      <xmin>670.2727272727273</xmin>
      <ymin>117.5454545454545</ymin>
      <xmax>982.9999999999999</xmax>
      <ymax>401.18181818181813</ymax>
    </bndbox>
  </object>
  <object>
    <name>wa</name>
    <pose/>
    <truncated/>
    <difficult/>
    <bndbox>
      <xmin>1101.181818181818</xmin>
      <ymin>155.7272727272727</ymin>
      <xmax>1528.4545454545453</xmax>
      <ymax>466.6363636363636</ymax>
    </bndbox>
  </object>
  <object>
    <name>a</name>
    <pose/>
    <truncated/>
    <difficult/>
    <bndbox>
      <xmin>1639.3636363636363</xmin>
      <ymin>210.27272727272725</ymin>
      <xmax>1986.6363636363635</xmax>
      <ymax>441.18181818181813</ymax>
    </bndbox>
  </object>
  <object>
    <name>sa</name>
    <pose/>
    <truncated/>
    <difficult/>
    <bndbox>
      <xmin>2093.9090909090905</xmin>
      <ymin>155.7272727272727</ymin>
      <xmax>2361.181818181818</xmax>
      <ymax>510.27272727272725</ymax>
    </bndbox>
  </object>
  <object>
    <name>na</name>
    <pose/>
    <truncated/>
    <difficult/>
    <bndbox>
      <xmin>2428.454545454545</xmin>
      <ymin>217.5454545454545</ymin>
      <xmax>2743.0</xmax>
      <ymax>493.9090909090909</ymax>
    </bndbox>
  </object>
</annotation>
