<annotation>
  <folder/>
  <filename>IMG_E1222.jpg</filename>
  <database/>
  <annotation/>
  <image/>
  <size>
    <height>2661</height>
    <width>2640</width>
    <depth>3</depth>
  </size>
  <segmented/>
  <object>
    <name>sa</name>
    <pose/>
    <truncated/>
    <difficult/>
    <bndbox>
      <xmin>61.94117647058806</xmin>
      <ymin>50.470588235294116</ymin>
      <xmax>653.1176470588234</xmax>
      <ymax>597.5294117647059</ymax>
    </bndbox>
  </object>
  <object>
    <name>ha</name>
    <pose/>
    <truncated/>
    <difficult/>
    <bndbox>
      <xmin>706.0588235294117</xmin>
      <ymin>56.35294117647058</ymin>
      <xmax>1247.2352941176468</xmax>
      <ymax>482.8235294117647</ymax>
    </bndbox>
  </object>
  <object>
    <name>ta</name>
    <pose/>
    <truncated/>
    <difficult/>
    <bndbox>
      <xmin>1341.3529411764703</xmin>
      <ymin>59.29411764705881</ymin>
      <xmax>1867.8235294117644</xmax>
      <ymax>574.0</ymax>
    </bndbox>
  </object>
  <object>
    <name>ra</name>
    <pose/>
    <truncated/>
    <difficult/>
    <bndbox>
      <xmin>1970.7647058823527</xmin>
      <ymin>121.05882352941177</ymin>
      <xmax>2464.882352941176</xmax>
      <ymax>559.2941176470588</ymax>
    </bndbox>
  </object>
  <object>
    <name>ya</name>
    <pose/>
    <truncated/>
    <difficult/>
    <bndbox>
      <xmin>129.58823529411757</xmin>
      <ymin>1424.0</ymin>
      <xmax>823.705882352941</xmax>
      <ymax>1844.5882352941176</ymax>
    </bndbox>
  </object>
  <object>
    <name>ba</name>
    <pose/>
    <truncated/>
    <difficult/>
    <bndbox>
      <xmin>958.9999999999998</xmin>
      <ymin>1491.6470588235293</ymin>
      <xmax>1417.8235294117644</xmax>
      <ymax>1926.941176470588</ymax>
    </bndbox>
  </object>
  <object>
    <name>ga</name>
    <pose/>
    <truncated/>
    <difficult/>
    <bndbox>
      <xmin>1570.7647058823527</xmin>
      <ymin>1518.1176470588234</ymin>
      <xmax>2141.3529411764703</xmax>
      <ymax>1956.3529411764705</ymax>
    </bndbox>
  </object>
</annotation>
