<annotation>
  <folder/>
  <filename>IMG_20200522_165827.jpg</filename>
  <database/>
  <annotation/>
  <image/>
  <size>
    <height>1714</height>
    <width>2738</width>
    <depth>3</depth>
  </size>
  <segmented/>
  <object>
    <name>a</name>
    <pose/>
    <truncated/>
    <difficult/>
    <bndbox>
      <xmin>131.2830188679245</xmin>
      <ymin>24.73584905660377</ymin>
      <xmax>410.5283018867924</xmax>
      <ymax>187.0</ymax>
    </bndbox>
  </object>
  <object>
    <name>wa</name>
    <pose/>
    <truncated/>
    <difficult/>
    <bndbox>
      <xmin>1316.1886792452829</xmin>
      <ymin>24.73584905660377</ymin>
      <xmax>1608.6415094339623</xmax>
      <ymax>147.37735849056602</ymax>
    </bndbox>
  </object>
  <object>
    <name>ga</name>
    <pose/>
    <truncated/>
    <difficult/>
    <bndbox>
      <xmin>2521.8490566037735</xmin>
      <ymin>64.35849056603773</ymin>
      <xmax>2737</xmax>
      <ymax>275</ymax>
    </bndbox>
  </object>
  <object>
    <name>nya</name>
    <pose/>
    <truncated/>
    <difficult/>
    <bndbox>
      <xmin>101.09433962264148</xmin>
      <ymin>977.566037735849</ymin>
      <xmax>338.8301886792453</xmax>
      <ymax>1143.6037735849056</ymax>
    </bndbox>
  </object>
  <object>
    <name>nga</name>
    <pose/>
    <truncated/>
    <difficult/>
    <bndbox>
      <xmin>1312.4150943396226</xmin>
      <ymin>998.3207547169811</ymin>
      <xmax>1533.1698113207547</xmax>
      <ymax>1236.0566037735848</ymax>
    </bndbox>
  </object>
  <object>
    <name>ra</name>
    <pose/>
    <truncated/>
    <difficult/>
    <bndbox>
      <xmin>2436.943396226415</xmin>
      <ymin>1179.4528301886792</ymin>
      <xmax>2665.2452830188677</xmax>
      <ymax>1353.0377358490566</ymax>
    </bndbox>
  </object>
</annotation>
