<annotation>
  <folder/>
  <filename>IMG_E8952.jpg</filename>
  <database/>
  <annotation/>
  <image/>
  <size>
    <height>1196</height>
    <width>3024</width>
    <depth>3</depth>
  </size>
  <segmented/>
  <object>
    <name>po</name>
    <pose/>
    <truncated/>
    <difficult/>
    <bndbox>
      <xmin>110.07692307692307</xmin>
      <ymin>75.0</ymin>
      <xmax>790.8461538461538</xmax>
      <ymax>473.0769230769231</ymax>
    </bndbox>
  </object>
  <object>
    <name>u</name>
    <pose/>
    <truncated/>
    <difficult/>
    <bndbox>
      <xmin>983.1538461538461</xmin>
      <ymin>125.0</ymin>
      <xmax>1373.5384615384614</xmax>
      <ymax>571.1538461538461</ymax>
    </bndbox>
  </object>
  <object>
    <name>je</name>
    <pose/>
    <truncated/>
    <difficult/>
    <bndbox>
      <xmin>1642.7692307692307</xmin>
      <ymin>80.76923076923077</ymin>
      <xmax>2119.6923076923076</xmax>
      <ymax>405.7692307692307</ymax>
    </bndbox>
  </object>
  <object>
    <name>r</name>
    <pose/>
    <truncated/>
    <difficult/>
    <bndbox>
      <xmin>2417.7692307692305</xmin>
      <ymin>121.15384615384613</ymin>
      <xmax>2969.6923076923076</xmax>
      <ymax>567.3076923076923</ymax>
    </bndbox>
  </object>
</annotation>
