<annotation>
  <folder/>
  <filename>IMG_E8819.jpg</filename>
  <database/>
  <annotation/>
  <image/>
  <size>
    <height>1243</height>
    <width>2992</width>
    <depth>3</depth>
  </size>
  <segmented/>
  <object>
    <name>ye</name>
    <pose/>
    <truncated/>
    <difficult/>
    <bndbox>
      <xmin>78.6923076923077</xmin>
      <ymin>74.0</ymin>
      <xmax>665.2307692307692</xmax>
      <ymax>491.30769230769226</ymax>
    </bndbox>
  </object>
  <object>
    <name>su</name>
    <pose/>
    <truncated/>
    <difficult/>
    <bndbox>
      <xmin>996.0</xmin>
      <ymin>64.38461538461536</ymin>
      <xmax>1469.076923076923</xmax>
      <ymax>585.5384615384615</ymax>
    </bndbox>
  </object>
  <object>
    <name>ng</name>
    <pose/>
    <truncated/>
    <difficult/>
    <bndbox>
      <xmin>1786.3846153846152</xmin>
      <ymin>174.0</ymin>
      <xmax>2296.0</xmax>
      <ymax>572.0769230769231</ymax>
    </bndbox>
  </object>
  <object>
    <name>i</name>
    <pose/>
    <truncated/>
    <difficult/>
    <bndbox>
      <xmin>2480.6153846153848</xmin>
      <ymin>129.76923076923077</ymin>
      <xmax>2849.846153846154</xmax>
      <ymax>527.8461538461538</ymax>
    </bndbox>
  </object>
</annotation>
