<annotation>
  <folder/>
  <filename>IMG_E8824.jpg</filename>
  <database/>
  <annotation/>
  <image/>
  <size>
    <height>1350</height>
    <width>2915</width>
    <depth>3</depth>
  </size>
  <segmented/>
  <object>
    <name>wang</name>
    <pose/>
    <truncated/>
    <difficult/>
    <bndbox>
      <xmin>105.66666666666666</xmin>
      <ymin>48.03703703703701</ymin>
      <xmax>683.4444444444443</xmax>
      <ymax>523.9629629629629</ymax>
    </bndbox>
  </object>
  <object>
    <name>gi</name>
    <pose/>
    <truncated/>
    <difficult/>
    <bndbox>
      <xmin>948.2592592592592</xmin>
      <ymin>101.7407407407407</ymin>
      <xmax>1514.9259259259259</xmax>
      <ymax>555.4444444444443</ymax>
    </bndbox>
  </object>
  <object>
    <name>bu</name>
    <pose/>
    <truncated/>
    <difficult/>
    <bndbox>
      <xmin>1720.4814814814813</xmin>
      <ymin>133.22222222222223</ymin>
      <xmax>2268.6296296296296</xmax>
      <ymax>598.037037037037</ymax>
    </bndbox>
  </object>
  <object>
    <name>nga</name>
    <pose/>
    <truncated/>
    <difficult/>
    <bndbox>
      <xmin>2414.9259259259256</xmin>
      <ymin>135.07407407407408</ymin>
      <xmax>2814.9259259259256</xmax>
      <ymax>599.8888888888888</ymax>
    </bndbox>
  </object>
</annotation>
