<annotation>
  <folder/>
  <filename>IMG_20200504_142135.jpg</filename>
  <database/>
  <annotation/>
  <image/>
  <size>
    <height>2244</height>
    <width>2828</width>
    <depth>3</depth>
  </size>
  <segmented/>
  <object>
    <name>a</name>
    <pose/>
    <truncated/>
    <difficult/>
    <bndbox>
      <xmin>31.82926829268291</xmin>
      <ymin>97.6341463414634</ymin>
      <xmax>485.4878048780487</xmax>
      <ymax>275.6829268292683</ymax>
    </bndbox>
  </object>
  <object>
    <name>r</name>
    <pose/>
    <truncated/>
    <difficult/>
    <bndbox>
      <xmin>724.5121951219512</xmin>
      <ymin>34.21951219512195</ymin>
      <xmax>1404.9999999999998</xmax>
      <ymax>414.7073170731707</ymax>
    </bndbox>
  </object>
  <object>
    <name>ga</name>
    <pose/>
    <truncated/>
    <difficult/>
    <bndbox>
      <xmin>1736.7073170731705</xmin>
      <ymin>87.8780487804878</ymin>
      <xmax>2222.0731707317073</xmax>
      <ymax>461.04878048780483</ymax>
    </bndbox>
  </object>
  <object>
    <name>do</name>
    <pose/>
    <truncated/>
    <difficult/>
    <bndbox>
      <xmin>19.634146341463406</xmin>
      <ymin>714.7073170731707</ymin>
      <xmax>595.2439024390243</xmax>
      <ymax>1175.6829268292681</ymax>
    </bndbox>
  </object>
  <object>
    <name>bo</name>
    <pose/>
    <truncated/>
    <difficult/>
    <bndbox>
      <xmin>763.5365853658536</xmin>
      <ymin>795.1951219512194</ymin>
      <xmax>1312.3170731707316</xmax>
      <ymax>1151.2926829268292</ymax>
    </bndbox>
  </object>
  <object>
    <name>no</name>
    <pose/>
    <truncated/>
    <difficult/>
    <bndbox>
      <xmin>1626.951219512195</xmin>
      <ymin>953.7317073170731</ymin>
      <xmax>2346.463414634146</xmax>
      <ymax>1268.3658536585365</ymax>
    </bndbox>
  </object>
  <object>
    <name>hi</name>
    <pose/>
    <truncated/>
    <difficult/>
    <bndbox>
      <xmin>4.999999999999943</xmin>
      <ymin>1424.4634146341461</ymin>
      <xmax>526.951219512195</xmax>
      <ymax>1695.1951219512193</ymax>
    </bndbox>
  </object>
  <object>
    <name>pi</name>
    <pose/>
    <truncated/>
    <difficult/>
    <bndbox>
      <xmin>702.560975609756</xmin>
      <ymin>1436.6585365853657</ymin>
      <xmax>1380.6097560975609</xmax>
      <ymax>1753.731707317073</ymax>
    </bndbox>
  </object>
  <object>
    <name>na</name>
    <pose/>
    <truncated/>
    <difficult/>
    <bndbox>
      <xmin>1568.4146341463413</xmin>
      <ymin>1582.9999999999998</ymin>
      <xmax>2078.170731707317</xmax>
      <ymax>1919.5853658536585</ymax>
    </bndbox>
  </object>
  <object>
    <name>sa</name>
    <pose/>
    <truncated/>
    <difficult/>
    <bndbox>
      <xmin>2168.414634146341</xmin>
      <ymin>1592.7560975609754</ymin>
      <xmax>2529.3902439024387</xmax>
      <ymax>1956.170731707317</ymax>
    </bndbox>
  </object>
</annotation>
