<annotation>
  <folder/>
  <filename>IMG_E1397.jpg</filename>
  <database/>
  <annotation/>
  <image/>
  <size>
    <height>2505</height>
    <width>2824</width>
    <depth>3</depth>
  </size>
  <segmented/>
  <object>
    <name>sa</name>
    <pose/>
    <truncated/>
    <difficult/>
    <bndbox>
      <xmin>94.44444444444446</xmin>
      <ymin>59.888888888888886</ymin>
      <xmax>577.7777777777778</xmax>
      <ymax>482.11111111111114</ymax>
    </bndbox>
  </object>
  <object>
    <name>ta</name>
    <pose/>
    <truncated/>
    <difficult/>
    <bndbox>
      <xmin>866.6666666666667</xmin>
      <ymin>71.0</ymin>
      <xmax>1208.3333333333335</xmax>
      <ymax>548.7777777777778</ymax>
    </bndbox>
  </object>
  <object>
    <name>ha</name>
    <pose/>
    <truncated/>
    <difficult/>
    <bndbox>
      <xmin>1477.7777777777778</xmin>
      <ymin>129.33333333333334</ymin>
      <xmax>1947.2222222222222</xmax>
      <ymax>593.2222222222223</ymax>
    </bndbox>
  </object>
  <object>
    <name>la</name>
    <pose/>
    <truncated/>
    <difficult/>
    <bndbox>
      <xmin>2075.0</xmin>
      <ymin>223.7777777777778</ymin>
      <xmax>2533.3333333333335</xmax>
      <ymax>498.7777777777778</ymax>
    </bndbox>
  </object>
  <object>
    <name>ja</name>
    <pose/>
    <truncated/>
    <difficult/>
    <bndbox>
      <xmin>141.66666666666674</xmin>
      <ymin>1457.111111111111</ymin>
      <xmax>719.4444444444446</xmax>
      <ymax>1846.0</ymax>
    </bndbox>
  </object>
  <object>
    <name>ra</name>
    <pose/>
    <truncated/>
    <difficult/>
    <bndbox>
      <xmin>972.2222222222222</xmin>
      <ymin>1484.888888888889</ymin>
      <xmax>1313.888888888889</xmax>
      <ymax>1884.888888888889</ymax>
    </bndbox>
  </object>
  <object>
    <name>nga</name>
    <pose/>
    <truncated/>
    <difficult/>
    <bndbox>
      <xmin>1561.1111111111113</xmin>
      <ymin>1507.111111111111</ymin>
      <xmax>1947.2222222222222</xmax>
      <ymax>1932.111111111111</ymax>
    </bndbox>
  </object>
  <object>
    <name>ya</name>
    <pose/>
    <truncated/>
    <difficult/>
    <bndbox>
      <xmin>2127.777777777778</xmin>
      <ymin>1487.6666666666667</ymin>
      <xmax>2630.5555555555557</xmax>
      <ymax>1873.7777777777778</ymax>
    </bndbox>
  </object>
</annotation>
