<annotation>
  <folder/>
  <filename>IMG_E1800.jpg</filename>
  <database/>
  <annotation/>
  <image/>
  <size>
    <height>1127</height>
    <width>2847</width>
    <depth>3</depth>
  </size>
  <segmented/>
  <object>
    <name>ha</name>
    <pose/>
    <truncated/>
    <difficult/>
    <bndbox>
      <xmin>62.09090909090908</xmin>
      <ymin>114.09090909090907</ymin>
      <xmax>471.18181818181813</xmax>
      <ymax>474.090909090909</ymax>
    </bndbox>
  </object>
  <object>
    <name>ra</name>
    <pose/>
    <truncated/>
    <difficult/>
    <bndbox>
      <xmin>596.6363636363636</xmin>
      <ymin>106.81818181818181</ymin>
      <xmax>960.2727272727271</xmax>
      <ymax>466.81818181818176</ymax>
    </bndbox>
  </object>
  <object>
    <name>pa</name>
    <pose/>
    <truncated/>
    <difficult/>
    <bndbox>
      <xmin>1056.6363636363635</xmin>
      <ymin>159.5454545454545</ymin>
      <xmax>1373.0</xmax>
      <ymax>435.9090909090909</ymax>
    </bndbox>
  </object>
  <object>
    <name>ya</name>
    <pose/>
    <truncated/>
    <difficult/>
    <bndbox>
      <xmin>1420.2727272727273</xmin>
      <ymin>144.99999999999994</ymin>
      <xmax>1827.5454545454545</xmax>
      <ymax>406.81818181818176</ymax>
    </bndbox>
  </object>
  <object>
    <name>wa</name>
    <pose/>
    <truncated/>
    <difficult/>
    <bndbox>
      <xmin>1896.6363636363635</xmin>
      <ymin>123.18181818181813</ymin>
      <xmax>2265.7272727272725</xmax>
      <ymax>423.18181818181813</ymax>
    </bndbox>
  </object>
  <object>
    <name>ba</name>
    <pose/>
    <truncated/>
    <difficult/>
    <bndbox>
      <xmin>2340.272727272727</xmin>
      <ymin>115.90909090909088</ymin>
      <xmax>2745.7272727272725</xmax>
      <ymax>463.18181818181813</ymax>
    </bndbox>
  </object>
</annotation>
