<annotation>
  <folder/>
  <filename>IMG_E1619.jpg</filename>
  <database/>
  <annotation/>
  <image/>
  <size>
    <height>3016</height>
    <width>2564</width>
    <depth>3</depth>
  </size>
  <segmented/>
  <object>
    <name>ra</name>
    <pose/>
    <truncated/>
    <difficult/>
    <bndbox>
      <xmin>39.0</xmin>
      <ymin>103.33333333333334</ymin>
      <xmax>619.0</xmax>
      <ymax>593.3333333333334</ymax>
    </bndbox>
  </object>
  <object>
    <name>ja</name>
    <pose/>
    <truncated/>
    <difficult/>
    <bndbox>
      <xmin>905.666666666667</xmin>
      <ymin>90.0</ymin>
      <xmax>1492.3333333333335</xmax>
      <ymax>613.3333333333334</ymax>
    </bndbox>
  </object>
  <object>
    <name>nga</name>
    <pose/>
    <truncated/>
    <difficult/>
    <bndbox>
      <xmin>1659.0</xmin>
      <ymin>113.33333333333334</ymin>
      <xmax>2115.666666666667</xmax>
      <ymax>626.6666666666667</ymax>
    </bndbox>
  </object>
  <object>
    <name>na</name>
    <pose/>
    <truncated/>
    <difficult/>
    <bndbox>
      <xmin>109.0</xmin>
      <ymin>1563.3333333333335</ymin>
      <xmax>672.3333333333335</xmax>
      <ymax>2013.3333333333335</ymax>
    </bndbox>
  </object>
  <object>
    <name>ya</name>
    <pose/>
    <truncated/>
    <difficult/>
    <bndbox>
      <xmin>952.3333333333335</xmin>
      <ymin>1596.6666666666667</ymin>
      <xmax>1655.666666666667</xmax>
      <ymax>2073.3333333333335</ymax>
    </bndbox>
  </object>
  <object>
    <name>wa</name>
    <pose/>
    <truncated/>
    <difficult/>
    <bndbox>
      <xmin>1865.666666666667</xmin>
      <ymin>1586.6666666666667</ymin>
      <xmax>2419.0</xmax>
      <ymax>2026.666666666667</ymax>
    </bndbox>
  </object>
</annotation>
