<annotation>
  <folder/>
  <filename>IMG_20200522_165947.jpg</filename>
  <database/>
  <annotation/>
  <image/>
  <size>
    <height>1718</height>
    <width>2534</width>
    <depth>3</depth>
  </size>
  <segmented/>
  <object>
    <name>la</name>
    <pose/>
    <truncated/>
    <difficult/>
    <bndbox>
      <xmin>106.64150943396226</xmin>
      <ymin>155.0377358490566</ymin>
      <xmax>400.9811320754717</xmax>
      <ymax>339.9433962264151</ymax>
    </bndbox>
  </object>
  <object>
    <name>nga</name>
    <pose/>
    <truncated/>
    <difficult/>
    <bndbox>
      <xmin>1131.1698113207547</xmin>
      <ymin>192.77358490566036</ymin>
      <xmax>1300.9811320754716</xmax>
      <ymax>385.2264150943396</ymax>
    </bndbox>
  </object>
  <object>
    <name>ya</name>
    <pose/>
    <truncated/>
    <difficult/>
    <bndbox>
      <xmin>2184.0</xmin>
      <ymin>170.1320754716981</ymin>
      <xmax>2459.4716981132074</xmax>
      <ymax>336.1698113207547</ymax>
    </bndbox>
  </object>
  <object>
    <name>ba</name>
    <pose/>
    <truncated/>
    <difficult/>
    <bndbox>
      <xmin>123.62264150943395</xmin>
      <ymin>902.2075471698113</ymin>
      <xmax>312.3018867924528</xmax>
      <ymax>1053.1509433962265</ymax>
    </bndbox>
  </object>
  <object>
    <name>da</name>
    <pose/>
    <truncated/>
    <difficult/>
    <bndbox>
      <xmin>1110.4150943396226</xmin>
      <ymin>958.8113207547169</ymin>
      <xmax>1268.9056603773583</xmax>
      <ymax>1126.7358490566037</ymax>
    </bndbox>
  </object>
  <object>
    <name>ha</name>
    <pose/>
    <truncated/>
    <difficult/>
    <bndbox>
      <xmin>2244.3773584905657</xmin>
      <ymin>1002.2075471698113</ymin>
      <xmax>2414.188679245283</xmax>
      <ymax>1145.6037735849056</ymax>
    </bndbox>
  </object>
</annotation>
