<annotation>
  <folder/>
  <filename>IMG_E0882.jpg</filename>
  <database/>
  <annotation/>
  <image/>
  <size>
    <height>2636</height>
    <width>2576</width>
    <depth>3</depth>
  </size>
  <segmented/>
  <object>
    <name>wa</name>
    <pose/>
    <truncated/>
    <difficult/>
    <bndbox>
      <xmin>91.42857142857133</xmin>
      <ymin>194.28571428571428</ymin>
      <xmax>571.4285714285713</xmax>
      <ymax>548.5714285714286</ymax>
    </bndbox>
  </object>
  <object>
    <name>sa</name>
    <pose/>
    <truncated/>
    <difficult/>
    <bndbox>
      <xmin>722.8571428571427</xmin>
      <ymin>171.42857142857142</ymin>
      <xmax>1154.2857142857142</xmax>
      <ymax>571.4285714285713</ymax>
    </bndbox>
  </object>
  <object>
    <name>ya</name>
    <pose/>
    <truncated/>
    <difficult/>
    <bndbox>
      <xmin>1285.7142857142853</xmin>
      <ymin>208.57142857142856</ymin>
      <xmax>1791.428571428571</xmax>
      <ymax>574.2857142857142</ymax>
    </bndbox>
  </object>
  <object>
    <name>ga</name>
    <pose/>
    <truncated/>
    <difficult/>
    <bndbox>
      <xmin>1959.9999999999995</xmin>
      <ymin>211.42857142857142</ymin>
      <xmax>2362.8571428571427</xmax>
      <ymax>511.4285714285714</ymax>
    </bndbox>
  </object>
  <object>
    <name>ma</name>
    <pose/>
    <truncated/>
    <difficult/>
    <bndbox>
      <xmin>31.42857142857133</xmin>
      <ymin>1451.4285714285713</ymin>
      <xmax>582.8571428571427</xmax>
      <ymax>1834.2857142857142</ymax>
    </bndbox>
  </object>
  <object>
    <name>pa</name>
    <pose/>
    <truncated/>
    <difficult/>
    <bndbox>
      <xmin>731.4285714285713</xmin>
      <ymin>1571.4285714285713</ymin>
      <xmax>1157.1428571428569</xmax>
      <ymax>1762.8571428571427</ymax>
    </bndbox>
  </object>
  <object>
    <name>ta</name>
    <pose/>
    <truncated/>
    <difficult/>
    <bndbox>
      <xmin>1479.9999999999995</xmin>
      <ymin>1525.7142857142856</ymin>
      <xmax>1888.5714285714284</xmax>
      <ymax>1934.285714285714</ymax>
    </bndbox>
  </object>
  <object>
    <name>ha</name>
    <pose/>
    <truncated/>
    <difficult/>
    <bndbox>
      <xmin>2051.428571428571</xmin>
      <ymin>1525.7142857142856</ymin>
      <xmax>2505.7142857142853</xmax>
      <ymax>2005.7142857142856</ymax>
    </bndbox>
  </object>
</annotation>
