<annotation>
  <folder/>
  <filename>IMG_E1803.jpg</filename>
  <database/>
  <annotation/>
  <image/>
  <size>
    <height>2772</height>
    <width>2496</width>
    <depth>3</depth>
  </size>
  <segmented/>
  <object>
    <name>ya</name>
    <pose/>
    <truncated/>
    <difficult/>
    <bndbox>
      <xmin>85.21212121212125</xmin>
      <ymin>51.63636363636363</ymin>
      <xmax>751.8787878787878</xmax>
      <ymax>475.8787878787879</ymax>
    </bndbox>
  </object>
  <object>
    <name>da</name>
    <pose/>
    <truncated/>
    <difficult/>
    <bndbox>
      <xmin>933.6969696969695</xmin>
      <ymin>27.39393939393939</ymin>
      <xmax>1557.939393939394</xmax>
      <ymax>527.3939393939394</ymax>
    </bndbox>
  </object>
  <object>
    <name>ha</name>
    <pose/>
    <truncated/>
    <difficult/>
    <bndbox>
      <xmin>1660.969696969697</xmin>
      <ymin>3.1515151515151505</ymin>
      <xmax>2330.6666666666665</xmax>
      <ymax>557.6969696969696</ymax>
    </bndbox>
  </object>
  <object>
    <name>ya</name>
    <pose/>
    <truncated/>
    <difficult/>
    <bndbox>
      <xmin>109.4545454545455</xmin>
      <ymin>1300.121212121212</ymin>
      <xmax>764.0</xmax>
      <ymax>1812.2424242424242</ymax>
    </bndbox>
  </object>
  <object>
    <name>ta</name>
    <pose/>
    <truncated/>
    <difficult/>
    <bndbox>
      <xmin>991.272727272727</xmin>
      <ymin>1418.3030303030303</ymin>
      <xmax>1560.969696969697</xmax>
      <ymax>1930.4242424242423</ymax>
    </bndbox>
  </object>
  <object>
    <name>ja</name>
    <pose/>
    <truncated/>
    <difficult/>
    <bndbox>
      <xmin>1827.6363636363635</xmin>
      <ymin>1457.6969696969695</ymin>
      <xmax>2406.424242424242</xmax>
      <ymax>2018.3030303030303</ymax>
    </bndbox>
  </object>
</annotation>
