<annotation>
  <folder/>
  <filename>IMG_20200523_122726.jpg</filename>
  <database/>
  <annotation/>
  <image/>
  <size>
    <height>1066</height>
    <width>1954</width>
    <depth>3</depth>
  </size>
  <segmented/>
  <object>
    <name>ba</name>
    <pose/>
    <truncated/>
    <difficult/>
    <bndbox>
      <xmin>71.25</xmin>
      <ymin>25.75</ymin>
      <xmax>332.5</xmax>
      <ymax>195.75</ymax>
    </bndbox>
  </object>
  <object>
    <name>ta</name>
    <pose/>
    <truncated/>
    <difficult/>
    <bndbox>
      <xmin>906.25</xmin>
      <ymin>85.75</ymin>
      <xmax>1142.5</xmax>
      <ymax>308.25</ymax>
    </bndbox>
  </object>
  <object>
    <name>sa</name>
    <pose/>
    <truncated/>
    <difficult/>
    <bndbox>
      <xmin>1470.0</xmin>
      <ymin>105.75</ymin>
      <xmax>1748.75</xmax>
      <ymax>325.75</ymax>
    </bndbox>
  </object>
  <object>
    <name>nga</name>
    <pose/>
    <truncated/>
    <difficult/>
    <bndbox>
      <xmin>106.25</xmin>
      <ymin>519.5</ymin>
      <xmax>297.5</xmax>
      <ymax>714.5</ymax>
    </bndbox>
  </object>
  <object>
    <name>na</name>
    <pose/>
    <truncated/>
    <difficult/>
    <bndbox>
      <xmin>840.0</xmin>
      <ymin>605.75</ymin>
      <xmax>1101.25</xmax>
      <ymax>793.25</ymax>
    </bndbox>
  </object>
  <object>
    <name>la</name>
    <pose/>
    <truncated/>
    <difficult/>
    <bndbox>
      <xmin>1540.0</xmin>
      <ymin>673.25</ymin>
      <xmax>1777.5</xmax>
      <ymax>845.75</ymax>
    </bndbox>
  </object>
</annotation>
