<annotation>
  <folder/>
  <filename>IMG_E8832.jpg</filename>
  <database/>
  <annotation/>
  <image/>
  <size>
    <height>798</height>
    <width>2980</width>
    <depth>3</depth>
  </size>
  <segmented/>
  <object>
    <name>ti</name>
    <pose/>
    <truncated/>
    <difficult/>
    <bndbox>
      <xmin>40.16981132075472</xmin>
      <ymin>153.84905660377353</ymin>
      <xmax>425.0754716981132</xmax>
      <ymax>453.84905660377353</ymax>
    </bndbox>
  </object>
  <object>
    <name>ge</name>
    <pose/>
    <truncated/>
    <difficult/>
    <bndbox>
      <xmin>598.6603773584906</xmin>
      <ymin>110.45283018867917</ymin>
      <xmax>951.4905660377358</xmax>
      <ymax>476.4905660377358</ymax>
    </bndbox>
  </object>
  <object>
    <name>te</name>
    <pose/>
    <truncated/>
    <difficult/>
    <bndbox>
      <xmin>1121.3018867924527</xmin>
      <ymin>118.0</ymin>
      <xmax>1462.811320754717</xmax>
      <ymax>468.9433962264151</ymax>
    </bndbox>
  </object>
  <object>
    <name>pe</name>
    <pose/>
    <truncated/>
    <difficult/>
    <bndbox>
      <xmin>1602.4339622641508</xmin>
      <ymin>136.86792452830184</ymin>
      <xmax>1938.2830188679245</xmax>
      <ymax>357.62264150943395</ymax>
    </bndbox>
  </object>
  <object>
    <name>ra</name>
    <pose/>
    <truncated/>
    <difficult/>
    <bndbox>
      <xmin>2117.528301886792</xmin>
      <ymin>148.18867924528297</ymin>
      <xmax>2394.88679245283</xmax>
      <ymax>436.86792452830184</ymax>
    </bndbox>
  </object>
  <object>
    <name>so</name>
    <pose/>
    <truncated/>
    <difficult/>
    <bndbox>
      <xmin>2583.566037735849</xmin>
      <ymin>182.15094339622635</ymin>
      <xmax>2908.094339622641</xmax>
      <ymax>470.8301886792452</ymax>
    </bndbox>
  </object>
</annotation>
