<annotation>
  <folder/>
  <filename>IMG_E1433.jpg</filename>
  <database/>
  <annotation/>
  <image/>
  <size>
    <height>2702</height>
    <width>2530</width>
    <depth>3</depth>
  </size>
  <segmented/>
  <object>
    <name>ga</name>
    <pose/>
    <truncated/>
    <difficult/>
    <bndbox>
      <xmin>148.0588235294117</xmin>
      <ymin>32.23529411764706</ymin>
      <xmax>850.9999999999998</xmax>
      <ymax>396.94117647058823</ymax>
    </bndbox>
  </object>
  <object>
    <name>ra</name>
    <pose/>
    <truncated/>
    <difficult/>
    <bndbox>
      <xmin>1030.411764705882</xmin>
      <ymin>52.8235294117647</ymin>
      <xmax>1618.6470588235293</xmax>
      <ymax>517.5294117647059</ymax>
    </bndbox>
  </object>
  <object>
    <name>ba</name>
    <pose/>
    <truncated/>
    <difficult/>
    <bndbox>
      <xmin>1818.6470588235293</xmin>
      <ymin>117.52941176470587</ymin>
      <xmax>2433.3529411764703</xmax>
      <ymax>576.3529411764705</ymax>
    </bndbox>
  </object>
  <object>
    <name>ma</name>
    <pose/>
    <truncated/>
    <difficult/>
    <bndbox>
      <xmin>45.11764705882342</xmin>
      <ymin>1423.4117647058822</ymin>
      <xmax>748.0588235294117</xmax>
      <ymax>1832.2352941176468</ymax>
    </bndbox>
  </object>
  <object>
    <name>na</name>
    <pose/>
    <truncated/>
    <difficult/>
    <bndbox>
      <xmin>1083.3529411764703</xmin>
      <ymin>1541.0588235294117</ymin>
      <xmax>1642.1764705882351</xmax>
      <ymax>2038.1176470588234</ymax>
    </bndbox>
  </object>
  <object>
    <name>a</name>
    <pose/>
    <truncated/>
    <difficult/>
    <bndbox>
      <xmin>1821.5882352941176</xmin>
      <ymin>1426.3529411764705</ymin>
      <xmax>2495.1176470588234</xmax>
      <ymax>1967.5294117647056</ymax>
    </bndbox>
  </object>
</annotation>
