<annotation>
  <folder/>
  <filename>IMG_20200504_201705.jpg</filename>
  <database/>
  <annotation/>
  <image/>
  <size>
    <height>576</height>
    <width>1008</width>
    <depth>3</depth>
  </size>
  <segmented/>
  <object>
    <name>na</name>
    <pose/>
    <truncated/>
    <difficult/>
    <bndbox>
      <xmin>5.442176870748299</xmin>
      <ymin>15.217687074829932</ymin>
      <xmax>172.10884353741497</xmax>
      <ymax>97.53061224489797</ymax>
    </bndbox>
  </object>
  <object>
    <name>to</name>
    <pose/>
    <truncated/>
    <difficult/>
    <bndbox>
      <xmin>310.8843537414966</xmin>
      <ymin>24.06122448979592</ymin>
      <xmax>419.04761904761904</xmax>
      <ymax>100.93197278911566</ymax>
    </bndbox>
  </object>
  <object>
    <name>lu</name>
    <pose/>
    <truncated/>
    <difficult/>
    <bndbox>
      <xmin>596.5986394557823</xmin>
      <ymin>39.707482993197274</ymin>
      <xmax>735.374149659864</xmax>
      <ymax>106.37414965986395</ymax>
    </bndbox>
  </object>
  <object>
    <name>i</name>
    <pose/>
    <truncated/>
    <difficult/>
    <bndbox>
      <xmin>7.482993197278912</xmin>
      <ymin>248.55102040816325</ymin>
      <xmax>130.6122448979592</xmax>
      <ymax>335.6258503401361</ymax>
    </bndbox>
  </object>
  <object>
    <name>do</name>
    <pose/>
    <truncated/>
    <difficult/>
    <bndbox>
      <xmin>255.78231292517006</xmin>
      <ymin>264.8775510204082</ymin>
      <xmax>404.76190476190476</xmax>
      <ymax>360.11564625850343</ymax>
    </bndbox>
  </object>
</annotation>
