<annotation>
  <folder/>
  <filename>IMG_E0673.jpg</filename>
  <database/>
  <annotation/>
  <image/>
  <size>
    <height>3002</height>
    <width>2294</width>
    <depth>3</depth>
  </size>
  <segmented/>
  <object>
    <name>nya</name>
    <pose/>
    <truncated/>
    <difficult/>
    <bndbox>
      <xmin>80.66666666666674</xmin>
      <ymin>56.33333333333334</ymin>
      <xmax>594.0</xmax>
      <ymax>526.3333333333334</ymax>
    </bndbox>
  </object>
  <object>
    <name>ma</name>
    <pose/>
    <truncated/>
    <difficult/>
    <bndbox>
      <xmin>700.666666666667</xmin>
      <ymin>133.0</ymin>
      <xmax>1354.0</xmax>
      <ymax>566.3333333333334</ymax>
    </bndbox>
  </object>
  <object>
    <name>ta</name>
    <pose/>
    <truncated/>
    <difficult/>
    <bndbox>
      <xmin>1597.3333333333335</xmin>
      <ymin>66.33333333333334</ymin>
      <xmax>2027.3333333333335</xmax>
      <ymax>623.0</ymax>
    </bndbox>
  </object>
  <object>
    <name>wa</name>
    <pose/>
    <truncated/>
    <difficult/>
    <bndbox>
      <xmin>150.66666666666674</xmin>
      <ymin>1676.3333333333335</ymin>
      <xmax>697.3333333333335</xmax>
      <ymax>2079.666666666667</ymax>
    </bndbox>
  </object>
  <object>
    <name>sa</name>
    <pose/>
    <truncated/>
    <difficult/>
    <bndbox>
      <xmin>984.0</xmin>
      <ymin>1663.0</ymin>
      <xmax>1467.3333333333335</xmax>
      <ymax>2099.666666666667</ymax>
    </bndbox>
  </object>
  <object>
    <name>ha</name>
    <pose/>
    <truncated/>
    <difficult/>
    <bndbox>
      <xmin>1664.0</xmin>
      <ymin>1663.0</ymin>
      <xmax>2124.0</xmax>
      <ymax>2183.0</ymax>
    </bndbox>
  </object>
</annotation>
