<annotation>
  <folder/>
  <filename>IMG_20200523_130731.jpg</filename>
  <database/>
  <annotation/>
  <image/>
  <size>
    <height>992</height>
    <width>1532</width>
    <depth>3</depth>
  </size>
  <segmented/>
  <object>
    <name>ha</name>
    <pose/>
    <truncated/>
    <difficult/>
    <bndbox>
      <xmin>16.698924731182785</xmin>
      <ymin>6.451612903225806</ymin>
      <xmax>211.32258064516128</xmax>
      <ymax>164.51612903225805</ymax>
    </bndbox>
  </object>
  <object>
    <name>na</name>
    <pose/>
    <truncated/>
    <difficult/>
    <bndbox>
      <xmin>645.7311827956989</xmin>
      <ymin>36.55913978494623</ymin>
      <xmax>881.2150537634408</xmax>
      <ymax>187.09677419354838</ymax>
    </bndbox>
  </object>
  <object>
    <name>ra</name>
    <pose/>
    <truncated/>
    <difficult/>
    <bndbox>
      <xmin>1215.6236559139784</xmin>
      <ymin>49.46236559139785</ymin>
      <xmax>1428.52688172043</xmax>
      <ymax>239.78494623655914</ymax>
    </bndbox>
  </object>
  <object>
    <name>ba</name>
    <pose/>
    <truncated/>
    <difficult/>
    <bndbox>
      <xmin>40.35483870967741</xmin>
      <ymin>472.04301075268813</ymin>
      <xmax>250.0322580645161</xmax>
      <ymax>647.3118279569892</ymax>
    </bndbox>
  </object>
  <object>
    <name>ja</name>
    <pose/>
    <truncated/>
    <difficult/>
    <bndbox>
      <xmin>688.741935483871</xmin>
      <ymin>546.236559139785</ymin>
      <xmax>929.6021505376343</xmax>
      <ymax>712.9032258064516</ymax>
    </bndbox>
  </object>
  <object>
    <name>pa</name>
    <pose/>
    <truncated/>
    <difficult/>
    <bndbox>
      <xmin>1265.0860215053763</xmin>
      <ymin>565.5913978494623</ymin>
      <xmax>1496.268817204301</xmax>
      <ymax>764.516129032258</ymax>
    </bndbox>
  </object>
</annotation>
