<annotation>
  <folder/>
  <filename>IMG_E1546.jpg</filename>
  <database/>
  <annotation/>
  <image/>
  <size>
    <height>3591</height>
    <width>1702</width>
    <depth>3</depth>
  </size>
  <segmented/>
  <object>
    <name>ta</name>
    <pose/>
    <truncated/>
    <difficult/>
    <bndbox>
      <xmin>47.0</xmin>
      <ymin>82.0</ymin>
      <xmax>547.0</xmax>
      <ymax>630.0</ymax>
    </bndbox>
  </object>
  <object>
    <name>ma</name>
    <pose/>
    <truncated/>
    <difficult/>
    <bndbox>
      <xmin>779.0</xmin>
      <ymin>190.0</ymin>
      <xmax>1535.0</xmax>
      <ymax>626.0</ymax>
    </bndbox>
  </object>
  <object>
    <name>na</name>
    <pose/>
    <truncated/>
    <difficult/>
    <bndbox>
      <xmin>319.0</xmin>
      <ymin>1390.0</ymin>
      <xmax>843.0</xmax>
      <ymax>1806.0</ymax>
    </bndbox>
  </object>
  <object>
    <name>a</name>
    <pose/>
    <truncated/>
    <difficult/>
    <bndbox>
      <xmin>1019.0</xmin>
      <ymin>1466.0</ymin>
      <xmax>1647.0</xmax>
      <ymax>1866.0</ymax>
    </bndbox>
  </object>
  <object>
    <name>ga</name>
    <pose/>
    <truncated/>
    <difficult/>
    <bndbox>
      <xmin>499.0</xmin>
      <ymin>2554.0</ymin>
      <xmax>951.0</xmax>
      <ymax>2938.0</ymax>
    </bndbox>
  </object>
  <object>
    <name>ba</name>
    <pose/>
    <truncated/>
    <difficult/>
    <bndbox>
      <xmin>1083.0</xmin>
      <ymin>2550.0</ymin>
      <xmax>1687.0</xmax>
      <ymax>3102.0</ymax>
    </bndbox>
  </object>
</annotation>
