<annotation>
  <folder/>
  <filename>IMG_E8789.jpg</filename>
  <database/>
  <annotation/>
  <image/>
  <size>
    <height>2190</height>
    <width>2088</width>
    <depth>3</depth>
  </size>
  <segmented/>
  <object>
    <name>ho</name>
    <pose/>
    <truncated/>
    <difficult/>
    <bndbox>
      <xmin>62.142857142857224</xmin>
      <ymin>7.80952380952381</ymin>
      <xmax>543.0952380952381</xmax>
      <ymax>488.76190476190476</ymax>
    </bndbox>
  </object>
  <object>
    <name>sa</name>
    <pose/>
    <truncated/>
    <difficult/>
    <bndbox>
      <xmin>626.4285714285716</xmin>
      <ymin>45.904761904761905</ymin>
      <xmax>1014.5238095238096</xmax>
      <ymax>488.76190476190476</ymax>
    </bndbox>
  </object>
  <object>
    <name>ga</name>
    <pose/>
    <truncated/>
    <difficult/>
    <bndbox>
      <xmin>1057.3809523809525</xmin>
      <ymin>95.90476190476191</ymin>
      <xmax>1533.5714285714284</xmax>
      <ymax>405.42857142857144</ymax>
    </bndbox>
  </object>
  <object>
    <name>si</name>
    <pose/>
    <truncated/>
    <difficult/>
    <bndbox>
      <xmin>1685.9523809523812</xmin>
      <ymin>72.0952380952381</ymin>
      <xmax>2028.8095238095239</xmax>
      <ymax>424.4761904761905</ymax>
    </bndbox>
  </object>
  <object>
    <name>ti</name>
    <pose/>
    <truncated/>
    <difficult/>
    <bndbox>
      <xmin>107.38095238095241</xmin>
      <ymin>1210.1904761904761</ymin>
      <xmax>547.8571428571429</xmax>
      <ymax>1603.047619047619</ymax>
    </bndbox>
  </object>
  <object>
    <name>wa</name>
    <pose/>
    <truncated/>
    <difficult/>
    <bndbox>
      <xmin>800.2380952380954</xmin>
      <ymin>1269.7142857142858</ymin>
      <xmax>1231.1904761904761</xmax>
      <ymax>1645.904761904762</ymax>
    </bndbox>
  </object>
</annotation>
