<annotation>
  <folder/>
  <filename>IMG_E1754.jpg</filename>
  <database/>
  <annotation/>
  <image/>
  <size>
    <height>2857</height>
    <width>2474</width>
    <depth>3</depth>
  </size>
  <segmented/>
  <object>
    <name>ga</name>
    <pose/>
    <truncated/>
    <difficult/>
    <bndbox>
      <xmin>121.75</xmin>
      <ymin>146.375</ymin>
      <xmax>718.625</xmax>
      <ymax>487.0</ymax>
    </bndbox>
  </object>
  <object>
    <name>ha</name>
    <pose/>
    <truncated/>
    <difficult/>
    <bndbox>
      <xmin>871.75</xmin>
      <ymin>112.0</ymin>
      <xmax>1403.0</xmax>
      <ymax>487.0</ymax>
    </bndbox>
  </object>
  <object>
    <name>ta</name>
    <pose/>
    <truncated/>
    <difficult/>
    <bndbox>
      <xmin>1656.125</xmin>
      <ymin>174.5</ymin>
      <xmax>2153.0</xmax>
      <ymax>590.125</ymax>
    </bndbox>
  </object>
  <object>
    <name>ma</name>
    <pose/>
    <truncated/>
    <difficult/>
    <bndbox>
      <xmin>162.375</xmin>
      <ymin>1527.625</ymin>
      <xmax>971.75</xmax>
      <ymax>1887.0</ymax>
    </bndbox>
  </object>
  <object>
    <name>ra</name>
    <pose/>
    <truncated/>
    <difficult/>
    <bndbox>
      <xmin>1118.625</xmin>
      <ymin>1490.125</ymin>
      <xmax>1693.625</xmax>
      <ymax>1871.375</ymax>
    </bndbox>
  </object>
  <object>
    <name>sa</name>
    <pose/>
    <truncated/>
    <difficult/>
    <bndbox>
      <xmin>1840.5</xmin>
      <ymin>1490.125</ymin>
      <xmax>2365.5</xmax>
      <ymax>1896.375</ymax>
    </bndbox>
  </object>
</annotation>
