<annotation>
  <folder/>
  <filename>IMG_E1380.jpg</filename>
  <database/>
  <annotation/>
  <image/>
  <size>
    <height>2489</height>
    <width>2670</width>
    <depth>3</depth>
  </size>
  <segmented/>
  <object>
    <name>a</name>
    <pose/>
    <truncated/>
    <difficult/>
    <bndbox>
      <xmin>47.29729729729729</xmin>
      <ymin>57.45945945945946</ymin>
      <xmax>487.8378378378379</xmax>
      <ymax>406.1081081081081</ymax>
    </bndbox>
  </object>
  <object>
    <name>ha</name>
    <pose/>
    <truncated/>
    <difficult/>
    <bndbox>
      <xmin>714.8648648648648</xmin>
      <ymin>70.97297297297297</ymin>
      <xmax>1214.8648648648648</xmax>
      <ymax>433.13513513513516</ymax>
    </bndbox>
  </object>
  <object>
    <name>da</name>
    <pose/>
    <truncated/>
    <difficult/>
    <bndbox>
      <xmin>1377.027027027027</xmin>
      <ymin>95.2972972972973</ymin>
      <xmax>1763.5135135135133</xmax>
      <ymax>425.02702702702703</ymax>
    </bndbox>
  </object>
  <object>
    <name>ba</name>
    <pose/>
    <truncated/>
    <difficult/>
    <bndbox>
      <xmin>1855.4054054054054</xmin>
      <ymin>119.62162162162163</ymin>
      <xmax>2301.3513513513512</xmax>
      <ymax>468.27027027027026</ymax>
    </bndbox>
  </object>
  <object>
    <name>ya</name>
    <pose/>
    <truncated/>
    <difficult/>
    <bndbox>
      <xmin>71.62162162162167</xmin>
      <ymin>1365.5675675675675</ymin>
      <xmax>571.6216216216217</xmax>
      <ymax>1765.5675675675675</ymax>
    </bndbox>
  </object>
  <object>
    <name>na</name>
    <pose/>
    <truncated/>
    <difficult/>
    <bndbox>
      <xmin>801.3513513513515</xmin>
      <ymin>1427.7297297297298</ymin>
      <xmax>1279.7297297297298</xmax>
      <ymax>1841.2432432432433</ymax>
    </bndbox>
  </object>
  <object>
    <name>ma</name>
    <pose/>
    <truncated/>
    <difficult/>
    <bndbox>
      <xmin>1522.972972972973</xmin>
      <ymin>1416.918918918919</ymin>
      <xmax>2033.7837837837837</xmax>
      <ymax>1822.3243243243244</ymax>
    </bndbox>
  </object>
  <object>
    <name>ra</name>
    <pose/>
    <truncated/>
    <difficult/>
    <bndbox>
      <xmin>2160.810810810811</xmin>
      <ymin>1333.1351351351352</ymin>
      <xmax>2650.0</xmax>
      <ymax>1725.027027027027</ymax>
    </bndbox>
  </object>
</annotation>
