<annotation>
  <folder/>
  <filename>IMG_E1343.jpg</filename>
  <database/>
  <annotation/>
  <image/>
  <size>
    <height>2845</height>
    <width>2875</width>
    <depth>3</depth>
  </size>
  <segmented/>
  <object>
    <name>a</name>
    <pose/>
    <truncated/>
    <difficult/>
    <bndbox>
      <xmin>122.625</xmin>
      <ymin>56.0</ymin>
      <xmax>682.0</xmax>
      <ymax>449.75</ymax>
    </bndbox>
  </object>
  <object>
    <name>pa</name>
    <pose/>
    <truncated/>
    <difficult/>
    <bndbox>
      <xmin>763.25</xmin>
      <ymin>84.125</ymin>
      <xmax>1157.0</xmax>
      <ymax>409.125</ymax>
    </bndbox>
  </object>
  <object>
    <name>ba</name>
    <pose/>
    <truncated/>
    <difficult/>
    <bndbox>
      <xmin>1294.5</xmin>
      <ymin>81.0</ymin>
      <xmax>1869.5</xmax>
      <ymax>493.5</ymax>
    </bndbox>
  </object>
  <object>
    <name>na</name>
    <pose/>
    <truncated/>
    <difficult/>
    <bndbox>
      <xmin>1997.625</xmin>
      <ymin>131.0</ymin>
      <xmax>2525.75</xmax>
      <ymax>518.5</ymax>
    </bndbox>
  </object>
  <object>
    <name>ha</name>
    <pose/>
    <truncated/>
    <difficult/>
    <bndbox>
      <xmin>75.75</xmin>
      <ymin>1131.0</ymin>
      <xmax>550.75</xmax>
      <ymax>1709.125</ymax>
    </bndbox>
  </object>
  <object>
    <name>nya</name>
    <pose/>
    <truncated/>
    <difficult/>
    <bndbox>
      <xmin>772.625</xmin>
      <ymin>1171.625</ymin>
      <xmax>1385.125</xmax>
      <ymax>1802.875</ymax>
    </bndbox>
  </object>
  <object>
    <name>ra</name>
    <pose/>
    <truncated/>
    <difficult/>
    <bndbox>
      <xmin>1510.125</xmin>
      <ymin>1343.5</ymin>
      <xmax>2072.625</xmax>
      <ymax>1774.75</ymax>
    </bndbox>
  </object>
  <object>
    <name>ta</name>
    <pose/>
    <truncated/>
    <difficult/>
    <bndbox>
      <xmin>2178.875</xmin>
      <ymin>1327.875</ymin>
      <xmax>2791.375</xmax>
      <ymax>1902.875</ymax>
    </bndbox>
  </object>
</annotation>
