<annotation>
  <folder/>
  <filename>IMG_20200522_172154.jpg</filename>
  <database/>
  <annotation/>
  <image/>
  <size>
    <height>1731</height>
    <width>2324</width>
    <depth>3</depth>
  </size>
  <segmented/>
  <object>
    <name>nya</name>
    <pose/>
    <truncated/>
    <difficult/>
    <bndbox>
      <xmin>31.830188679245282</xmin>
      <ymin>28.962264150943398</ymin>
      <xmax>329.9433962264151</xmax>
      <ymax>236.50943396226413</ymax>
    </bndbox>
  </object>
  <object>
    <name>da</name>
    <pose/>
    <truncated/>
    <difficult/>
    <bndbox>
      <xmin>926.1698113207547</xmin>
      <ymin>36.50943396226415</ymin>
      <xmax>1141.264150943396</xmax>
      <ymax>219.52830188679243</ymax>
    </bndbox>
  </object>
  <object>
    <name>ta</name>
    <pose/>
    <truncated/>
    <difficult/>
    <bndbox>
      <xmin>1807.301886792453</xmin>
      <ymin>49.71698113207547</ymin>
      <xmax>2024.2830188679245</xmax>
      <ymax>217.64150943396226</ymax>
    </bndbox>
  </object>
  <object>
    <name>wa</name>
    <pose/>
    <truncated/>
    <difficult/>
    <bndbox>
      <xmin>43.15094339622641</xmin>
      <ymin>859.1509433962264</ymin>
      <xmax>346.92452830188677</xmax>
      <ymax>1045.943396226415</ymax>
    </bndbox>
  </object>
  <object>
    <name>na</name>
    <pose/>
    <truncated/>
    <difficult/>
    <bndbox>
      <xmin>971.4528301886792</xmin>
      <ymin>857.2641509433962</ymin>
      <xmax>1309.1886792452829</xmax>
      <ymax>1093.1132075471698</ymax>
    </bndbox>
  </object>
  <object>
    <name>a</name>
    <pose/>
    <truncated/>
    <difficult/>
    <bndbox>
      <xmin>1818.6226415094338</xmin>
      <ymin>919.5283018867924</ymin>
      <xmax>2139.3773584905657</xmax>
      <ymax>1106.3207547169811</ymax>
    </bndbox>
  </object>
</annotation>
