<annotation>
  <folder/>
  <filename>IMG_E1224.jpg</filename>
  <database/>
  <annotation/>
  <image/>
  <size>
    <height>2951</height>
    <width>2576</width>
    <depth>3</depth>
  </size>
  <segmented/>
  <object>
    <name>pa</name>
    <pose/>
    <truncated/>
    <difficult/>
    <bndbox>
      <xmin>53.0</xmin>
      <ymin>80.54838709677419</ymin>
      <xmax>746.5483870967741</xmax>
      <ymax>641.8387096774194</ymax>
    </bndbox>
  </object>
  <object>
    <name>ta</name>
    <pose/>
    <truncated/>
    <difficult/>
    <bndbox>
      <xmin>862.6774193548385</xmin>
      <ymin>132.16129032258064</ymin>
      <xmax>1527.1935483870966</xmax>
      <ymax>687.0</ymax>
    </bndbox>
  </object>
  <object>
    <name>na</name>
    <pose/>
    <truncated/>
    <difficult/>
    <bndbox>
      <xmin>1656.2258064516127</xmin>
      <ymin>196.67741935483872</ymin>
      <xmax>2359.451612903226</xmax>
      <ymax>670.8709677419355</ymax>
    </bndbox>
  </object>
  <object>
    <name>ba</name>
    <pose/>
    <truncated/>
    <difficult/>
    <bndbox>
      <xmin>156.22580645161293</xmin>
      <ymin>1522.483870967742</ymin>
      <xmax>820.7419354838712</xmax>
      <ymax>1928.9354838709678</ymax>
    </bndbox>
  </object>
  <object>
    <name>sa</name>
    <pose/>
    <truncated/>
    <difficult/>
    <bndbox>
      <xmin>975.5806451612902</xmin>
      <ymin>1493.4516129032259</ymin>
      <xmax>1707.8387096774195</xmax>
      <ymax>2145.064516129032</ymax>
    </bndbox>
  </object>
  <object>
    <name>ma</name>
    <pose/>
    <truncated/>
    <difficult/>
    <bndbox>
      <xmin>1807.8387096774195</xmin>
      <ymin>1603.1290322580646</ymin>
      <xmax>2533.6451612903224</xmax>
      <ymax>2119.2580645161293</ymax>
    </bndbox>
  </object>
</annotation>
