<annotation>
  <folder/>
  <filename>IMG_20200522_162958.jpg</filename>
  <database/>
  <annotation/>
  <image/>
  <size>
    <height>1992</height>
    <width>2876</width>
    <depth>3</depth>
  </size>
  <segmented/>
  <object>
    <name>ba</name>
    <pose/>
    <truncated/>
    <difficult/>
    <bndbox>
      <xmin>160.43478260869563</xmin>
      <ymin>127.78260869565216</ymin>
      <xmax>625.6521739130434</xmax>
      <ymax>427.78260869565213</ymax>
    </bndbox>
  </object>
  <object>
    <name>ja</name>
    <pose/>
    <truncated/>
    <difficult/>
    <bndbox>
      <xmin>1434.3478260869565</xmin>
      <ymin>238.65217391304347</ymin>
      <xmax>1625.6521739130435</xmax>
      <ymax>477.78260869565213</ymax>
    </bndbox>
  </object>
  <object>
    <name>na</name>
    <pose/>
    <truncated/>
    <difficult/>
    <bndbox>
      <xmin>2312.608695652174</xmin>
      <ymin>369.0869565217391</ymin>
      <xmax>2584.3478260869565</xmax>
      <ymax>629.9565217391304</ymax>
    </bndbox>
  </object>
  <object>
    <name>ra</name>
    <pose/>
    <truncated/>
    <difficult/>
    <bndbox>
      <xmin>193.04347826086956</xmin>
      <ymin>1156.0434782608695</ymin>
      <xmax>501.7391304347826</xmax>
      <ymax>1373.4347826086955</ymax>
    </bndbox>
  </object>
  <object>
    <name>pa</name>
    <pose/>
    <truncated/>
    <difficult/>
    <bndbox>
      <xmin>1362.6086956521738</xmin>
      <ymin>1266.9130434782608</ymin>
      <xmax>1577.8260869565217</xmax>
      <ymax>1423.4347826086955</ymax>
    </bndbox>
  </object>
  <object>
    <name>la</name>
    <pose/>
    <truncated/>
    <difficult/>
    <bndbox>
      <xmin>2323.478260869565</xmin>
      <ymin>1345.1739130434783</ymin>
      <xmax>2590.869565217391</xmax>
      <ymax>1556.0434782608695</ymax>
    </bndbox>
  </object>
</annotation>
