<annotation>
  <folder/>
  <filename>IMG_E1581.jpg</filename>
  <database/>
  <annotation/>
  <image/>
  <size>
    <height>3002</height>
    <width>2589</width>
    <depth>3</depth>
  </size>
  <segmented/>
  <object>
    <name>ga</name>
    <pose/>
    <truncated/>
    <difficult/>
    <bndbox>
      <xmin>102.0</xmin>
      <ymin>113.0</ymin>
      <xmax>665.3333333333335</xmax>
      <ymax>503.0</ymax>
    </bndbox>
  </object>
  <object>
    <name>ra</name>
    <pose/>
    <truncated/>
    <difficult/>
    <bndbox>
      <xmin>908.666666666667</xmin>
      <ymin>106.33333333333334</ymin>
      <xmax>1508.666666666667</xmax>
      <ymax>629.6666666666667</ymax>
    </bndbox>
  </object>
  <object>
    <name>sa</name>
    <pose/>
    <truncated/>
    <difficult/>
    <bndbox>
      <xmin>1782.0</xmin>
      <ymin>76.33333333333334</ymin>
      <xmax>2262.0</xmax>
      <ymax>706.3333333333334</ymax>
    </bndbox>
  </object>
  <object>
    <name>nga</name>
    <pose/>
    <truncated/>
    <difficult/>
    <bndbox>
      <xmin>278.66666666666674</xmin>
      <ymin>1596.3333333333335</ymin>
      <xmax>755.3333333333335</xmax>
      <ymax>2069.666666666667</ymax>
    </bndbox>
  </object>
  <object>
    <name>pa</name>
    <pose/>
    <truncated/>
    <difficult/>
    <bndbox>
      <xmin>1098.666666666667</xmin>
      <ymin>1709.6666666666667</ymin>
      <xmax>1592.0</xmax>
      <ymax>1916.3333333333335</ymax>
    </bndbox>
  </object>
  <object>
    <name>ja</name>
    <pose/>
    <truncated/>
    <difficult/>
    <bndbox>
      <xmin>1952.0</xmin>
      <ymin>1533.0</ymin>
      <xmax>2588</xmax>
      <ymax>2024</ymax>
    </bndbox>
  </object>
</annotation>
