<annotation>
  <folder/>
  <filename>IMG_E1543.jpg</filename>
  <database/>
  <annotation/>
  <image/>
  <size>
    <height>3157</height>
    <width>2564</width>
    <depth>3</depth>
  </size>
  <segmented/>
  <object>
    <name>ja</name>
    <pose/>
    <truncated/>
    <difficult/>
    <bndbox>
      <xmin>134.51724137931046</xmin>
      <ymin>46.62068965517242</ymin>
      <xmax>937.9655172413795</xmax>
      <ymax>601.7931034482759</ymax>
    </bndbox>
  </object>
  <object>
    <name>na</name>
    <pose/>
    <truncated/>
    <difficult/>
    <bndbox>
      <xmin>1051.7586206896553</xmin>
      <ymin>177.6551724137931</ymin>
      <xmax>1606.9310344827586</xmax>
      <ymax>605.2413793103449</ymax>
    </bndbox>
  </object>
  <object>
    <name>ha</name>
    <pose/>
    <truncated/>
    <difficult/>
    <bndbox>
      <xmin>1755.2068965517242</xmin>
      <ymin>91.44827586206897</ymin>
      <xmax>2348.3103448275865</xmax>
      <ymax>725.9310344827587</ymax>
    </bndbox>
  </object>
  <object>
    <name>nga</name>
    <pose/>
    <truncated/>
    <difficult/>
    <bndbox>
      <xmin>344.86206896551744</xmin>
      <ymin>1681.103448275862</ymin>
      <xmax>834.5172413793107</xmax>
      <ymax>2167.3103448275865</ymax>
    </bndbox>
  </object>
  <object>
    <name>ma</name>
    <pose/>
    <truncated/>
    <difficult/>
    <bndbox>
      <xmin>1055.2068965517242</xmin>
      <ymin>1660.4137931034484</ymin>
      <xmax>1810.379310344828</xmax>
      <ymax>2219.034482758621</ymax>
    </bndbox>
  </object>
  <object>
    <name>nya</name>
    <pose/>
    <truncated/>
    <difficult/>
    <bndbox>
      <xmin>2003.4827586206898</xmin>
      <ymin>1712.1379310344828</ymin>
      <xmax>2496.586206896552</xmax>
      <ymax>2246.6206896551726</ymax>
    </bndbox>
  </object>
</annotation>
